Pipeline,FromActivity,FromSequence,FromParent,ToActivity,ToSequence,ToParent,Conditions,SequenceFlow,SameContainer,FromExecutionStage,ToExecutionStage
PL_SendEmail_MultipleAttachments,GetSecrete,2,,Send_Email,1,,Succeeded,2→1,Yes,0,1
Send_Email_No_Attachments,GetSecrete,2,,Send_Email,1,,Succeeded,2→1,Yes,0,1
pl_NHSC_V_MaterialGroupDescriptions,Set Delimiter,4,,CD_V_MaterialGroupDescriptions,1,,Succeeded,4→1,Yes,0,1
pl_NHSC_V_MaterialGroupDescriptions,Set EscapeCharacter,5,,CD_V_MaterialGroupDescriptions,1,,Succeeded,5→1,Yes,0,1
pl_NHSC_V_MaterialGroupDescriptions,CD_V_MaterialGroupDescriptions,1,,CD_V_MaterialGroupDescriptions_Synapse,2,,Succeeded,1→2,Yes,1,2
pl_NHSC_V_MaterialGroupDescriptions,CD_V_MaterialGroupDescriptions,1,,CD_V_MaterialGroupDescriptions_Archive,3,,Succeeded,1→3,Yes,1,2
pl_NHSC_V_MaterialDescriptions,Set Delimiter,4,,CD_V_MaterialDescriptions,1,,Succeeded,4→1,Yes,0,1
pl_NHSC_V_MaterialDescriptions,Set EscapeCharacter,5,,CD_V_MaterialDescriptions,1,,Succeeded,5→1,Yes,0,1
pl_NHSC_V_MaterialDescriptions,CD_V_MaterialDescriptions,1,,CD_V_MaterialDescriptions_Synapse,2,,Succeeded,1→2,Yes,1,2
pl_NHSC_V_MaterialDescriptions,CD_V_MaterialDescriptions,1,,CD_V_MaterialDescriptions_Archive,3,,Succeeded,1→3,Yes,1,2
Delta_ADLS_to_Datawarehouse_copy1,Rertrieve Entities from Control Table,1,,Filter Records Specific to Data WaredHouse Load,2,,Succeeded,1→2,Yes,0,1
Delta_ADLS_to_Datawarehouse_copy1,Filter Records Specific to Data WaredHouse Load,2,,Load All the entities mentioned in Control Table to DW,3,,Succeeded,2→3,Yes,1,2
ADLS_TO_DATAWAREHOUSE_copy1,Filter Records Specific to Data WaredHouse Load,4,,Load All the entities mentioned in Control Table to DW,2,,Succeeded,4→2,Yes,1,2
ADLS_TO_DATAWAREHOUSE_copy1,Rertrieve Entities from Control Table,1,,Filter Records Specific to Data WaredHouse Load,4,,Succeeded,1→4,Yes,0,1
pl_NHSC_V_KONP,CD_V_KONP,1,,CD_V_KONP_Synapse,2,,Succeeded,1→2,Yes,0,1
Delta_ADLS_to_Datawarehouse,Rertrieve Entities from Control Table,1,,Filter Records Specific to Data WaredHouse Load,2,,Succeeded,1→2,Yes,0,1
Delta_ADLS_to_Datawarehouse,Filter Records Specific to Data WaredHouse Load,2,,Load All the entities mentioned in Control Table to DW,3,,Succeeded,2→3,Yes,1,2
PL_EDW_SF_0PLANT,Copy From SF to Public Blob,1,,Copy From Public Blob to ADLS,2,,Succeeded,1→2,Yes,0,1
PL_EDW_SF_0PLANT,Copy From Public Blob to ADLS,2,,Copy from ADLS to Synapse,3,,Succeeded,2→3,Yes,1,2
pl_NHSC_V_PlantDataForMaterial,Set Delimiter,4,,CD_V_PlantDataForMaterial,1,,Succeeded,4→1,Yes,0,1
pl_NHSC_V_PlantDataForMaterial,Set EscapeCharacter,5,,CD_V_PlantDataForMaterial,1,,Succeeded,5→1,Yes,0,1
pl_NHSC_V_PlantDataForMaterial,CD_V_PlantDataForMaterial,1,,CD_V_PlantDataForMaterial_Synapse,2,,Succeeded,1→2,Yes,1,2
pl_NHSC_V_PlantDataForMaterial,CD_V_PlantDataForMaterial,1,,CD_V_PlantDataForMaterial_Archive,3,,Succeeded,1→3,Yes,1,2
PL_PCard_ColleagueData,GetClientSecret,17,,GetAuthToken,1,,Succeeded,17→1,Yes,0,1
PL_PCard_ColleagueData,LookupFilesToCopy,5,,ForEachFile,6,,Succeeded,5→6,Yes,0,2
PL_PCard_ColleagueData,Month,4,,ForEachFile,6,,Succeeded,4→6,Yes,0,2
PL_PCard_ColleagueData,Year,3,,ForEachFile,6,,Succeeded,3→6,Yes,0,2
PL_PCard_ColleagueData,Time,2,,ForEachFile,6,,Succeeded,2→6,Yes,0,2
PL_PCard_ColleagueData,GetAuthToken,1,,ForEachFile,6,,Succeeded,1→6,Yes,1,2
PL_PCard_ColleagueData,Web_GetFileLUD,7,ForEachFile,Set LUD,8,ForEachFile,Succeeded,7→8,Yes,0,1
PL_PCard_ColleagueData,Lookup_Old_LUD,10,ForEachFile,Set OLD_LUD,9,ForEachFile,Succeeded,10→9,Yes,0,1
PL_PCard_ColleagueData,Set LUD,8,ForEachFile,If File Updated,11,ForEachFile,Succeeded,8→11,Yes,1,2
PL_PCard_ColleagueData,Set OLD_LUD,9,ForEachFile,If File Updated,11,ForEachFile,Succeeded,9→11,Yes,1,2
PL_PCard_ColleagueData,CD_Files,12,If File Updated→TRUE,CD_Archive,13,If File Updated→TRUE,Succeeded,12→13,Yes,0,1
PL_PCard_ColleagueData,CD_Archive,13,If File Updated→TRUE,CD_Update_WaterMark,14,If File Updated→TRUE,Succeeded,13→14,Yes,1,2
PL_PCard_ColleagueData,CD_Files,12,If File Updated→TRUE,df_PCard,15,If File Updated→TRUE,Succeeded,12→15,Yes,0,1
PL_PCard_ColleagueData,df_PCard,15,If File Updated→TRUE,CD_PCard_Synapse,16,If File Updated→TRUE,Succeeded,15→16,Yes,1,2
PL_EDW_SF_0PLANT_MAT_copy,Copy From SF to Public Blob,1,,Copy from ADLS to Synapse,2,,Succeeded,1→2,Yes,0,1
PL_DEV2PROD_COPY,Lookup1,5,,ForEach1,1,,Succeeded,5→1,Yes,0,1
PL_DEV2PROD_COPY,Copy data from Synapse-Dev,2,ForEach1,Copy data to Synapse-Prod,3,ForEach1,Succeeded,2→3,Yes,0,1
PL_DEV2PROD_COPY,Copy data to Synapse-Prod,3,ForEach1,Delete copy_files,4,ForEach1,Succeeded,3→4,Yes,1,2
pl_NHSC_GeneralDatainCustomerMaster,CD_V_GeneralDatainCustomerMaster,1,,CD_V_GeneralDatainCustomerMaster_Synapse,2,,Succeeded,1→2,Yes,0,1
pl_NHSC_GeneralDatainCustomerMaster,CD_V_GeneralDatainCustomerMaster,1,,CD_V_GeneralDatainCustomerMaster_Archive,3,,Succeeded,1→3,Yes,0,1
ADLS_TO_DATAWAREHOUSE,Filter Records Specific to Data WaredHouse Load,4,,Load All the entities mentioned in Control Table to DW,2,,Succeeded,4→2,Yes,1,2
ADLS_TO_DATAWAREHOUSE,Rertrieve Entities from Control Table,1,,Filter Records Specific to Data WaredHouse Load,4,,Succeeded,1→4,Yes,0,1
PL_ColleagueDataSample,GetClientSecret,15,,GetAuthToken,1,,Succeeded,15→1,Yes,0,1
PL_ColleagueDataSample,LookupFilesToCopy,5,,ForEachFile,6,,Succeeded,5→6,Yes,0,2
PL_ColleagueDataSample,Month,4,,ForEachFile,6,,Succeeded,4→6,Yes,0,2
PL_ColleagueDataSample,Year,3,,ForEachFile,6,,Succeeded,3→6,Yes,0,2
PL_ColleagueDataSample,Time,2,,ForEachFile,6,,Succeeded,2→6,Yes,0,2
PL_ColleagueDataSample,GetAuthToken,1,,ForEachFile,6,,Succeeded,1→6,Yes,1,2
PL_ColleagueDataSample,Web_GetFileLUD,7,ForEachFile,Set LUD,8,ForEachFile,Succeeded,7→8,Yes,0,1
PL_ColleagueDataSample,Lookup_Old_LUD,10,ForEachFile,Set OLD_LUD,9,ForEachFile,Succeeded,10→9,Yes,0,1
PL_ColleagueDataSample,Set LUD,8,ForEachFile,If File Updated,11,ForEachFile,Succeeded,8→11,Yes,1,2
PL_ColleagueDataSample,Set OLD_LUD,9,ForEachFile,If File Updated,11,ForEachFile,Succeeded,9→11,Yes,1,2
PL_ColleagueDataSample,CD_Files,12,If File Updated→TRUE,CD_Archive,13,If File Updated→TRUE,Succeeded,12→13,Yes,0,1
PL_ColleagueDataSample,CD_Archive,13,If File Updated→TRUE,CD_Update_WaterMark,14,If File Updated→TRUE,Succeeded,13→14,Yes,1,2
pl_NHSC_V_A004,CD_V_A004,1,,CD_V_A004_Synapse,2,,Succeeded,1→2,Yes,0,1
PL_GET_Nestle_Item_Mapping,Time,18,,ForEachFile,2,,Succeeded,18→2,Yes,0,2
PL_GET_Nestle_Item_Mapping,Year,20,,ForEachFile,2,,Succeeded,20→2,Yes,0,2
PL_GET_Nestle_Item_Mapping,Month,19,,ForEachFile,2,,Succeeded,19→2,Yes,0,2
PL_GET_Nestle_Item_Mapping,LookupFilesToCopy,1,,ForEachFile,2,,Succeeded,1→2,Yes,0,2
PL_GET_Nestle_Item_Mapping,GetAuthToken,22,,ForEachFile,2,,Succeeded,22→2,Yes,1,2
PL_GET_Nestle_Item_Mapping,Web_GetFileLUD,17,ForEachFile,Set LUD,3,ForEachFile,Succeeded,17→3,Yes,0,1
PL_GET_Nestle_Item_Mapping,Set LUD,3,ForEachFile,If File has been Updated,5,ForEachFile,Succeeded,3→5,Yes,1,2
PL_GET_Nestle_Item_Mapping,Set OLD LUD,11,ForEachFile,If File has been Updated,5,ForEachFile,Succeeded,11→5,Yes,1,2
PL_GET_Nestle_Item_Mapping,ControlUpdate0,14,ForEachFile,If File has been Updated,5,ForEachFile,Succeeded,14→5,Yes,0,2
PL_GET_Nestle_Item_Mapping,CD_Files,6,If File has been Updated→TRUE,CD_Archive_Files,7,If File has been Updated→TRUE,Succeeded,6→7,Yes,0,1
PL_GET_Nestle_Item_Mapping,CD_Archive_Files,7,If File has been Updated→TRUE,CD_Update_WaterMark,8,If File has been Updated→TRUE,Succeeded,7→8,Yes,1,2
PL_GET_Nestle_Item_Mapping,Lookup_Old_LUD,4,ForEachFile,Set OLD LUD,11,ForEachFile,Succeeded,4→11,Yes,0,1
PL_GET_Nestle_Item_Mapping,If File has been Updated,5,ForEachFile,If Update Brand,12,ForEachFile,Succeeded,5→12,Yes,2,3
PL_GET_Nestle_Item_Mapping,If File has been Updated,5,ForEachFile,If Orgain Mapping,15,ForEachFile,Succeeded,5→15,Yes,2,3
PL_GET_Nestle_Item_Mapping,GetClientSecret,21,,GetAuthToken,22,,Succeeded,21→22,Yes,0,1
pl_NHSC_CustomerMasterSalesData,CD_V_CustomerMasterSalesData,1,,CD_V_PlantDataForMateria_Synapse,2,,Succeeded,1→2,Yes,0,1
pl_NHSC_CustomerMasterSalesData,CD_V_CustomerMasterSalesData,1,,CD_V_PlantDataForMateria_Archive,3,,Succeeded,1→3,Yes,0,1
pl_NHSC_V_GeneralMaterialData,Set Delimiter,4,,CD_GeneralMaterialData,1,,Succeeded,4→1,Yes,0,1
pl_NHSC_V_GeneralMaterialData,Set EscapeCharacter,5,,CD_GeneralMaterialData,1,,Succeeded,5→1,Yes,0,1
pl_NHSC_V_GeneralMaterialData,CD_V_GeneralMaterialData_Archive,3,,CD_V_GeneralMaterialData_Synapse,2,,Succeeded,3→2,Yes,2,3
pl_NHSC_V_GeneralMaterialData,CD_GeneralMaterialData,1,,CD_V_GeneralMaterialData_Archive,3,,Succeeded,1→3,Yes,1,2
PL_CostReporting_SinktoSynapse,Set path,3,,cd_PYBudget,1,,Succeeded,3→1,Yes,1,2
PL_CostReporting_SinktoSynapse,Set Container,2,,Set path,3,,Succeeded,2→3,Yes,0,1
PL_CostReporting_SinktoSynapse,Set path,3,,cd_CostCenterReportSynapse,4,,Succeeded,3→4,Yes,1,2
PL_CostReporting_SinktoSynapse,Set path,3,,cd_CostCenterList,5,,Succeeded,3→5,Yes,1,2
PL_CostReporting_SinktoSynapse,Set path,3,,cd_CYBudget,6,,Succeeded,3→6,Yes,1,2
PL_CostReporting_SinktoSynapse,Set path,3,,cd_DimExpenseRollUp,7,,Succeeded,3→7,Yes,1,2
PL_CostReporting_SinktoSynapse,Set path,3,,cd_Index,8,,Succeeded,3→8,Yes,1,2
PL_CostReporting_SinktoSynapse,Set path,3,,cd_LE,9,,Succeeded,3→9,Yes,1,2
PL_CostReporting_SinktoSynapse,Set path,3,,cd_FinanceSecurityContext,10,,Succeeded,3→10,Yes,1,2
pl_NHSC_PlantMaterial,LookupNHSCPlants,1,,CD_V_PlantDataForMateria,2,,Succeeded,1→2,Yes,0,1
pl_NHSC_PlantMaterial,CD_V_PlantDataForMateria,2,,CD_V_PlantDataForMateria_Synapse,3,,Succeeded,2→3,Yes,1,2
pl_NHSC_PlantMaterial,CD_V_PlantDataForMateria,2,,CD_V_PlantDataForMateria_Archive,4,,Succeeded,2→4,Yes,1,2
PL_Process_Flash_Report,DF_FLASH_REPORT,1,,LookupDateLoad,2,,Succeeded,1→2,Yes,0,1
PL_Process_Flash_Report,LookupDateLoad,2,,CD_Flash_Report,3,,Succeeded,2→3,Yes,1,2
PL_Process_Flash_Report,LookupDateLoad,2,,CD_Flash_Report_Detail,4,,Succeeded,2→4,Yes,1,2
DELTA_SNOWFLAKE_TO_DW,Rertrieve Entities from Control Table,1,,Filter Records Specific to staging,2,,Succeeded,1→2,Yes,0,1
DELTA_SNOWFLAKE_TO_DW,Filter Records Specific to staging,2,,Refresh All entities maintained in master table,3,,Succeeded,2→3,Yes,1,2
DELTA_SNOWFLAKE_TO_DW,Refresh All entities maintained in master table,3,,Delta ADLS to Data Warehouse,5,,Succeeded,3→5,Yes,2,3
pl_IntegratedOrders,set_inboundpath,4,,GIO Cancled saphana_to_inbound,1,,Succeeded,4→1,Yes,1,2
pl_IntegratedOrders,set_inboundpath,4,,GIO Open saphana_to_inbound,2,,Succeeded,4→2,Yes,1,2
pl_IntegratedOrders,set_inboundpath,4,,GIO Open Delivered Shipped saphana_to_inbound,3,,Succeeded,4→3,Yes,1,2
pl_IntegratedOrders,pl_IntegratedOrders_ext,10,,set_inboundpath,4,,Completed,10→4,Yes,0,1
pl_IntegratedOrders,set_inboundpath,4,,GIO Invoiced saphana_to_inbound,5,,Succeeded,4→5,Yes,1,2
pl_IntegratedOrders,set_inboundpath,4,,GIO Invoiced VP saphana_to_inbound,6,,Succeeded,4→6,Yes,1,2
pl_IntegratedOrders,GIO Invoiced VP saphana_to_inbound,6,,df_IntegratedOrders,7,,Succeeded,6→7,Yes,2,3
pl_IntegratedOrders,GIO Invoiced saphana_to_inbound,5,,df_IntegratedOrders,7,,Succeeded,5→7,Yes,2,3
pl_IntegratedOrders,GIO Open Delivered Shipped saphana_to_inbound,3,,df_IntegratedOrders,7,,Succeeded,3→7,Yes,2,3
pl_IntegratedOrders,GIO Open saphana_to_inbound,2,,df_IntegratedOrders,7,,Succeeded,2→7,Yes,2,3
pl_IntegratedOrders,GIO Cancled saphana_to_inbound,1,,df_IntegratedOrders,7,,Succeeded,1→7,Yes,2,3
pl_IntegratedOrders,pl_IntegratedOrders_US8X,9,,df_IntegratedOrders,7,,Succeeded,9→7,Yes,0,3
pl_IntegratedOrders,df_IntegratedOrders,7,,IntegratedOrders_SCDType2,8,,Succeeded,7→8,Yes,3,4
DELTA_SNOWFLAKE_TO_DW_copy1,Rertrieve Entities from Control Table,1,,Filter Records Specific to staging,2,,Succeeded,1→2,Yes,0,1
DELTA_SNOWFLAKE_TO_DW_copy1,Filter Records Specific to staging,2,,Refresh All entities maintained in master table,3,,Succeeded,2→3,Yes,1,2
DELTA_SNOWFLAKE_TO_DW_copy1,Refresh All entities maintained in master table,3,,Delta ADLS to Data Warehouse,5,,Succeeded,3→5,Yes,2,3
PL_NHSC_Plants,CD_NHSC_PLANTS,1,,CD_MOVE_DATA_NHSC_DL,2,,Succeeded,1→2,Yes,0,1
PL_NHSC_Plants,CD_MOVE_DATA_NHSC_DL,2,,df_NHSC_Plants,4,,Succeeded,2→4,Yes,1,2
PL_NHSC_Plants,CD_PLants,3,,df_NHSC_Plants,4,,Succeeded,3→4,Yes,0,2
PL_BW_YGTGDMC11QB_SALESSUMMARY,Clean Folder,4,,LookupDateRange,1,,Succeeded,4→1,Yes,0,1
PL_BW_YGTGDMC11QB_SALESSUMMARY,LookupDateRange,1,,ForEachDate,2,,Succeeded,1→2,Yes,1,2
PL_BW_YGTGDMC11QB_SALESSUMMARY,ForEachDate,2,,If RunType Includes RegularDates,5,,Succeeded,2→5,Yes,2,3
PL_BW_YGTGDMC11QB_SALESSUMMARY,DF_Nestle_BW,6,If RunType Includes RegularDates→TRUE,Run Script,7,If RunType Includes RegularDates→TRUE,Succeeded,6→7,Yes,0,1
pl_NHSC_Product_Hierarchy,df_Product_Hierarchy,4,,CD_Product_Hierarchy_Archive,2,,Succeeded,4→2,Yes,1,2
pl_NHSC_Product_Hierarchy,CD_Product_Hierarchy_Archive,2,,CD_Product_Hierarchy_Synapse,3,,Skipped,2→3,Yes,2,3
pl_NHSC_Product_Hierarchy,CD_Product_Hierarchy,1,,df_Product_Hierarchy,4,,Succeeded,1→4,Yes,0,1
SNOWFLAKE_TO_DW_PIPELINE,Filter Records Specific to staging,4,,Refresh All entities maintained in master table,2,,Succeeded,4→2,Yes,1,2
SNOWFLAKE_TO_DW_PIPELINE,Rertrieve Entities from Control Table,1,,Filter Records Specific to staging,4,,Succeeded,1→4,Yes,0,1
SNOWFLAKE_TO_DW_PIPELINE,Refresh All entities maintained in master table,2,,Execute ADLS to DW,5,,Succeeded,2→5,Yes,2,3
SNOWFLAKE_TO_DW_PIPELINE_copy1,Filter Records Specific to staging,4,,Refresh All entities maintained in master table,2,,Succeeded,4→2,Yes,1,2
SNOWFLAKE_TO_DW_PIPELINE_copy1,Rertrieve Entities from Control Table,1,,Filter Records Specific to staging,4,,Succeeded,1→4,Yes,0,1
SNOWFLAKE_TO_DW_PIPELINE_copy1,Refresh All entities maintained in master table,2,,Execute ADLS to DW,5,,Succeeded,2→5,Yes,2,3
pl_OrderTrackingFullLoadDW,Get Metadata1,1,,ForEachFile,2,,Succeeded,1→2,Yes,0,1
pl_OrderTrackingFullLoad,Date Range,1,,Get Month list,2,,Succeeded,1→2,Yes,0,1
pl_OrderTrackingFullLoad,Get Month list,2,,ForEachMonthInRange,3,,Succeeded,2→3,Yes,1,2
pl_OrderTrackingFullLoad,Set Container,20,,ForEachMonthInRange,3,,Succeeded,20→3,Yes,0,2
pl_OrderTrackingFullLoad,Set Path,21,,ForEachMonthInRange,3,,Succeeded,21→3,Yes,0,2
pl_OrderTrackingFullLoad,Set ArchiveContainer,22,,ForEachMonthInRange,3,,Succeeded,22→3,Yes,0,2
pl_OrderTrackingFullLoad,Set Year,9,ForEachMonthInRange,OTR_OrderData,4,ForEachMonthInRange,Succeeded,9→4,Yes,3,4
pl_OrderTrackingFullLoad,Set Year,9,ForEachMonthInRange,V_OTR_DeliveryData,5,ForEachMonthInRange,Succeeded,9→5,Yes,3,4
pl_OrderTrackingFullLoad,Set Year,9,ForEachMonthInRange,V_OTR_InvoiceData,6,ForEachMonthInRange,Succeeded,9→6,Yes,3,4
pl_OrderTrackingFullLoad,Set Year,9,ForEachMonthInRange,OTR_OrderOtherData,7,ForEachMonthInRange,Succeeded,9→7,Yes,3,4
pl_OrderTrackingFullLoad,Set Year,9,ForEachMonthInRange,V_OTR_OrderExcepData_1,8,ForEachMonthInRange,Succeeded,9→8,Yes,3,4
pl_OrderTrackingFullLoad,Set Month,12,ForEachMonthInRange,Set Year,9,ForEachMonthInRange,Succeeded,12→9,Yes,2,3
pl_OrderTrackingFullLoad,Set day,13,ForEachMonthInRange,Set Month,12,ForEachMonthInRange,Succeeded,13→12,Yes,1,2
pl_OrderTrackingFullLoad,Set To,11,ForEachMonthInRange,Set day,13,ForEachMonthInRange,Succeeded,11→13,Yes,0,1
pl_OrderTrackingFullLoad,Set From,10,ForEachMonthInRange,Set day,13,ForEachMonthInRange,Succeeded,10→13,Yes,0,1
pl_OrderTrackingFullLoad,OTR_OrderData,4,ForEachMonthInRange,CD_Archive_OTR_OrderData,14,ForEachMonthInRange,Succeeded,4→14,Yes,4,5
pl_OrderTrackingFullLoad,V_OTR_DeliveryData,5,ForEachMonthInRange,CD_Archive_V_OTR_DeliveryData,15,ForEachMonthInRange,Succeeded,5→15,Yes,4,5
pl_OrderTrackingFullLoad,V_OTR_InvoiceData,6,ForEachMonthInRange,CD_Archive_V_OTR_InvoiceData,16,ForEachMonthInRange,Succeeded,6→16,Yes,4,5
pl_OrderTrackingFullLoad,OTR_OrderOtherData,7,ForEachMonthInRange,CD_Archive_V_OTR_OrderOtherData,17,ForEachMonthInRange,Succeeded,7→17,Yes,4,5
pl_OrderTrackingFullLoad,V_OTR_OrderExcepData_1,8,ForEachMonthInRange,CD_Archive_V_OTR_OrderExcepData,18,ForEachMonthInRange,Succeeded,8→18,Yes,4,5
pl_OrderTrackingFullLoad,OTR_OrderData,4,ForEachMonthInRange,df_OrderTracking_FullLoad,19,ForEachMonthInRange,Succeeded,4→19,Yes,4,5
PL_RunOrgain,CD_Archive,2,,DF_Orgain,1,,Succeeded,2→1,Yes,1,2
PL_RunOrgain,Set FileName,4,,CD_Archive,2,,Succeeded,4→2,Yes,0,1
PL_RunOrgain,Set FolderPath,3,,CD_Archive,2,,Succeeded,3→2,Yes,0,1
PL_RunOrgain,DF_Orgain,1,,LookupDateVal,5,,Succeeded,1→5,Yes,2,3
PL_RunOrgain,LookupDateVal,5,,Set Query,6,,Succeeded,5→6,Yes,3,4
PL_RunOrgain,Set MTDVal,9,,DF_ProcessOrgain,7,,Succeeded,9→7,Yes,6,7
PL_RunOrgain,Set Query,6,,LookupMTD,8,,Succeeded,6→8,Yes,4,5
PL_RunOrgain,LookupMTD,8,,Set MTDVal,9,,Succeeded,8→9,Yes,5,6
PL_RunOrgain,DF_ProcessOrgain,7,,DeleteDateInfo,10,,Succeeded,7→10,Yes,7,8
PL_RunOrgain,Set FirstDayOfDate,12,,DF_OrgainDetails,11,,Succeeded,12→11,Yes,4,5
PL_RunOrgain,LookupDateVal,5,,Set FirstDayOfDate,12,,Succeeded,5→12,Yes,3,4
PL_RunOrgain,DF_OrgainDetails,11,,DeleteExcelFile,13,,Succeeded,11→13,Yes,5,6
PL_RunOrgain,BudgetSheetName,14,,DF_OrgainBudget,15,,Succeeded,14→15,Yes,0,5
PL_RunOrgain,Set FirstDayOfDate,12,,DF_OrgainBudget,15,,Succeeded,12→15,Yes,4,5
PL_RunOrgain,DF_OrgainDetails,11,,CD_CombinedItemMaster,16,,Succeeded,11→16,Yes,5,6
PL_RunOrgain,CD_CombinedItemMaster,16,,PL_OnDemand_PBI_Refresh,17,,Succeeded,16→17,Yes,6,7
PL_RunPersona,Lookup_LatestDate,7,,DF_Persona,1,,Succeeded,7→1,Yes,4,5
PL_RunPersona,Set FileName,4,,CD_Archive,2,,Succeeded,4→2,Yes,2,3
PL_RunPersona,Set FolderPath,3,,CD_Archive,2,,Succeeded,3→2,Yes,2,3
PL_RunPersona,DeleteFromSFTP,6,,Set FolderPath,3,,Succeeded,6→3,Yes,1,2
PL_RunPersona,DeleteFromSFTP,6,,Set FileName,4,,Succeeded,6→4,Yes,1,2
PL_RunPersona,CD_FromSDFTP,5,,DeleteFromSFTP,6,,Succeeded,5→6,Yes,0,1
PL_RunPersona,CD_Archive,2,,Lookup_LatestDate,7,,Succeeded,2→7,Yes,3,4
PL_RunPersona,DF_Persona,1,,Check Data Inserted,8,,Succeeded,1→8,Yes,5,6
PL_RunPersona,Set RecordCount,11,,If No Data Inserted Send Notification,9,,Succeeded,11→9,Yes,7,8
PL_RunPersona,Check Data Inserted,8,,Set RecordCount,11,,Succeeded,8→11,Yes,6,7
pl_OrderTrackingIncLoad,Set MaxTime,4,,CD_IncrementalOrderData,2,,Succeeded,4→2,Yes,1,4
pl_OrderTrackingIncLoad,Set ArchiveContainer,7,,CD_IncrementalOrderData,2,,Succeeded,7→2,Yes,3,4
pl_OrderTrackingIncLoad,get_max_order_timestamp,1,,Set MaxTime,4,,Succeeded,1→4,Yes,0,1
pl_OrderTrackingIncLoad,Set CurrentTimeStamp,3,,Set Container,5,,Succeeded,3→5,Yes,0,1
pl_OrderTrackingIncLoad,Set Container,5,,Set Path,6,,Succeeded,5→6,Yes,1,2
pl_OrderTrackingIncLoad,Set Path,6,,Set ArchiveContainer,7,,Succeeded,6→7,Yes,2,3
pl_OrderTrackingIncLoad,CD_IncrementalOrderData,2,,CD_ArchiveOrderData,8,,Succeeded,2→8,Yes,4,5
pl_OrderTrackingIncLoad,CD_ArchiveOrderData,8,,df_OrderTracking_IncrementalLoad,9,,Succeeded,8→9,Yes,5,6
pl_OrderTrackingIncLoad,get_max_delivery_timestamp,10,,Set MaxTime Delivery,11,,Succeeded,10→11,Yes,0,1
pl_OrderTrackingIncLoad,Set MaxTime Delivery,11,,CD_IncrementalDeliveryData,12,,Succeeded,11→12,Yes,1,4
pl_OrderTrackingIncLoad,Set ArchiveContainer,7,,CD_IncrementalDeliveryData,12,,Succeeded,7→12,Yes,3,4
pl_OrderTrackingIncLoad,CD_IncrementalDeliveryData,12,,CD_ArchiveDeliveryData,13,,Succeeded,12→13,Yes,4,5
pl_OrderTrackingIncLoad,CD_ArchiveDeliveryData,13,,df_OTRDeliveryData,14,,Succeeded,13→14,Yes,5,6
pl_OrderTrackingIncLoad,get_max_OrderOtherData,15,,Set MaxTime OrderOtherData,16,,Succeeded,15→16,Yes,0,1
pl_OrderTrackingIncLoad,Set MaxTime OrderOtherData,16,,CD_IncrementalOrderOtherData,17,,Succeeded,16→17,Yes,1,4
pl_OrderTrackingIncLoad,Set ArchiveContainer,7,,CD_IncrementalOrderOtherData,17,,Succeeded,7→17,Yes,3,4
pl_OrderTrackingIncLoad,CD_IncrementalOrderOtherData,17,,CD_ArchiveOrderOtherData,18,,Succeeded,17→18,Yes,4,5
pl_OrderTrackingIncLoad,CD_ArchiveOrderOtherData,18,,df_OTROrderOtherData,19,,Succeeded,18→19,Yes,5,6
pl_OrderTrackingIncLoad,get_max_InvoiceData,20,,Set MaxTime InvoiceData,21,,Succeeded,20→21,Yes,0,1
pl_OrderTrackingIncLoad,Set MaxTime InvoiceData,21,,CD_IncrementalInvoiceData,22,,Succeeded,21→22,Yes,1,4
pl_OrderTrackingIncLoad,Set ArchiveContainer,7,,CD_IncrementalInvoiceData,22,,Succeeded,7→22,Yes,3,4
pl_OrderTrackingIncLoad,CD_IncrementalInvoiceData,22,,CD_ArchiveInvoiceData,23,,Succeeded,22→23,Yes,4,5
pl_OrderTrackingIncLoad,CD_ArchiveInvoiceData,23,,df_OTR_InvoiceData,24,,Succeeded,23→24,Yes,5,6
pl_OrderTrackingIncLoad,get_max_OrderExcepData,25,,Set MaxTime OrderExcepData,26,,Succeeded,25→26,Yes,0,1
pl_OrderTrackingIncLoad,Set MaxTime OrderExcepData,26,,CD_IncrementalOrderExcepData,27,,Succeeded,26→27,Yes,1,4
pl_OrderTrackingIncLoad,Set ArchiveContainer,7,,CD_IncrementalOrderExcepData,27,,Succeeded,7→27,Yes,3,4
pl_OrderTrackingIncLoad,CD_ArchiveOrderExcepData,29,,df_OTR_OrderExcepData,28,,Succeeded,29→28,Yes,5,6
pl_OrderTrackingIncLoad,CD_IncrementalOrderExcepData,27,,CD_ArchiveOrderExcepData,29,,Succeeded,27→29,Yes,4,5
pl_OrderTrackingIncLoad,df_OrderTracking_IncrementalLoad,9,,RemoveDups,30,,Succeeded,9→30,Yes,6,7
PL_CostCenter_Reporting,GetClientSecret,16,,GetAuthToken,1,,Succeeded,16→1,Yes,0,1
PL_CostCenter_Reporting,LookupFilesToCopy,5,,ForEachFile,6,,Succeeded,5→6,Yes,0,2
PL_CostCenter_Reporting,Month,4,,ForEachFile,6,,Succeeded,4→6,Yes,0,2
PL_CostCenter_Reporting,Year,3,,ForEachFile,6,,Succeeded,3→6,Yes,0,2
PL_CostCenter_Reporting,Time,2,,ForEachFile,6,,Succeeded,2→6,Yes,0,2
PL_CostCenter_Reporting,GetAuthToken,1,,ForEachFile,6,,Succeeded,1→6,Yes,1,2
PL_CostCenter_Reporting,Web_GetFileLUD,7,ForEachFile,Set LUD,8,ForEachFile,Succeeded,7→8,Yes,0,1
PL_CostCenter_Reporting,Lookup_Old_LUD,10,ForEachFile,Set OLD_LUD,9,ForEachFile,Succeeded,10→9,Yes,0,1
PL_CostCenter_Reporting,Set LUD,8,ForEachFile,If File Updated,11,ForEachFile,Succeeded,8→11,Yes,1,2
PL_CostCenter_Reporting,Set OLD_LUD,9,ForEachFile,If File Updated,11,ForEachFile,Succeeded,9→11,Yes,1,2
PL_CostCenter_Reporting,CD_Files,12,If File Updated→TRUE,CD_Archive,13,If File Updated→TRUE,Succeeded,12→13,Yes,0,1
PL_CostCenter_Reporting,CD_Archive,13,If File Updated→TRUE,CD_Update_WaterMark,14,If File Updated→TRUE,Succeeded,13→14,Yes,1,2
PL_CostCenter_Reporting,ForEachFile,6,,If any file updated,17,,Succeeded,6→17,Yes,2,3
PL_CostCenter_Reporting,df_CostCenterReporting,18,If any file updated→TRUE,PL_CostReporting_SinktoSynapse,19,If any file updated→TRUE,Succeeded,18→19,Yes,0,1
pl_SalesSummary_Master,Set Days To Load,4,,Regular Sales Load,2,,Succeeded,4→2,Yes,1,2
pl_SalesSummary_Master,Set Run Type,5,,Regular Sales Load,2,,Succeeded,5→2,Yes,1,2
pl_SalesSummary_Master,Regular Sales Load,2,,EOM Sales Load,3,,Succeeded,2→3,Yes,2,3
pl_SalesSummary_Master,PL_GET_Nestle_Item_Mapping,1,,Set Days To Load,4,,Succeeded,1→4,Yes,0,1
pl_SalesSummary_Master,PL_GET_Nestle_Item_Mapping,1,,Set Run Type,5,,Succeeded,1→5,Yes,0,1
pl_NHSC_GlobalSC_Master,PL_NHSC_Plants,4,,pl_NHSC_PlantMaterial,3,,Succeeded,4→3,Yes,0,1
PL_RunPersona_Master,Filter Current Day file,3,,Set File Count,2,,Succeeded,3→2,Yes,1,2
PL_RunPersona_Master,Get Files Metada,1,,Filter Current Day file,3,,Succeeded,1→3,Yes,0,1
PL_RunPersona_Master,Set File Count,2,,If Only One File,4,,Succeeded,2→4,Yes,2,3
pl_NHSC_Reason_Codes,CD_Get_Reason_Codes,1,,CD_ReasonCodes_Synapse,2,,Succeeded,1→2,Yes,0,1
pl_NHSC_Reason_Codes,CD_Get_Reason_Codes,1,,CD_Reason_Codes_Archive,3,,Succeeded,1→3,Yes,0,1
PL_US8X_OrderManagement_Synapse,CD_ExceptionsUS8X,2,,DeleteDupsHeadersExceptions,3,,Succeeded,2→3,Yes,0,1
PL_US8X_OrderManagement_Synapse,CD_OrderChangeUS8X,4,,DeleteDupsHeaders_OrderChange,5,,Succeeded,4→5,Yes,0,1
PL_US8X_OrderManagement_Synapse,CD_OTR,6,,DeleteDupsHeaders_OTR,7,,Succeeded,6→7,Yes,0,1
PL_US8X_OrderManagement_Synapse,CD_RushOrderUS8X,8,,DeleteDupsHeaders,9,,Succeeded,8→9,Yes,0,1
PL_OrderManagement_ColleagueData,GetClientSecret,16,,GetAuthToken,1,,Succeeded,16→1,Yes,0,1
PL_OrderManagement_ColleagueData,LookupFilesToCopy,5,,ForEachFile,6,,Succeeded,5→6,Yes,0,2
PL_OrderManagement_ColleagueData,Month,4,,ForEachFile,6,,Succeeded,4→6,Yes,0,2
PL_OrderManagement_ColleagueData,Year,3,,ForEachFile,6,,Succeeded,3→6,Yes,0,2
PL_OrderManagement_ColleagueData,Time,2,,ForEachFile,6,,Succeeded,2→6,Yes,0,2
PL_OrderManagement_ColleagueData,GetAuthToken,1,,ForEachFile,6,,Succeeded,1→6,Yes,1,2
PL_OrderManagement_ColleagueData,Web_GetFileLUD,7,ForEachFile,Set LUD,8,ForEachFile,Succeeded,7→8,Yes,0,1
PL_OrderManagement_ColleagueData,Lookup_Old_LUD,10,ForEachFile,Set OLD_LUD,9,ForEachFile,Succeeded,10→9,Yes,0,1
PL_OrderManagement_ColleagueData,Set LUD,8,ForEachFile,If File Updated,11,ForEachFile,Succeeded,8→11,Yes,1,2
PL_OrderManagement_ColleagueData,Set OLD_LUD,9,ForEachFile,If File Updated,11,ForEachFile,Succeeded,9→11,Yes,1,2
PL_OrderManagement_ColleagueData,CD_Files,12,If File Updated→TRUE,CD_Archive,13,If File Updated→TRUE,Succeeded,12→13,Yes,0,1
PL_OrderManagement_ColleagueData,CD_Archive,13,If File Updated→TRUE,CD_Update_WaterMark,14,If File Updated→TRUE,Succeeded,13→14,Yes,1,2
PL_FileSystemUS16,Delete1,6,,CD_RushOrdersUS16,2,,Succeeded,6→2,Yes,0,1
PL_NUSA_Segmentation,CD_Archive,3,,CD_Synapse,2,,Succeeded,3→2,Yes,1,2
PL_NUSA_Segmentation,CD_Segmentation,1,,CD_Archive,3,,Succeeded,1→3,Yes,0,1
PL_US16_OrderManagement_Synapse,CD_OrderChangeUS16,2,,DeleteDupsHeadersOrderChange,3,,Succeeded,2→3,Yes,0,1
PL_US16_OrderManagement_Synapse,Script1,8,,ForEach1,6,,Succeeded,8→6,Yes,1,2
PL_US16_OrderManagement_Synapse,Get Metadata1,5,,Script1,8,,Succeeded,5→8,Yes,0,1
PL_US16_OrderManagement_Synapse,Get_ListOfFiles,9,,ForEach1_copy1,10,,Succeeded,9→10,Yes,0,1
PL_US16_OrderManagement_Synapse,TRUNCATE_TABLE,12,,ForEach1_copy1,10,,Succeeded,12→10,Yes,0,1
PL_OrderManagement,PL_COF_ColleagueData,1,,PL_US8X_OrderManagement_Synapse,3,,Succeeded,1→3,Yes,0,1
PL_OrderManagement,PL_FileSystemUS16,2,,PL_US16_OrderManagement_Synapse,4,,Succeeded,2→4,Yes,0,1
PL_METADATA_DRIVEN_SNOWFLAKE_TO_ADLS,LookupEntitiesToCopy,1,,ForEachEntity,2,,Succeeded,1→2,Yes,0,1
PL_METADATA_DRIVEN_SNOWFLAKE_TO_ADLS,LookupColumnsToBeRenamed,4,ForEachEntity,CD_SNOWFLAKE_TO_ADLS,3,ForEachEntity,Succeeded,4→3,Yes,0,1
PL_METADATA_DRIVEN_AMSGLOBALSC_TO_ADLS,LookupEntitiesToCopy,1,,ForEachEntity,2,,Succeeded,1→2,Yes,0,1
PL_METADATA_DRIVEN_ADLS_TO_AZURE_SYNAPSE,LookupEntitiesToCopy,1,,ForEachEntity,2,,Succeeded,1→2,Yes,0,1
PL_DEMAND_PLANNING_REPORTS,Execute Pipeline Snowflake to ADLS,1,,Execute Pipeline ADLS to Azure Synapse,2,,Succeeded,1→2,Yes,0,1
PL_DEMAND_PLANNING_REPORTS,Execute Pipeline ADLS to Azure Synapse,2,,Script1,3,,Succeeded,2→3,Yes,1,2
PL_DEMAND_PLANNING_REPORTS,Script1,3,,Copy data from Azure to ADLS,4,,Succeeded,3→4,Yes,2,3
PL_MATERIAL_MASTER_DATA,Execute Pipeline GSC Azure DB to ADLS,1,,Execute Pipeline Azure ADLS to Azure Synapse,2,,Succeeded,1→2,Yes,0,1
PL_MATERIAL_MASTER_DATA,Execute Pipeline Snowflake to ADLS,3,,Execute Pipeline Azure ADLS to Azure Synapse_copy1,4,,Succeeded,3→4,Yes,0,1
PL_MATERIAL_MASTER_DATA,Execute Pipeline Azure ADLS to Azure Synapse,2,,Script1,5,,Succeeded,2→5,Yes,1,4
PL_MATERIAL_MASTER_DATA,Execute data flow Animal Farm,7,,Script1,5,,Succeeded,7→5,Yes,3,4
PL_MATERIAL_MASTER_DATA,Execute Pipeline Azure ADLS to Azure Synapse_copy1,4,,Execute Pipeline Sharepoint to ADLS,6,,Succeeded,4→6,Yes,1,2
PL_MATERIAL_MASTER_DATA,Execute Pipeline Sharepoint to ADLS,6,,Execute data flow Animal Farm,7,,Succeeded,6→7,Yes,2,3
PL_METADATA_DRIVEN_SHAREPOINT_TO_ADLS,LookupEntitiesToCopy,1,,ForEachEntity,2,,Succeeded,1→2,Yes,0,2
PL_METADATA_DRIVEN_SHAREPOINT_TO_ADLS,GetAuthToken,10,,ForEachEntity,2,,Succeeded,10→2,Yes,1,2
PL_METADATA_DRIVEN_SHAREPOINT_TO_ADLS,WebGetFileLUD,3,ForEachEntity,SetvariableLastUpdateDate,4,ForEachEntity,Succeeded,3→4,Yes,0,1
PL_METADATA_DRIVEN_SHAREPOINT_TO_ADLS,GetMetadata,5,ForEachEntity,IfFileExists,6,ForEachEntity,Succeeded,5→6,Yes,0,1
PL_METADATA_DRIVEN_SHAREPOINT_TO_ADLS,IfFileExists,6,ForEachEntity,IfFileLastModified,8,ForEachEntity,Succeeded,6→8,Yes,1,2
PL_METADATA_DRIVEN_SHAREPOINT_TO_ADLS,SetvariableLastUpdateDate,4,ForEachEntity,IfFileLastModified,8,ForEachEntity,Succeeded,4→8,Yes,1,2
PL_METADATA_DRIVEN_SHAREPOINT_TO_ADLS,GetClientSecret,11,,GetAuthToken,10,,Succeeded,11→10,Yes,0,1
PL_METADATA_DRIVEN_SHIPEDGE_TO_ADLS,LookupEntitiesToCopy,1,,ForEachEntity,2,,Succeeded,1→2,Yes,0,1
PL_METADATA_DRIVEN_SHIPEDGE_TO_ADLS,GetClientSecret,4,,ForEachEntity,2,,Succeeded,4→2,Yes,0,1
PL_METADATA_DRIVEN_SHIPEDGE_TO_ADLS,GetKeySecret,5,,ForEachEntity,2,,Succeeded,5→2,Yes,0,1
pl_SalesDocumentPartner,Set FileName,9,,CD_SalesDocumentPartner,1,,Succeeded,9→1,Yes,4,5
pl_SalesDocumentPartner,Set CurrentTimeStamp,2,,Set Container,3,,Succeeded,2→3,Yes,0,1
pl_SalesDocumentPartner,Set Container,3,,Set Path,4,,Succeeded,3→4,Yes,1,2
pl_SalesDocumentPartner,Set Path,4,,Set ArchiveContainer,5,,Succeeded,4→5,Yes,2,3
pl_SalesDocumentPartner,CD_SalesDocumentPartner,1,,CD_ArchiveSalesDocumentPartner,6,,Succeeded,1→6,Yes,5,6
pl_SalesDocumentPartner,Get_Last_Update,7,,Set_Last_Update,8,,Succeeded,7→8,Yes,0,1
pl_SalesDocumentPartner,Set ArchiveContainer,5,,Set FileName,9,,Succeeded,5→9,Yes,3,4
pl_SalesDocumentPartner,Set_Last_Update,8,,Set FileName,9,,Succeeded,8→9,Yes,1,4
pl_SalesDocumentPartner,CD_ArchiveSalesDocumentPartner,6,,df_SalesDocumentPartner,10,,Succeeded,6→10,Yes,6,7
pl_EventMessageHeader,Set FileName,9,,CD_EventMessageHeader,1,,Succeeded,9→1,Yes,4,5
pl_EventMessageHeader,Set CurrentTimeStamp,2,,Set Container,3,,Succeeded,2→3,Yes,0,1
pl_EventMessageHeader,Set Container,3,,Set Path,4,,Succeeded,3→4,Yes,1,2
pl_EventMessageHeader,Set Path,4,,Set ArchiveContainer,5,,Succeeded,4→5,Yes,2,3
pl_EventMessageHeader,CD_EventMessageHeader,1,,CD_ArchiveEventMessageHeader,6,,Succeeded,1→6,Yes,5,6
pl_EventMessageHeader,Get_Last_Update,7,,Set_Last_Update,8,,Succeeded,7→8,Yes,0,1
pl_EventMessageHeader,Set ArchiveContainer,5,,Set FileName,9,,Succeeded,5→9,Yes,3,4
pl_EventMessageHeader,Set_Last_Update,8,,Set FileName,9,,Succeeded,8→9,Yes,1,4
pl_EventMessageHeader,CD_ArchiveEventMessageHeader,6,,EventMessageHeader,10,,Succeeded,6→10,Yes,6,7
pl_EnhancedChangeLogForTOR,Set FileName,9,,CD_EnhancedChangeLogForTOR,1,,Succeeded,9→1,Yes,5,6
pl_EnhancedChangeLogForTOR,Set Current Date,11,,Set Container,3,,Succeeded,11→3,Yes,1,2
pl_EnhancedChangeLogForTOR,Set Container,3,,Set Path,4,,Succeeded,3→4,Yes,2,3
pl_EnhancedChangeLogForTOR,Set Path,4,,Set ArchiveContainer,5,,Succeeded,4→5,Yes,3,4
pl_EnhancedChangeLogForTOR,CD_EnhancedChangeLogForTOR,1,,CD_ArchiveEnhancedChangeLogForTOR,6,,Succeeded,1→6,Yes,6,7
pl_EnhancedChangeLogForTOR,Get_Last_Update,7,,Set_Last_Update,8,,Succeeded,7→8,Yes,0,1
pl_EnhancedChangeLogForTOR,Set ArchiveContainer,5,,Set FileName,9,,Succeeded,5→9,Yes,4,5
pl_EnhancedChangeLogForTOR,Set_Last_Update,8,,Set FileName,9,,Succeeded,8→9,Yes,1,5
pl_EnhancedChangeLogForTOR,CD_ArchiveEnhancedChangeLogForTOR,6,,EnhancedChangeLogForTOR,10,,Succeeded,6→10,Yes,7,8
pl_EnhancedChangeLogForTOR,Set CurrentTimeStamp,2,,Set Current Date,11,,Succeeded,2→11,Yes,0,1
pl_MessageStatus,Set FileName,10,,CD_MessageStatus,1,,Succeeded,10→1,Yes,4,5
pl_MessageStatus,Set CurrentTimeStamp,2,,Set Container,3,,Succeeded,2→3,Yes,0,1
pl_MessageStatus,Set Container,3,,Set Path,4,,Succeeded,3→4,Yes,1,2
pl_MessageStatus,Set Path,4,,Set ArchiveContainer,5,,Succeeded,4→5,Yes,2,3
pl_MessageStatus,CD_MessageStatus,1,,CD_ArchiveMessageStatus,6,,Succeeded,1→6,Yes,5,6
pl_MessageStatus,CD_ArchiveMessageStatus,6,,df_MessageStatus,7,,Succeeded,6→7,Yes,6,7
pl_MessageStatus,Get_Last_Update,8,,Set_Last_Update,9,,Succeeded,8→9,Yes,0,1
pl_MessageStatus,Set ArchiveContainer,5,,Set FileName,10,,Succeeded,5→10,Yes,3,4
pl_MessageStatus,Set_Last_Update,9,,Set FileName,10,,Succeeded,9→10,Yes,1,4
pl_FreightOrderTracking,Set FileName,9,,CD_FreightOrderTracking,1,,Succeeded,9→1,Yes,4,5
pl_FreightOrderTracking,Set CurrentTimeStamp,2,,Set Container,3,,Succeeded,2→3,Yes,0,1
pl_FreightOrderTracking,Set Container,3,,Set Path,4,,Succeeded,3→4,Yes,1,2
pl_FreightOrderTracking,Set Path,4,,Set ArchiveContainer,5,,Succeeded,4→5,Yes,2,3
pl_FreightOrderTracking,CD_FreightOrderTracking,1,,CD_ArchiveFreightOrderTracking,6,,Succeeded,1→6,Yes,5,6
pl_FreightOrderTracking,Get_Last_Update,7,,Set_Last_Update,8,,Succeeded,7→8,Yes,0,1
pl_FreightOrderTracking,Set ArchiveContainer,5,,Set FileName,9,,Succeeded,5→9,Yes,3,4
pl_FreightOrderTracking,Set_Last_Update,8,,Set FileName,9,,Succeeded,8→9,Yes,1,4
pl_FreightOrderTracking,CD_ArchiveFreightOrderTracking,6,,df_FreightOrderTracking,10,,Succeeded,6→10,Yes,6,7
pl_TransportationOrderRootNode,Set FileName,9,,CD_TransportationRootNode,1,,Succeeded,9→1,Yes,4,5
pl_TransportationOrderRootNode,Set CurrentTimeStamp,2,,Set Container,3,,Succeeded,2→3,Yes,0,1
pl_TransportationOrderRootNode,Set Container,3,,Set Path,4,,Succeeded,3→4,Yes,1,2
pl_TransportationOrderRootNode,Set Path,4,,Set ArchiveContainer,5,,Succeeded,4→5,Yes,2,3
pl_TransportationOrderRootNode,CD_TransportationRootNode,1,,CD_ArchiveTransportationRootNode,6,,Succeeded,1→6,Yes,5,6
pl_TransportationOrderRootNode,Get_Last_Update,7,,Set_Last_Update,8,,Succeeded,7→8,Yes,0,1
pl_TransportationOrderRootNode,Set ArchiveContainer,5,,Set FileName,9,,Succeeded,5→9,Yes,3,4
pl_TransportationOrderRootNode,Set_Last_Update,8,,Set FileName,9,,Succeeded,8→9,Yes,1,4
pl_TransportationOrderRootNode,CD_ArchiveTransportationRootNode,6,,dfTransportationRootNode,10,,Succeeded,6→10,Yes,6,7
PL_PURITAN_SHPEDGE_INVENTORY,Execute Pipeline Ship Edge to ADLS,1,,Data flow Ship Edge Inventory,2,,Succeeded,1→2,Yes,0,1
PL_PURITAN_SHPEDGE_INVENTORY,Data flow Ship Edge Inventory,2,,PostProcessingScript,3,,Succeeded,2→3,Yes,1,2
pl_TransportationLoadHeader,Set FileName,10,,CD_TransportationLoadHeader,1,,Succeeded,10→1,Yes,4,5
pl_TransportationLoadHeader,Set CurrentTimeStamp,2,,Set Container,3,,Succeeded,2→3,Yes,0,1
pl_TransportationLoadHeader,Set Container,3,,Set Path,4,,Succeeded,3→4,Yes,1,2
pl_TransportationLoadHeader,Set Path,4,,Set ArchiveContainer,5,,Succeeded,4→5,Yes,2,3
pl_TransportationLoadHeader,CD_TransportationLoadHeader,1,,CD_ArchiveTransportationLoadHeader,6,,Succeeded,1→6,Yes,5,6
pl_TransportationLoadHeader,CD_ArchiveTransportationLoadHeader,6,,df_TransportationLoadHeader,7,,Succeeded,6→7,Yes,6,7
pl_TransportationLoadHeader,Get_Last_Update,8,,Set_Last_Update,9,,Succeeded,8→9,Yes,0,1
pl_TransportationLoadHeader,Set_Last_Update,9,,Set FileName,10,,Succeeded,9→10,Yes,1,4
pl_TransportationLoadHeader,Set ArchiveContainer,5,,Set FileName,10,,Succeeded,5→10,Yes,3,4
pl_CustomerPassThroughData,Set FileName,9,,CD_CustomerPassThroughData,1,,Succeeded,9→1,Yes,4,5
pl_CustomerPassThroughData,Set CurrentTimeStamp,2,,Set Container,3,,Succeeded,2→3,Yes,0,1
pl_CustomerPassThroughData,Set Container,3,,Set Path,4,,Succeeded,3→4,Yes,1,2
pl_CustomerPassThroughData,Set Path,4,,Set ArchiveContainer,5,,Succeeded,4→5,Yes,2,3
pl_CustomerPassThroughData,CD_CustomerPassThroughData,1,,CD_ArchiveCustomerPassThroughData,6,,Succeeded,1→6,Yes,5,6
pl_CustomerPassThroughData,Get_Last_Update,7,,Set_Last_Update,8,,Succeeded,7→8,Yes,0,1
pl_CustomerPassThroughData,Set_Last_Update,8,,Set FileName,9,,Succeeded,8→9,Yes,1,4
pl_CustomerPassThroughData,Set ArchiveContainer,5,,Set FileName,9,,Succeeded,5→9,Yes,3,4
pl_CustomerPassThroughData,CD_ArchiveCustomerPassThroughData,6,,CustomerPassThroughData,10,,Succeeded,6→10,Yes,6,7
PL_CUSTOMER_MASTER_DATA,Execute Pipeline ADLS to Azure Synapse,9,,Execute Pipeline Sharepoint to ADLS,1,,Succeeded,9→1,Yes,1,2
PL_CUSTOMER_MASTER_DATA,Execute Pipeline Sharepoint to ADLS,1,,GetMetadata,2,,Succeeded,1→2,Yes,2,3
PL_CUSTOMER_MASTER_DATA,Execute Pipeline Sharepoint to ADLS,1,,GetMetadataADLS,3,,Succeeded,1→3,Yes,2,3
PL_CUSTOMER_MASTER_DATA,GetMetadata,2,,IfFileExistsOrModifiedADLS,4,,Succeeded,2→4,Yes,3,4
PL_CUSTOMER_MASTER_DATA,GetMetadataADLS,3,,IfFileExistsOrModified,6,,Succeeded,3→6,Yes,3,4
PL_CUSTOMER_MASTER_DATA,Execute Pipeline Snowflake to ADLS,8,,Execute Pipeline ADLS to Azure Synapse,9,,Succeeded,8→9,Yes,0,1
PL_CUSTOMER_MASTER_DATA,IfFileExistsOrModifiedADLS,4,,UpdateScript,10,,Succeeded,4→10,Yes,4,5
PL_CUSTOMER_MASTER_DATA,IfFileExistsOrModified,6,,UpdateScript,10,,Succeeded,6→10,Yes,4,5
PL_FileSystemUS16_Exceptions,FileList,1,,OnlyFiles,2,,Succeeded,1→2,Yes,0,1
PL_FileSystemUS16_Exceptions,Clean Table,6,,ForEach1,3,,Succeeded,6→3,Yes,2,3
PL_FileSystemUS16_Exceptions,Clean Folder,7,,ForEach1,3,,Succeeded,7→3,Yes,2,3
PL_FileSystemUS16_Exceptions,CD_ExceptionsUS16,4,ForEach1,DF_Exceptions,5,ForEach1,Succeeded,4→5,Yes,0,1
PL_FileSystemUS16_Exceptions,OnlyFiles,2,,Clean Table,6,,Succeeded,2→6,Yes,1,2
PL_FileSystemUS16_Exceptions,OnlyFiles,2,,Clean Folder,7,,Succeeded,2→7,Yes,1,2
PL_METADATA_DRIVEN_OSPREY_TO_ADLS,LookupEntitiesToCopy,1,,ForEachEntity,2,,Succeeded,1→2,Yes,0,1
PL_OSPREY_TO_AZURE_SYNAPSE,Execute Pipeline Osprey To ADLS,1,,Execute Pipeline Osprey ADLS To Azure Synapse,2,,Succeeded,1→2,Yes,0,1
PL_OSPREY_TO_AZURE_SYNAPSE,Execute Pipeline Osprey To ADLS_copy1,3,,Execute Pipeline Osprey ADLS To Azure Synapse_copy1,4,,Succeeded,3→4,Yes,0,1
PL_OSPREY_TO_AZURE_SYNAPSE,Execute Pipeline Osprey ADLS To Azure Synapse,2,,Update Script,5,,Succeeded,2→5,Yes,1,2
PL_OSPREY_TO_AZURE_SYNAPSE,Execute Pipeline Osprey ADLS To Azure Synapse_copy1,4,,Update Script,5,,Succeeded,4→5,Yes,1,2
PL_OSPREY_TO_AZURE_SYNAPSE_SNAPSHOT,Execute Pipeline Osprey To ADLS_copy1,1,,Execute Pipeline Osprey ADLS To Azure Synapse_copy1,2,,Succeeded,1→2,Yes,0,1
PL_METADATA_DRIVE_TBCOSYNAPSE_NHSCADLS,LookupEntitiesToCopy,1,,ForEachEntity,2,,Succeeded,1→2,Yes,0,1
pl_IntegratedOrders_US8X,set_inboundpath,4,,GIO Cancled saphana_to_inbound,1,,Succeeded,4→1,Yes,0,1
pl_IntegratedOrders_US8X,set_inboundpath,4,,GIO Open saphana_to_inbound,2,,Succeeded,4→2,Yes,0,1
pl_IntegratedOrders_US8X,set_inboundpath,4,,GIO Open Delivered Shipped saphana_to_inbound,3,,Succeeded,4→3,Yes,0,1
pl_IntegratedOrders_US8X,set_inboundpath,4,,GIO Invoiced saphana_to_inbound,5,,Succeeded,4→5,Yes,0,1
pl_IntegratedOrders_US8X,set_inboundpath,4,,GIO Invoiced VP saphana_to_inbound,6,,Succeeded,4→6,Yes,0,1
PL_Monthly_IncomeStatement,Date Range,1,,Set Year,2,,Succeeded,1→2,Yes,0,1
PL_Monthly_IncomeStatement,Set varFileToStagingMapping,8,,CD_Part1_Y6CO1MC0QB_BICS_IIS_R,3,,Succeeded,8→3,Yes,2,3
PL_Monthly_IncomeStatement,Date Range,1,,Set Month,4,,Succeeded,1→4,Yes,0,1
PL_Monthly_IncomeStatement,CD_Part1_Y6CO1MC0QB_BICS_IIS_R,3,,df_Montly_IncomeStatement,5,,Succeeded,3→5,Yes,3,4
PL_Monthly_IncomeStatement,CD_Part2_Y6CO1MC0QB_BICS_IIS_R,6,,df_Montly_IncomeStatement,5,,Succeeded,6→5,Yes,3,4
PL_Monthly_IncomeStatement,CD_Part3_Y6CO1MC0QB_BICS_IIS_R,7,,df_Montly_IncomeStatement,5,,Succeeded,7→5,Yes,3,4
PL_Monthly_IncomeStatement,CD_Part4_US01_Y6CO1MC0QB_BICS_IIS_R,9,,df_Montly_IncomeStatement,5,,Succeeded,9→5,Yes,3,4
PL_Monthly_IncomeStatement,CD_Part4_Except_US01_Y6CO1MC0QB_BICS_IIS_R,10,,df_Montly_IncomeStatement,5,,Succeeded,10→5,Yes,3,4
PL_Monthly_IncomeStatement,Set varFileToStagingMapping,8,,CD_Part2_Y6CO1MC0QB_BICS_IIS_R,6,,Succeeded,8→6,Yes,2,3
PL_Monthly_IncomeStatement,Set varFileToStagingMapping,8,,CD_Part3_Y6CO1MC0QB_BICS_IIS_R,7,,Succeeded,8→7,Yes,2,3
PL_Monthly_IncomeStatement,Set Month,4,,Set varFileToStagingMapping,8,,Succeeded,4→8,Yes,1,2
PL_Monthly_IncomeStatement,Set Year,2,,Set varFileToStagingMapping,8,,Succeeded,2→8,Yes,1,2
PL_Monthly_IncomeStatement,Set varFileToStagingMapping,8,,CD_Part4_US01_Y6CO1MC0QB_BICS_IIS_R,9,,Succeeded,8→9,Yes,2,3
PL_Monthly_IncomeStatement,Set varFileToStagingMapping,8,,CD_Part4_Except_US01_Y6CO1MC0QB_BICS_IIS_R,10,,Succeeded,8→10,Yes,2,3
PL_Monthly_IncomeStatement_LOAD_History,Date Range,1,,ForEach1,2,,Succeeded,1→2,Yes,0,1
PL_Monthly_IncomeStatement_LOAD_History,Set Year,3,ForEach1,CD_Y6CO1MC0QB_BICS_IIS_R,4,ForEach1,Succeeded,3→4,Yes,0,1
PL_Monthly_IncomeStatement_LOAD_History,Set Month,6,ForEach1,CD_Y6CO1MC0QB_BICS_IIS_R,4,ForEach1,Succeeded,6→4,Yes,0,1
PL_Monthly_IncomeStatement_LOAD_History,CD_Y6CO1MC0QB_BICS_IIS_R,4,ForEach1,CD_Archive,5,ForEach1,Succeeded,4→5,Yes,1,2
PL_GetDataFromDEV,Lookup1,3,,ForEach1,1,,Succeeded,3→1,Yes,0,1
PL_SendLargeDataToProd,Get Files To Load,1,,ForEach1,2,,Succeeded,1→2,Yes,0,1
pl_EventMessageHeader_Hist,Set Container,1,,Set Path,2,,Succeeded,1→2,Yes,0,1
pl_EventMessageHeader_Hist,Set Path,2,,Set ArchiveContainer,3,,Succeeded,2→3,Yes,1,2
pl_EventMessageHeader_Hist,Set ArchiveContainer,3,,Set FileName,4,,Succeeded,3→4,Yes,2,3
pl_EventMessageHeader_Hist,Set FileName,4,,Lookup1,5,,Succeeded,4→5,Yes,3,4
pl_EventMessageHeader_Hist,Lookup1,5,,ForEach1,6,,Succeeded,5→6,Yes,4,5
pl_EventMessageHeader_Hist,CD_EventMessageHeader,7,ForEach1,CD_ArchiveEventMessageHeader,8,ForEach1,Succeeded,7→8,Yes,0,1
pl_EventMessageHeader_Hist,CD_ArchiveEventMessageHeader,8,ForEach1,df_EventMessageHeader_Hist,9,ForEach1,Succeeded,8→9,Yes,1,2
pl_FreightOrderTracking_Hist,Set Container,1,,Set Path,2,,Succeeded,1→2,Yes,0,1
pl_FreightOrderTracking_Hist,Set Path,2,,Set ArchiveContainer,3,,Succeeded,2→3,Yes,1,2
pl_FreightOrderTracking_Hist,Set ArchiveContainer,3,,Set FileName,4,,Succeeded,3→4,Yes,2,3
pl_FreightOrderTracking_Hist,Set FileName,4,,Lookup1,5,,Succeeded,4→5,Yes,3,4
pl_FreightOrderTracking_Hist,Lookup1,5,,ForEach1,6,,Succeeded,5→6,Yes,4,5
pl_FreightOrderTracking_Hist,CD_FreightOrderTracking,7,ForEach1,CD_ArchiveFreightOrderTracking,8,ForEach1,Succeeded,7→8,Yes,0,1
pl_FreightOrderTracking_Hist,CD_ArchiveFreightOrderTracking,8,ForEach1,df_FreightOrderTracking_Hist,9,ForEach1,Succeeded,8→9,Yes,1,2
pl_MessageStatus_Hist,Set Container,1,,Set Path,2,,Succeeded,1→2,Yes,0,1
pl_MessageStatus_Hist,Set Path,2,,Set ArchiveContainer,3,,Succeeded,2→3,Yes,1,2
pl_MessageStatus_Hist,Set ArchiveContainer,3,,Set FileName,4,,Succeeded,3→4,Yes,2,3
pl_MessageStatus_Hist,Set FileName,4,,Lookup1,5,,Succeeded,4→5,Yes,3,4
pl_MessageStatus_Hist,Lookup1,5,,ForEach1,6,,Succeeded,5→6,Yes,4,5
pl_MessageStatus_Hist,CD_MessageStatus,7,ForEach1,CD_ArchiveMessageStatus,8,ForEach1,Succeeded,7→8,Yes,0,1
pl_MessageStatus_Hist,CD_ArchiveMessageStatus,8,ForEach1,df_MessageStatus,9,ForEach1,Succeeded,8→9,Yes,1,2
pl_TransportationOrderRootNode_Hist,Set Container,1,,Set Path,2,,Succeeded,1→2,Yes,0,1
pl_TransportationOrderRootNode_Hist,Set Path,2,,Set ArchiveContainer,3,,Succeeded,2→3,Yes,1,2
pl_TransportationOrderRootNode_Hist,Set ArchiveContainer,3,,Set FileName,4,,Succeeded,3→4,Yes,2,3
pl_TransportationOrderRootNode_Hist,Set FileName,4,,Lookup1,5,,Succeeded,4→5,Yes,3,4
pl_TransportationOrderRootNode_Hist,Lookup1,5,,ForEach1,6,,Succeeded,5→6,Yes,4,5
pl_TransportationOrderRootNode_Hist,CD_TransportationLoadHeader,7,ForEach1,CD_ArchiveTransportationLoadHeader,8,ForEach1,Succeeded,7→8,Yes,0,1
pl_TransportationOrderRootNode_Hist,CD_ArchiveTransportationLoadHeader,8,ForEach1,TransportationOrderRootNode,9,ForEach1,Succeeded,8→9,Yes,1,2
pl_SalesDocumentPartner_Hist,Set Container,1,,Set Path,2,,Succeeded,1→2,Yes,0,1
pl_SalesDocumentPartner_Hist,Set Path,2,,Set ArchiveContainer,3,,Succeeded,2→3,Yes,1,2
pl_SalesDocumentPartner_Hist,Set ArchiveContainer,3,,Set FileName,4,,Succeeded,3→4,Yes,2,3
pl_SalesDocumentPartner_Hist,Lookup1,9,,ForEach1,5,,Succeeded,9→5,Yes,4,5
pl_SalesDocumentPartner_Hist,CD_SalesDocumentPartner,6,ForEach1,CD_ArchiveSalesDocumentPartner,7,ForEach1,Succeeded,6→7,Yes,0,1
pl_SalesDocumentPartner_Hist,CD_ArchiveSalesDocumentPartner,7,ForEach1,df_SalesDocumentPartner_copy1,8,ForEach1,Succeeded,7→8,Yes,1,2
pl_SalesDocumentPartner_Hist,Set FileName,4,,Lookup1,9,,Succeeded,4→9,Yes,3,4
pl_CustomerPassThroughData_Hist,Set Container,1,,Set Path,2,,Succeeded,1→2,Yes,0,1
pl_CustomerPassThroughData_Hist,Set Path,2,,Set ArchiveContainer,3,,Succeeded,2→3,Yes,1,2
pl_CustomerPassThroughData_Hist,Set ArchiveContainer,3,,Set FileName,4,,Succeeded,3→4,Yes,2,3
pl_CustomerPassThroughData_Hist,Lookup1,9,,ForEach1,5,,Succeeded,9→5,Yes,4,5
pl_CustomerPassThroughData_Hist,CD_CustomerPassThroughData,6,ForEach1,CD_ArchiveCustomerPassThroughData,7,ForEach1,Succeeded,6→7,Yes,0,1
pl_CustomerPassThroughData_Hist,CD_ArchiveCustomerPassThroughData,7,ForEach1,df_CustomerPassThroughData_Hist,8,ForEach1,Succeeded,7→8,Yes,1,2
pl_CustomerPassThroughData_Hist,Set FileName,4,,Lookup1,9,,Succeeded,4→9,Yes,3,4
PL_OrderStatusTracking_DW,Data flow1,1,,Copy data1,2,,Succeeded,1→2,Yes,0,1
PL_OrderStatusTracking,If Condition1,2,,Copy data1,1,,Succeeded,2→1,Yes,0,1
PL_OrderStatusTracking,Copy data1,1,,Execute Pipeline1,4,,Succeeded,1→4,Yes,1,2
PL_OrderChangeLogIntegrated,Copy data1,1,,Execute Pipeline1,2,,Succeeded,1→2,Yes,0,1
pl_3PL_EKPO,Set FileName,9,,CD_3PL_INBOUND_EKPO,1,,Succeeded,9→1,Yes,4,5
pl_3PL_EKPO,Set CurrentTimeStamp,2,,Set Container,3,,Succeeded,2→3,Yes,0,1
pl_3PL_EKPO,Set Container,3,,Set Path,4,,Succeeded,3→4,Yes,1,2
pl_3PL_EKPO,Set Path,4,,Set ArchiveContainer,5,,Succeeded,4→5,Yes,2,3
pl_3PL_EKPO,CD_3PL_INBOUND_EKPO,1,,CD_Archive_3PL_INBOUND_EKPO,6,,Succeeded,1→6,Yes,5,6
pl_3PL_EKPO,Get_Last_Update,7,,Set_Last_Update,8,,Succeeded,7→8,Yes,0,1
pl_3PL_EKPO,Set_Last_Update,8,,Set FileName,9,,Succeeded,8→9,Yes,1,4
pl_3PL_EKPO,Set ArchiveContainer,5,,Set FileName,9,,Succeeded,5→9,Yes,3,4
pl_3PL_EKPO,CD_Archive_3PL_INBOUND_EKPO,6,,DF_3PL_INBOUND_EKPO,10,,Succeeded,6→10,Yes,6,7
pl_3PL_EKES,Set FileName,9,,CD_3PL_INBOUND_EKES,1,,Succeeded,9→1,Yes,4,5
pl_3PL_EKES,Set CurrentTimeStamp,2,,Set Container,3,,Succeeded,2→3,Yes,0,1
pl_3PL_EKES,Set Container,3,,Set Path,4,,Succeeded,3→4,Yes,1,2
pl_3PL_EKES,Set Path,4,,Set ArchiveContainer,5,,Succeeded,4→5,Yes,2,3
pl_3PL_EKES,CD_3PL_INBOUND_EKES,1,,CD_Archive_3PL_INBOUND_EKES,6,,Succeeded,1→6,Yes,5,6
pl_3PL_EKES,Get_Last_Update,7,,Set_Last_Update,8,,Succeeded,7→8,Yes,0,1
pl_3PL_EKES,Set_Last_Update,8,,Set FileName,9,,Succeeded,8→9,Yes,1,4
pl_3PL_EKES,Set ArchiveContainer,5,,Set FileName,9,,Succeeded,5→9,Yes,3,4
pl_3PL_EKES,CD_Archive_3PL_INBOUND_EKES,6,,DF_3PL_INBOUND_EKES,10,,Succeeded,6→10,Yes,6,7
pl_3PL_EKET,Set FileName,9,,CD_3PL_INBOUND_EKET,1,,Succeeded,9→1,Yes,4,5
pl_3PL_EKET,Set CurrentTimeStamp,2,,Set Container,3,,Succeeded,2→3,Yes,0,1
pl_3PL_EKET,Set Container,3,,Set Path,4,,Succeeded,3→4,Yes,1,2
pl_3PL_EKET,Set Path,4,,Set ArchiveContainer,5,,Succeeded,4→5,Yes,2,3
pl_3PL_EKET,CD_3PL_INBOUND_EKET,1,,CD_Archive_3PL_INBOUND_EKET,6,,Succeeded,1→6,Yes,5,6
pl_3PL_EKET,Get_Last_Update,7,,Set_Last_Update,8,,Succeeded,7→8,Yes,0,1
pl_3PL_EKET,Set_Last_Update,8,,Set FileName,9,,Succeeded,8→9,Yes,1,4
pl_3PL_EKET,Set ArchiveContainer,5,,Set FileName,9,,Succeeded,5→9,Yes,3,4
pl_3PL_EKET,CD_Archive_3PL_INBOUND_EKET,6,,DF_3PL_INBOUND_EKET,10,,Succeeded,6→10,Yes,6,7
pl_3PL_EKKO,Set FileName,9,,CD_3PL_INBOUND_EKKO,1,,Succeeded,9→1,Yes,4,5
pl_3PL_EKKO,Set CurrentTimeStamp,2,,Set Container,3,,Succeeded,2→3,Yes,0,1
pl_3PL_EKKO,Set Container,3,,Set Path,4,,Succeeded,3→4,Yes,1,2
pl_3PL_EKKO,Set Path,4,,Set ArchiveContainer,5,,Succeeded,4→5,Yes,2,3
pl_3PL_EKKO,CD_3PL_INBOUND_EKKO,1,,CD_Archive3PL_INBOUND_EKKO,6,,Succeeded,1→6,Yes,5,6
pl_3PL_EKKO,Get_Last_Update,7,,Set_Last_Update,8,,Succeeded,7→8,Yes,0,1
pl_3PL_EKKO,Set_Last_Update,8,,Set FileName,9,,Succeeded,8→9,Yes,1,4
pl_3PL_EKKO,Set ArchiveContainer,5,,Set FileName,9,,Succeeded,5→9,Yes,3,4
pl_3PL_EKKO,CD_Archive3PL_INBOUND_EKKO,6,,DF_3PL_INBOUND_EKKO,10,,Succeeded,6→10,Yes,6,7
3PL_Master,EKKO,1,,EKPO,2,,Succeeded,1→2,Yes,0,1
3PL_Master,EKPO,2,,EKET,3,,Succeeded,2→3,Yes,1,2
3PL_Master,EKET,3,,EKES,4,,Succeeded,3→4,Yes,2,3
3PL_Master,EKKO,1,,SCAC,5,,Succeeded,1→5,Yes,0,1
3PL_Master,EKKO,1,,pl_3PL_EKBE,6,,Succeeded,1→6,Yes,0,1
3PL_Master,SCAC,5,,PL_Snow_3PL_VM,7,,Succeeded,5→7,Yes,1,2
PL_DWH_TO_OSD,OSD Query to ADLS,1,,If Condition1,2,,Succeeded,1→2,Yes,0,1
PL_DWH_TO_OSD,ADLS to OSD Staging,3,If Condition1→TRUE,Stored procedure1,4,If Condition1→TRUE,Succeeded,3→4,Yes,0,1
pl_BOM_BomHeader,Set FileName,9,,CD_BOM_HEADER,1,,Succeeded,9→1,Yes,4,5
pl_BOM_BomHeader,Set CurrentTimeStamp,2,,Set Container,3,,Succeeded,2→3,Yes,0,1
pl_BOM_BomHeader,Set Container,3,,Set Path,4,,Succeeded,3→4,Yes,1,2
pl_BOM_BomHeader,Set Path,4,,Set ArchiveContainer,5,,Succeeded,4→5,Yes,2,3
pl_BOM_BomHeader,CD_BOM_HEADER,1,,CD_Archive_BOM_HEADER,6,,Succeeded,1→6,Yes,5,6
pl_BOM_BomHeader,Get_Last_Update,7,,Set_Last_Update,8,,Succeeded,7→8,Yes,0,1
pl_BOM_BomHeader,Set_Last_Update,8,,Set FileName,9,,Succeeded,8→9,Yes,1,4
pl_BOM_BomHeader,Set ArchiveContainer,5,,Set FileName,9,,Succeeded,5→9,Yes,3,4
pl_BOM_BomHeader,CD_Archive_BOM_HEADER,6,,DF_BOM_HEADER,10,,Succeeded,6→10,Yes,6,7
pl_BOM_BomHeader,DF_BOM_HEADER,10,,Done,11,,Succeeded,10→11,Yes,7,8
pl_BOM_BomItem,Set FileName,9,,CD_BOM_Item,1,,Succeeded,9→1,Yes,4,5
pl_BOM_BomItem,Set CurrentTimeStamp,2,,Set Container,3,,Succeeded,2→3,Yes,0,1
pl_BOM_BomItem,Set Container,3,,Set Path,4,,Succeeded,3→4,Yes,1,2
pl_BOM_BomItem,Set Path,4,,Set ArchiveContainer,5,,Succeeded,4→5,Yes,2,3
pl_BOM_BomItem,CD_BOM_Item,1,,CD_Archive_BOM_Item,6,,Succeeded,1→6,Yes,5,6
pl_BOM_BomItem,Get_Last_Update,7,,Set_Last_Update,8,,Succeeded,7→8,Yes,0,1
pl_BOM_BomItem,Set_Last_Update,8,,Set FileName,9,,Succeeded,8→9,Yes,1,4
pl_BOM_BomItem,Set ArchiveContainer,5,,Set FileName,9,,Succeeded,5→9,Yes,3,4
pl_BOM_BomItem,CD_Archive_BOM_Item,6,,DF_BOM_Item,10,,Succeeded,6→10,Yes,6,7
pl_BOM_BomItem,DF_BOM_Item,10,,Done,11,,Succeeded,10→11,Yes,7,8
pl_BOM_BomLink,Set FileName,9,,CD_BOM_Link,1,,Succeeded,9→1,Yes,4,5
pl_BOM_BomLink,Set CurrentTimeStamp,2,,Set Container,3,,Succeeded,2→3,Yes,0,1
pl_BOM_BomLink,Set Container,3,,Set Path,4,,Succeeded,3→4,Yes,1,2
pl_BOM_BomLink,Set Path,4,,Set ArchiveContainer,5,,Succeeded,4→5,Yes,2,3
pl_BOM_BomLink,CD_BOM_Link,1,,CD_Archive_BOM_Link,6,,Succeeded,1→6,Yes,5,6
pl_BOM_BomLink,Get_Last_Update,7,,Set_Last_Update,8,,Succeeded,7→8,Yes,0,1
pl_BOM_BomLink,Set_Last_Update,8,,Set FileName,9,,Succeeded,8→9,Yes,1,4
pl_BOM_BomLink,Set ArchiveContainer,5,,Set FileName,9,,Succeeded,5→9,Yes,3,4
pl_BOM_BomLink,CD_Archive_BOM_Link,6,,DF_BOM_Link,10,,Succeeded,6→10,Yes,6,7
pl_BOM_BomLink,DF_BOM_Link,10,,Done,11,,Succeeded,10→11,Yes,7,8
BOM_Master,BOM_Header,1,,BOM_Item,2,,Succeeded,1→2,Yes,0,1
BOM_Master,BOM_Item,2,,BOM_Link,3,,Succeeded,2→3,Yes,1,2
PL_NUTRITION_EOM,Part4,3,,Determine If Error is Valid Part4,7,,Failed,3→7,Yes,0,1
PL_NUTRITION_EOM,Part2,2,,Determine If Error is Valid Part2,10,,Failed,2→10,Yes,0,1
PL_Sales_EOM,Part1,1,,If Valid Error Then Fail Part 1,7,,Failed,1→7,Yes,0,1
PL_Sales_EOM,Part2,2,,If Valid Error Then Fail Part 2,9,,Failed,2→9,Yes,0,1
PL_Sales_EOM,Part3,3,,If Valid Error Then Fail Part 3,11,,Failed,3→11,Yes,0,1
PL_Sales_EOM,Part5,5,,If Valid Error Then Fail Part 5,13,,Failed,5→13,Yes,0,1
PL_Sales_EOM,Part6,6,,If Valid Error Then Fail Part 6,15,,Failed,6→15,Yes,0,1
PL_Sales_EOM,Part4,4,,If Valid Error Then Fail Part 4,17,,Failed,4→17,Yes,0,1
PL_Sales_EOM,Part7,19,,If Valid Error Then Fail Part 7,20,,Failed,19→20,Yes,0,1
PL_BW_YGTGDMC11QB_SALESSUMMARY_EOM,Clean Folder EOM_Nutrition,9,,LookupDateRange,1,,Succeeded,9→1,Yes,0,1
PL_BW_YGTGDMC11QB_SALESSUMMARY_EOM,Clean Folder EOM_Sales,10,,LookupDateRange,1,,Succeeded,10→1,Yes,0,1
PL_BW_YGTGDMC11QB_SALESSUMMARY_EOM,LookupDateRange,1,,ForEachDate,2,,Succeeded,1→2,Yes,1,2
PL_BW_YGTGDMC11QB_SALESSUMMARY_EOM,CD_Archive_EOM_Nutrition,7,ForEachDate,df_Nutrition_CombineSalesSummary,4,ForEachDate,Succeeded,7→4,Yes,1,2
PL_BW_YGTGDMC11QB_SALESSUMMARY_EOM,CD_Archive_EOM_SalesSummary,8,ForEachDate,DF_Nestle_Multi_Files,5,ForEachDate,Succeeded,8→5,Yes,1,2
PL_BW_YGTGDMC11QB_SALESSUMMARY_EOM,PL_NUTRITION_EOM,3,ForEachDate,CD_Archive_EOM_Nutrition,7,ForEachDate,Succeeded,3→7,Yes,0,1
PL_BW_YGTGDMC11QB_SALESSUMMARY_EOM,PL_Sales_EOM,6,ForEachDate,CD_Archive_EOM_SalesSummary,8,ForEachDate,Completed,6→8,Yes,0,1
pl_GetUOM,GetClientSecret,16,,GetAuthToken,1,,Succeeded,16→1,Yes,0,1
pl_GetUOM,LookupFilesToCopy,5,,ForEachFile,6,,Succeeded,5→6,Yes,0,2
pl_GetUOM,Month,4,,ForEachFile,6,,Succeeded,4→6,Yes,0,2
pl_GetUOM,Year,3,,ForEachFile,6,,Succeeded,3→6,Yes,0,2
pl_GetUOM,Time,2,,ForEachFile,6,,Succeeded,2→6,Yes,0,2
pl_GetUOM,GetAuthToken,1,,ForEachFile,6,,Succeeded,1→6,Yes,1,2
pl_GetUOM,Web_GetFileLUD,7,ForEachFile,Set LUD,8,ForEachFile,Succeeded,7→8,Yes,0,1
pl_GetUOM,Lookup_Old_LUD,10,ForEachFile,Set OLD_LUD,9,ForEachFile,Succeeded,10→9,Yes,0,1
pl_GetUOM,Set LUD,8,ForEachFile,If File Updated,11,ForEachFile,Succeeded,8→11,Yes,1,2
pl_GetUOM,Set OLD_LUD,9,ForEachFile,If File Updated,11,ForEachFile,Succeeded,9→11,Yes,1,2
pl_GetUOM,CD_Files,12,If File Updated→TRUE,CD_Archive,13,If File Updated→TRUE,Succeeded,12→13,Yes,0,1
pl_GetUOM,CD_Archive,13,If File Updated→TRUE,CD_Update_WaterMark,14,If File Updated→TRUE,Succeeded,13→14,Yes,1,2
pl_GetUOM,CD_Archive,13,If File Updated→TRUE,df_UOM,15,If File Updated→TRUE,Succeeded,13→15,Yes,1,2
pl_First_Quality_Performance,CD_Archive_First_Quality,3,,df_First_Quality_Performance,2,,Succeeded,3→2,Yes,1,2
pl_First_Quality_Performance,pl_First_Quality_Performance,1,,CD_Archive_First_Quality,3,,Succeeded,1→3,Yes,0,1
PL_GSC_ORDERHD_STATUS,CD_OrderHeaderStatus,1,,Copy to Synapse,2,,Succeeded,1→2,Yes,0,1
pl_AgeingStockReport,Get_Ageing_File,1,,Get Metadata1,2,,Succeeded,1→2,Yes,0,1
pl_AgeingStockReport,Get Metadata1,2,,If Condition1,3,,Succeeded,2→3,Yes,1,2
pl_AgeingStockReport,Set FileName,8,If Condition1→TRUE,CD_Archive,5,If Condition1→TRUE,Succeeded,8→5,Yes,2,3
pl_AgeingStockReport,CD_Archive,5,If Condition1→TRUE,df_AgeingReport,6,If Condition1→TRUE,Succeeded,5→6,Yes,3,4
pl_AgeingStockReport,HAS DATA,4,If Condition1→TRUE,Set Path,7,If Condition1→TRUE,Succeeded,4→7,Yes,0,1
pl_AgeingStockReport,Set Path,7,If Condition1→TRUE,Set FileName,8,If Condition1→TRUE,Succeeded,7→8,Yes,1,2
pl_AgeingStockReport,NO DATA,9,If Condition1→FALSE,Send_Email_Ageing,10,If Condition1→FALSE,Succeeded,9→10,Yes,0,1
pl_AgeingStockReport,If Condition1,3,,Done,11,,Succeeded,3→11,Yes,2,3
PL_METADATA_DRIVE_TBCOSYNAPSEQUERY_NHSCADLS,LookupEntitiesToCopy,1,,ForEachEntity,2,,Succeeded,1→2,Yes,0,1
PL_METADATA_DRIVE_SALESFORCE_NHSCADLS,LookupEntitiesToCopy,1,,ForEachEntity,2,,Succeeded,1→2,Yes,0,1
pl_PhysicalStock,Set FileName_PhysicalStock,8,,CD_PhysicalStock,1,,Succeeded,8→1,Yes,6,7
pl_PhysicalStock,Set CurrentTimeStamp,2,,Set Container,3,,Succeeded,2→3,Yes,0,1
pl_PhysicalStock,Set Container,3,,Set Path,4,,Succeeded,3→4,Yes,1,2
pl_PhysicalStock,Set Path,4,,Set ArchiveContainer,5,,Succeeded,4→5,Yes,2,3
pl_PhysicalStock,Set ArchiveContainer,5,,Get_Last_Update_PhysicalStock,6,,Succeeded,5→6,Yes,3,4
pl_PhysicalStock,Get_Last_Update_PhysicalStock,6,,Set_Last_Update_HUHDR,7,,Succeeded,6→7,Yes,4,5
pl_PhysicalStock,Set_Last_Update_HUHDR,7,,Set FileName_PhysicalStock,8,,Succeeded,7→8,Yes,5,6
pl_PhysicalStock,CD_PhysicalStock,1,,CD_Archive_PhysicalStock,9,,Succeeded,1→9,Yes,7,8
pl_PhysicalStock,CD_Archive_PhysicalStock,9,,DF_PhysicalStock,10,,Succeeded,9→10,Yes,8,9
PL_METADATA_DRIVEN_ADLS_TO_AZURE_SYNAPSE_NO_TRUNC,LookupEntitiesToCopy,1,,ForEachEntity,2,,Succeeded,1→2,Yes,0,1
PL_TBCO_MASTER_DATA,Execute Pipeline TBCO Azure Synapse,1,,Execute Pipeline ADLS to Azure Synapse,2,,Succeeded,1→2,Yes,0,1
PL_TBCO_MASTER_DATA,Execute Pipeline ADLS to Azure Synapse,2,,Script1,3,,Succeeded,2→3,Yes,1,2
PL_PURITAN_DATA_TO_AZURE,Execute Pipeline TBCO Azure Synapse,1,,Execute Pipeline ADLS to Azure Synapse,2,,Succeeded,1→2,Yes,0,1
PL_PURITAN_DATA_TO_AZURE,Execute data flow Item,7,,Execute Pipeline Salesforce,3,,Succeeded,7→3,Yes,1,2
PL_PURITAN_DATA_TO_AZURE,Execute Pipeline Salesforce,3,,Execute Pipeline ADLS to Azure Synapse_copy1,4,,Succeeded,3→4,Yes,2,3
PL_PURITAN_DATA_TO_AZURE,Execute Pipeline ADLS to Azure Synapse,2,,PostProcessingScript,5,,Succeeded,2→5,Yes,1,6
PL_PURITAN_DATA_TO_AZURE,Copy Staging to Synapse Orders_copy2,14,,PostProcessingScript,5,,Succeeded,14→5,Yes,5,6
PL_PURITAN_DATA_TO_AZURE,Execute Pipeline Salesforce Master Data,6,,Execute data flow Item,7,,Succeeded,6→7,Yes,0,1
PL_PURITAN_DATA_TO_AZURE,PostProcessingScript,5,,PuritanBatchesScript,8,,Succeeded,5→8,Yes,6,7
PL_PURITAN_DATA_TO_AZURE,Copy Salesforce data to Azure Synapse_copy1,10,,Copy Staging to Synapse Address,9,,Succeeded,10→9,Yes,2,3
PL_PURITAN_DATA_TO_AZURE,Copy Staging to Synapse Address_copy1,12,,Copy Salesforce data to Azure Synapse_copy1,10,,Succeeded,12→10,Yes,1,2
PL_PURITAN_DATA_TO_AZURE,PuritanBatchesScript,8,,Copy Staging to Synapse Orders_copy1,11,,Succeeded,8→11,Yes,7,8
PL_PURITAN_DATA_TO_AZURE,Copy Salesforce data to Azure Synapse_copy1_copy1,13,,Copy Staging to Synapse Address_copy1,12,,Succeeded,13→12,Yes,0,1
PL_PURITAN_DATA_TO_AZURE,Copy Salesforce data to Azure Synapse_copy2,15,,Copy Staging to Synapse Orders_copy2,14,,Succeeded,15→14,Yes,4,5
PL_PURITAN_DATA_TO_AZURE,Execute Pipeline ADLS to Azure Synapse_copy1,4,,Copy Salesforce data to Azure Synapse_copy2,15,,Succeeded,4→15,Yes,3,4
PL_PURITAN_DATA_TO_AZURE,Copy Salesforce data to Azure Synapse,17,,Copy Staging to Synapse,16,,Succeeded,17→16,Yes,9,10
PL_PURITAN_DATA_TO_AZURE,Copy Staging to Synapse Orders_copy1,11,,Copy Salesforce data to Azure Synapse,17,,Succeeded,11→17,Yes,8,9
PL_BasePrice,CD_BasePriceHistory,1,,CD_Synapse,2,,Succeeded,1→2,Yes,0,1
pl_GetVendorMaster,Set FileName,9,,CD_VendorMaster,1,,Succeeded,9→1,Yes,4,5
pl_GetVendorMaster,Set CurrentTimeStamp,2,,Set Container,3,,Succeeded,2→3,Yes,0,1
pl_GetVendorMaster,Set Container,3,,Set Path,4,,Succeeded,3→4,Yes,1,2
pl_GetVendorMaster,Set Path,4,,Set ArchiveContainer,5,,Succeeded,4→5,Yes,2,3
pl_GetVendorMaster,CD_VendorMaster,1,,CD_Archive_VendorMaster,6,,Succeeded,1→6,Yes,5,6
pl_GetVendorMaster,Get_Last_Update,7,,Set_Last_Update,8,,Succeeded,7→8,Yes,0,1
pl_GetVendorMaster,Set_Last_Update,8,,Set FileName,9,,Succeeded,8→9,Yes,1,4
pl_GetVendorMaster,Set ArchiveContainer,5,,Set FileName,9,,Succeeded,5→9,Yes,3,4
pl_GetVendorMaster,CD_Archive_VendorMaster,6,,DF_VendorMaster,10,,Succeeded,6→10,Yes,6,7
pl_3PL_SCAC,Set FileName,8,,CD_3PL_INBOUND_SCAC,1,,Succeeded,8→1,Yes,4,5
pl_3PL_SCAC,Set CurrentTimeStamp,2,,Set Container,3,,Succeeded,2→3,Yes,0,1
pl_3PL_SCAC,Set Container,3,,Set Path,4,,Succeeded,3→4,Yes,1,2
pl_3PL_SCAC,Set Path,4,,Set ArchiveContainer,5,,Succeeded,4→5,Yes,2,3
pl_3PL_SCAC,Get_Last_Update,6,,Set_Last_Update,7,,Succeeded,6→7,Yes,0,1
pl_3PL_SCAC,Set_Last_Update,7,,Set FileName,8,,Succeeded,7→8,Yes,1,4
pl_3PL_SCAC,Set ArchiveContainer,5,,Set FileName,8,,Succeeded,5→8,Yes,3,4
pl_3PL_SCAC,CD_3PL_INBOUND_SCAC,1,,DF_3PL_SCAC,9,,Succeeded,1→9,Yes,5,6
PL_Process_Amazon_SFR,Exist_AmazonSFR,1,,If Amazon SFR,2,,Succeeded,1→2,Yes,0,1
PL_Process_Amazon_SFR,Weekend,4,If Amazon SFR→TRUE,DF_Amazon_SFR,3,If Amazon SFR→TRUE,Succeeded,4→3,Yes,1,2
PL_Process_Amazon_SFR,DF_Amazon_SFR_Date,7,If Amazon SFR→TRUE,Weekend,4,If Amazon SFR→TRUE,Succeeded,7→4,Yes,0,1
PL_Process_Amazon_SFR,DF_Amazon_SFR,3,If Amazon SFR→TRUE,DeleteRawFile,5,If Amazon SFR→TRUE,Succeeded,3→5,Yes,2,3
PL_Process_Amazon_SFR,DF_Amazon_SFR,3,If Amazon SFR→TRUE,DeleteWeekendFile,6,If Amazon SFR→TRUE,Succeeded,3→6,Yes,2,3
PL_Process_Amazon_SFR,Exist_VMHS_Keywords,8,,If VMHS_Keywords,9,,Succeeded,8→9,Yes,0,1
PL_Process_Amazon_SFR,CD_VMHS_Keywords,10,If VMHS_Keywords→TRUE,Delete_VMHS_Keywords,11,If VMHS_Keywords→TRUE,Succeeded,10→11,Yes,0,1
PL_GET_Amazon_SFR_Data,Time,11,,ForEachFile,2,,Succeeded,11→2,Yes,0,2
PL_GET_Amazon_SFR_Data,Year,13,,ForEachFile,2,,Succeeded,13→2,Yes,0,2
PL_GET_Amazon_SFR_Data,Month,12,,ForEachFile,2,,Succeeded,12→2,Yes,0,2
PL_GET_Amazon_SFR_Data,LookupFilesToCopy,1,,ForEachFile,2,,Succeeded,1→2,Yes,0,2
PL_GET_Amazon_SFR_Data,GetAuthToken,14,,ForEachFile,2,,Succeeded,14→2,Yes,1,2
PL_GET_Amazon_SFR_Data,Web_GetFileLUD,10,ForEachFile,Set LUD,3,ForEachFile,Succeeded,10→3,Yes,0,1
PL_GET_Amazon_SFR_Data,Set LUD,3,ForEachFile,If File has been Updated,5,ForEachFile,Succeeded,3→5,Yes,1,2
PL_GET_Amazon_SFR_Data,Set OLD LUD,9,ForEachFile,If File has been Updated,5,ForEachFile,Succeeded,9→5,Yes,1,2
PL_GET_Amazon_SFR_Data,CD_Amazon_Files,6,If File has been Updated→TRUE,CD_Archive_Files,7,If File has been Updated→TRUE,Succeeded,6→7,Yes,0,1
PL_GET_Amazon_SFR_Data,CD_Archive_Files,7,If File has been Updated→TRUE,CD_Update_WaterMark,8,If File has been Updated→TRUE,Succeeded,7→8,Yes,1,2
PL_GET_Amazon_SFR_Data,Lookup_Old_LUD,4,ForEachFile,Set OLD LUD,9,ForEachFile,Succeeded,4→9,Yes,0,1
PL_GET_Amazon_SFR_Data,GetClientSecret,15,,GetAuthToken,14,,Succeeded,15→14,Yes,0,1
PL_Master_Amazon_SFR,PL_GET_Amazon_SFR_Data,2,,PL_Process_Amazon_SFR,1,,Succeeded,2→1,Yes,0,1
PL_GET_Amazon_MarketShare,Time,11,,ForEachFile,2,,Succeeded,11→2,Yes,0,2
PL_GET_Amazon_MarketShare,Year,13,,ForEachFile,2,,Succeeded,13→2,Yes,0,2
PL_GET_Amazon_MarketShare,Month,12,,ForEachFile,2,,Succeeded,12→2,Yes,0,2
PL_GET_Amazon_MarketShare,LookupFilesToCopy,1,,ForEachFile,2,,Succeeded,1→2,Yes,0,2
PL_GET_Amazon_MarketShare,GetAuthToken,14,,ForEachFile,2,,Succeeded,14→2,Yes,1,2
PL_GET_Amazon_MarketShare,Web_GetFileLUD,10,ForEachFile,Set LUD,3,ForEachFile,Succeeded,10→3,Yes,0,1
PL_GET_Amazon_MarketShare,Set LUD,3,ForEachFile,If File has been Updated,5,ForEachFile,Succeeded,3→5,Yes,1,2
PL_GET_Amazon_MarketShare,Set OLD LUD,9,ForEachFile,If File has been Updated,5,ForEachFile,Succeeded,9→5,Yes,1,2
PL_GET_Amazon_MarketShare,CD_Amazon_Files,6,If File has been Updated→TRUE,CD_Archive_Files,7,If File has been Updated→TRUE,Succeeded,6→7,Yes,0,1
PL_GET_Amazon_MarketShare,CD_Archive_Files,7,If File has been Updated→TRUE,CD_Update_WaterMark,8,If File has been Updated→TRUE,Succeeded,7→8,Yes,1,2
PL_GET_Amazon_MarketShare,Lookup_Old_LUD,4,ForEachFile,Set OLD LUD,9,ForEachFile,Succeeded,4→9,Yes,0,1
PL_GET_Amazon_MarketShare,GetClientSecret,15,,GetAuthToken,14,,Succeeded,15→14,Yes,0,1
PL_GET_Customer_Master_Grouping,Time,17,,ForEachFile,2,,Succeeded,17→2,Yes,0,2
PL_GET_Customer_Master_Grouping,Year,19,,ForEachFile,2,,Succeeded,19→2,Yes,0,2
PL_GET_Customer_Master_Grouping,Month,18,,ForEachFile,2,,Succeeded,18→2,Yes,0,2
PL_GET_Customer_Master_Grouping,LookupFilesToCopy,1,,ForEachFile,2,,Succeeded,1→2,Yes,0,2
PL_GET_Customer_Master_Grouping,GetAuthToken,20,,ForEachFile,2,,Succeeded,20→2,Yes,1,2
PL_GET_Customer_Master_Grouping,Web_GetFileLUD,16,ForEachFile,Set LUD,3,ForEachFile,Succeeded,16→3,Yes,0,1
PL_GET_Customer_Master_Grouping,Set LUD,3,ForEachFile,If File has been Updated,5,ForEachFile,Succeeded,3→5,Yes,1,2
PL_GET_Customer_Master_Grouping,Set OLD LUD,15,ForEachFile,If File has been Updated,5,ForEachFile,Succeeded,15→5,Yes,1,2
PL_GET_Customer_Master_Grouping,CD_DimCustomerMaster_Grouping,6,If File has been Updated→TRUE,CD_Archive_Files,7,If File has been Updated→TRUE,Succeeded,6→7,Yes,0,1
PL_GET_Customer_Master_Grouping,CD_DimCustomerMaster_grouping_District,9,If File has been Updated→TRUE,CD_Update_WaterMark,8,If File has been Updated→TRUE,Succeeded,9→8,Yes,1,2
PL_GET_Customer_Master_Grouping,CD_DimCustomerMaster_grouping_Group,10,If File has been Updated→TRUE,CD_Update_WaterMark,8,If File has been Updated→TRUE,Succeeded,10→8,Yes,1,2
PL_GET_Customer_Master_Grouping,CD_DimCustomerMaster_grouping_NHSSalesOffice,12,If File has been Updated→TRUE,CD_Update_WaterMark,8,If File has been Updated→TRUE,Succeeded,12→8,Yes,1,2
PL_GET_Customer_Master_Grouping,CD_PL3NHSSalesCustom,13,If File has been Updated→TRUE,CD_Update_WaterMark,8,If File has been Updated→TRUE,Succeeded,13→8,Yes,1,2
PL_GET_Customer_Master_Grouping,CD_DimCustomerMaster_Grouping,6,If File has been Updated→TRUE,CD_DimCustomerMaster_grouping_District,9,If File has been Updated→TRUE,Succeeded,6→9,Yes,0,1
PL_GET_Customer_Master_Grouping,CD_DimCustomerMaster_Grouping,6,If File has been Updated→TRUE,CD_DimCustomerMaster_grouping_Group,10,If File has been Updated→TRUE,Succeeded,6→10,Yes,0,1
PL_GET_Customer_Master_Grouping,CD_Update_WaterMark,8,If File has been Updated→TRUE,Delete_DimCustomerMaster_grouping,11,If File has been Updated→TRUE,Succeeded,8→11,Yes,2,3
PL_GET_Customer_Master_Grouping,CD_DimCustomerMaster_Grouping,6,If File has been Updated→TRUE,CD_DimCustomerMaster_grouping_NHSSalesOffice,12,If File has been Updated→TRUE,Succeeded,6→12,Yes,0,1
PL_GET_Customer_Master_Grouping,CD_DimCustomerMaster_Grouping,6,If File has been Updated→TRUE,CD_PL3NHSSalesCustom,13,If File has been Updated→TRUE,Succeeded,6→13,Yes,0,1
PL_GET_Customer_Master_Grouping,CD_PL3NHSSalesCustom,13,If File has been Updated→TRUE,Remove nulls,14,If File has been Updated→TRUE,Succeeded,13→14,Yes,1,2
PL_GET_Customer_Master_Grouping,Lookup_Old_LUD,4,ForEachFile,Set OLD LUD,15,ForEachFile,Succeeded,4→15,Yes,0,1
PL_GET_Customer_Master_Grouping,GetClientSecret,21,,GetAuthToken,20,,Succeeded,21→20,Yes,0,1
PL_Process_Amazon_MarketShare,Exist_Stackline_Raw_Data,1,,If Amazon MarketShare,2,,Succeeded,1→2,Yes,0,1
PL_Process_Amazon_MarketShare,DF_Amazon_MarketShare,3,If Amazon MarketShare→TRUE,LookupQuery,4,If Amazon MarketShare→TRUE,Succeeded,3→4,Yes,0,1
PL_Process_Amazon_MarketShare,LookupQuery,4,If Amazon MarketShare→TRUE,Script,5,If Amazon MarketShare→TRUE,Succeeded,4→5,Yes,1,2
PL_Process_Amazon_MarketShare,LookupQuery,4,If Amazon MarketShare→TRUE,DeleteQueryFile,6,If Amazon MarketShare→TRUE,Succeeded,4→6,Yes,1,2
PL_Process_Amazon_MarketShare,Exist_Stackline_Pivot_Master_Item_File,7,,If VStackline_Pivot_Master_Item_File,8,,Succeeded,7→8,Yes,0,1
PL_Process_Amazon_MarketShare,CD_Stackline_Pivot_Master_Item_File,9,If VStackline_Pivot_Master_Item_File→TRUE,Delete_Stackline_Pivot_Master_Item_File,10,If VStackline_Pivot_Master_Item_File→TRUE,Succeeded,9→10,Yes,0,1
PL_Process_Amazon_MarketShare,CD_Stackline_Pivot_Master_Item_File,9,If VStackline_Pivot_Master_Item_File→TRUE,Delete_Empty_rows,11,If VStackline_Pivot_Master_Item_File→TRUE,Succeeded,9→11,Yes,0,1
PL_Master_Amazon_MarketShare,PL_GET_Amazon_MarketShare,1,,PL_Process_Amazon_MarketShare,2,,Succeeded,1→2,Yes,0,1
pl_GetDemandPlan_Hist,GetClientSecret,16,,GetAuthToken,1,,Succeeded,16→1,Yes,0,1
pl_GetDemandPlan_Hist,LookupFilesToCopy,5,,ForEachFile,6,,Succeeded,5→6,Yes,0,2
pl_GetDemandPlan_Hist,Month,4,,ForEachFile,6,,Succeeded,4→6,Yes,0,2
pl_GetDemandPlan_Hist,Year,3,,ForEachFile,6,,Succeeded,3→6,Yes,0,2
pl_GetDemandPlan_Hist,Time,2,,ForEachFile,6,,Succeeded,2→6,Yes,0,2
pl_GetDemandPlan_Hist,GetAuthToken,1,,ForEachFile,6,,Succeeded,1→6,Yes,1,2
pl_GetDemandPlan_Hist,Web_GetFileLUD,7,ForEachFile,Set LUD,8,ForEachFile,Succeeded,7→8,Yes,0,1
pl_GetDemandPlan_Hist,Lookup_Old_LUD,10,ForEachFile,Set OLD_LUD,9,ForEachFile,Succeeded,10→9,Yes,0,1
pl_GetDemandPlan_Hist,Set LUD,8,ForEachFile,If File Updated,11,ForEachFile,Succeeded,8→11,Yes,1,2
pl_GetDemandPlan_Hist,Set OLD_LUD,9,ForEachFile,If File Updated,11,ForEachFile,Succeeded,9→11,Yes,1,2
pl_GetDemandPlan_Hist,CD_Files,12,If File Updated→TRUE,CD_Archive,13,If File Updated→TRUE,Succeeded,12→13,Yes,0,1
pl_GetDemandPlan_Hist,df_DemandPlanningHistory,15,If File Updated→TRUE,CD_Update_WaterMark,14,If File Updated→TRUE,Succeeded,15→14,Yes,2,3
pl_GetDemandPlan_Hist,CD_Archive,13,If File Updated→TRUE,df_DemandPlanningHistory,15,If File Updated→TRUE,Succeeded,13→15,Yes,1,2
pl_GetShipEdge_MinMax,GetClientSecret,16,,GetAuthToken,1,,Succeeded,16→1,Yes,0,1
pl_GetShipEdge_MinMax,LookupFilesToCopy,5,,ForEachFile,6,,Succeeded,5→6,Yes,0,2
pl_GetShipEdge_MinMax,Month,4,,ForEachFile,6,,Succeeded,4→6,Yes,0,2
pl_GetShipEdge_MinMax,Year,3,,ForEachFile,6,,Succeeded,3→6,Yes,0,2
pl_GetShipEdge_MinMax,Time,2,,ForEachFile,6,,Succeeded,2→6,Yes,0,2
pl_GetShipEdge_MinMax,GetAuthToken,1,,ForEachFile,6,,Succeeded,1→6,Yes,1,2
pl_GetShipEdge_MinMax,Web_GetFileLUD,7,ForEachFile,Set LUD,8,ForEachFile,Succeeded,7→8,Yes,0,1
pl_GetShipEdge_MinMax,Lookup_Old_LUD,10,ForEachFile,Set OLD_LUD,9,ForEachFile,Succeeded,10→9,Yes,0,1
pl_GetShipEdge_MinMax,Set LUD,8,ForEachFile,If File Updated,11,ForEachFile,Succeeded,8→11,Yes,1,2
pl_GetShipEdge_MinMax,Set OLD_LUD,9,ForEachFile,If File Updated,11,ForEachFile,Succeeded,9→11,Yes,1,2
pl_GetShipEdge_MinMax,CD_Files,12,If File Updated→TRUE,CD_Archive,13,If File Updated→TRUE,Succeeded,12→13,Yes,0,1
pl_GetShipEdge_MinMax,df_MinMax,15,If File Updated→TRUE,CD_Update_WaterMark,14,If File Updated→TRUE,Succeeded,15→14,Yes,2,3
pl_GetShipEdge_MinMax,CD_Archive,13,If File Updated→TRUE,df_MinMax,15,If File Updated→TRUE,Succeeded,13→15,Yes,1,2
pl_GetShipEdge_Catalog,GetClientSecret,16,,GetAuthToken,1,,Succeeded,16→1,Yes,0,1
pl_GetShipEdge_Catalog,LookupFilesToCopy,5,,ForEachFile,6,,Succeeded,5→6,Yes,0,2
pl_GetShipEdge_Catalog,Month,4,,ForEachFile,6,,Succeeded,4→6,Yes,0,2
pl_GetShipEdge_Catalog,Year,3,,ForEachFile,6,,Succeeded,3→6,Yes,0,2
pl_GetShipEdge_Catalog,Time,2,,ForEachFile,6,,Succeeded,2→6,Yes,0,2
pl_GetShipEdge_Catalog,GetAuthToken,1,,ForEachFile,6,,Succeeded,1→6,Yes,1,2
pl_GetShipEdge_Catalog,Web_GetFileLUD,7,ForEachFile,Set LUD,8,ForEachFile,Succeeded,7→8,Yes,0,1
pl_GetShipEdge_Catalog,Lookup_Old_LUD,10,ForEachFile,Set OLD_LUD,9,ForEachFile,Succeeded,10→9,Yes,0,1
pl_GetShipEdge_Catalog,Set LUD,8,ForEachFile,If File Updated,11,ForEachFile,Succeeded,8→11,Yes,1,2
pl_GetShipEdge_Catalog,Set OLD_LUD,9,ForEachFile,If File Updated,11,ForEachFile,Succeeded,9→11,Yes,1,2
pl_GetShipEdge_Catalog,CD_Files,12,If File Updated→TRUE,CD_Archive,13,If File Updated→TRUE,Succeeded,12→13,Yes,0,1
pl_GetShipEdge_Catalog,df_Catalog,15,If File Updated→TRUE,CD_Update_WaterMark,14,If File Updated→TRUE,Succeeded,15→14,Yes,2,3
pl_GetShipEdge_Catalog,CD_Archive,13,If File Updated→TRUE,df_Catalog,15,If File Updated→TRUE,Succeeded,13→15,Yes,1,2
PL_PURITAN_SHIPEDGE_ORDERS,Script Truncate table,4,,Data flow Ship Edge Orders Processing,1,,Succeeded,4→1,Yes,1,2
PL_PURITAN_SHIPEDGE_ORDERS,Data flow Ship Edge Orders Processing,1,,Data flow Ship Edge Orders Pending,2,,Succeeded,1→2,Yes,2,3
PL_PURITAN_SHIPEDGE_ORDERS,Data flow Ship Edge Orders Pending,2,,Data flow Ship Edge Orders Backorder,3,,Succeeded,2→3,Yes,3,4
PL_PURITAN_SHIPEDGE_ORDERS,Execute Pipeline Ship Edge to ADLS,5,,Script Truncate table,4,,Succeeded,5→4,Yes,0,1
PL_PURITAN_SHIPEDGE_ORDERS,Data flow Ship Edge Orders Backorder,3,,Data flow Ship Edge Orders Network Backorder,6,,Succeeded,3→6,Yes,4,5
PL_PURITAN_SHIPEDGE_ORDERS_RECON,Script Delete table,4,,Data flow Ship Edge Orders Processing,1,,Succeeded,4→1,Yes,2,3
PL_PURITAN_SHIPEDGE_ORDERS_RECON,Data flow Ship Edge Orders Processing,1,,Script Delete table and Insert,2,,Succeeded,1→2,Yes,3,4
PL_PURITAN_SHIPEDGE_ORDERS_RECON,GetClientSecret,5,,CD_SHIPEDGE_REST_TO_ADLS,3,,Succeeded,5→3,Yes,0,1
PL_PURITAN_SHIPEDGE_ORDERS_RECON,GetKeySecret,6,,CD_SHIPEDGE_REST_TO_ADLS,3,,Succeeded,6→3,Yes,0,1
PL_PURITAN_SHIPEDGE_ORDERS_RECON,CD_SHIPEDGE_REST_TO_ADLS,3,,Script Delete table,4,,Succeeded,3→4,Yes,1,2
pl_3PL_EKBE,Set FileName,9,,CD_3PL_INBOUND_EKBE,1,,Succeeded,9→1,Yes,4,5
pl_3PL_EKBE,Set CurrentTimeStamp,2,,Set Container,3,,Succeeded,2→3,Yes,0,1
pl_3PL_EKBE,Set Container,3,,Set Path,4,,Succeeded,3→4,Yes,1,2
pl_3PL_EKBE,Set Path,4,,Set ArchiveContainer,5,,Succeeded,4→5,Yes,2,3
pl_3PL_EKBE,CD_3PL_INBOUND_EKBE,1,,CD_Archive_3PL_INBOUND_EKBE,6,,Succeeded,1→6,Yes,5,6
pl_3PL_EKBE,Get_Last_Update,7,,Set_Last_Update,8,,Succeeded,7→8,Yes,0,1
pl_3PL_EKBE,Set_Last_Update,8,,Set FileName,9,,Succeeded,8→9,Yes,1,4
pl_3PL_EKBE,Set ArchiveContainer,5,,Set FileName,9,,Succeeded,5→9,Yes,3,4
pl_3PL_EKBE,CD_Archive_3PL_INBOUND_EKBE,6,,DF_3PL_INBOUND_EKBE,10,,Succeeded,6→10,Yes,6,7
pl_NHSC_V_BR_BillOfMaterial,CD_V_BR_BillOfMaterial,1,,CD_V_BR_BillOfMaterial_Synapse,2,,Succeeded,1→2,Yes,0,1
pl_NHSC_V_BR_BillOfMaterial,CD_V_BR_BillOfMaterial,1,,CD_V_BR_BillOfMaterial_Archive,3,,Succeeded,1→3,Yes,0,1
pl_NHSC_V_OOS_DATA_1,CD_V_OOS_DATA_1,1,,CD_V_OOS_DATA_1_Synapse,2,,Succeeded,1→2,Yes,0,1
pl_NHSC_V_OOS_DATA_1,CD_V_OOS_DATA_1,1,,CD_V_OOS_DATA_1_Archive,3,,Succeeded,1→3,Yes,0,1
pl_NHSC_V_OOS_DATA,CD_V_OOS_DATA,1,,CD_V_OOS_DATA_Synapse,2,,Succeeded,1→2,Yes,0,1
pl_NHSC_V_OOS_DATA,CD_V_OOS_DATA,1,,CD_V_OOS_DATA_Archive,3,,Succeeded,1→3,Yes,0,1
pl_SHPHDR,Set FileName,9,,CD_SHPHDR,1,,Succeeded,9→1,Yes,4,5
pl_SHPHDR,Set CurrentTimeStamp,2,,Set Container,3,,Succeeded,2→3,Yes,0,1
pl_SHPHDR,Set Container,3,,Set Path,4,,Succeeded,3→4,Yes,1,2
pl_SHPHDR,Set Path,4,,Set ArchiveContainer,5,,Succeeded,4→5,Yes,2,3
pl_SHPHDR,CD_SHPHDR,1,,CD_Archive_SHPHRD,6,,Succeeded,1→6,Yes,5,6
pl_SHPHDR,Get_Last_Update,7,,Set_Last_Update,8,,Succeeded,7→8,Yes,0,1
pl_SHPHDR,Set_Last_Update,8,,Set FileName,9,,Succeeded,8→9,Yes,1,4
pl_SHPHDR,Set ArchiveContainer,5,,Set FileName,9,,Succeeded,5→9,Yes,3,4
pl_SHPHDR,CD_Archive_SHPHRD,6,,df_SHPHDR,10,,Succeeded,6→10,Yes,6,7
pl_SHPITM,Set FileName,9,,CD_SHPITM,1,,Succeeded,9→1,Yes,4,5
pl_SHPITM,Set CurrentTimeStamp,2,,Set Container,3,,Succeeded,2→3,Yes,0,1
pl_SHPITM,Set Container,3,,Set Path,4,,Succeeded,3→4,Yes,1,2
pl_SHPITM,Set Path,4,,Set ArchiveContainer,5,,Succeeded,4→5,Yes,2,3
pl_SHPITM,CD_SHPITM,1,,CD_Archive_SHPITM,6,,Succeeded,1→6,Yes,5,6
pl_SHPITM,Get_Last_Update,7,,Set_Last_Update,8,,Succeeded,7→8,Yes,0,1
pl_SHPITM,Set_Last_Update,8,,Set FileName,9,,Succeeded,8→9,Yes,1,4
pl_SHPITM,Set ArchiveContainer,5,,Set FileName,9,,Succeeded,5→9,Yes,3,4
pl_SHPITM,CD_Archive_SHPITM,6,,df_SHPITM,10,,Succeeded,6→10,Yes,6,7
pl_GetVendorMaster_CompCodes,DeleteFile,13,,CD_TempTable,1,,Succeeded,13→1,Yes,7,8
pl_GetVendorMaster_CompCodes,Set CurrentTimeStamp,2,,Set Container,3,,Succeeded,2→3,Yes,0,1
pl_GetVendorMaster_CompCodes,Set Container,3,,Set Path,4,,Succeeded,3→4,Yes,1,2
pl_GetVendorMaster_CompCodes,Set Path,4,,Set ArchiveContainer,5,,Succeeded,4→5,Yes,2,3
pl_GetVendorMaster_CompCodes,CD_TempTable,1,,CD_Archive_SF_VendorMaster,6,,Succeeded,1→6,Yes,8,9
pl_GetVendorMaster_CompCodes,Get_Last_Update,7,,Set_Last_Update,8,,Succeeded,7→8,Yes,0,1
pl_GetVendorMaster_CompCodes,Set_Last_Update,8,,Set FileName,9,,Succeeded,8→9,Yes,1,4
pl_GetVendorMaster_CompCodes,Set ArchiveContainer,5,,Set FileName,9,,Succeeded,5→9,Yes,3,4
pl_GetVendorMaster_CompCodes,CD_Archive_SF_VendorMaster,6,,DF_SF_VendorMaster,10,,Succeeded,6→10,Yes,9,10
pl_GetVendorMaster_CompCodes,Set FileName,9,,cd_Get_SF_VendorMaster,11,,Succeeded,9→11,Yes,4,5
pl_GetVendorMaster_CompCodes,cd_Get_SF_VendorMaster,11,,cd_Get_SF_VendorMaster_Synapse,12,,Succeeded,11→12,Yes,5,6
pl_GetVendorMaster_CompCodes,cd_Get_SF_VendorMaster_Synapse,12,,DeleteFile,13,,Succeeded,12→13,Yes,6,7
pl_NHSC_Planned_Orders,CD_Get_Planned_Orders,1,,CD_Planned_Orders_Synapse,2,,Succeeded,1→2,Yes,0,1
OST_MasterPipeline,pl_CustomerPassThroughData,1,,pl_EventMessageHeader,3,,Succeeded,1→3,Yes,0,1
OST_MasterPipeline,pl_EnhancedChangeLogForTOR,2,,pl_FreightOrderTracking,4,,Succeeded,2→4,Yes,0,1
OST_MasterPipeline,pl_EventMessageHeader,3,,pl_MessageStatus,5,,Succeeded,3→5,Yes,1,2
OST_MasterPipeline,pl_FreightOrderTracking,4,,pl_SalesDocumentPartner,6,,Succeeded,4→6,Yes,1,2
OST_MasterPipeline,pl_MessageStatus,5,,pl_TransportationLoadHeader,7,,Succeeded,5→7,Yes,2,3
OST_MasterPipeline,pl_SalesDocumentPartner,6,,pl_TransportationOrderRootNode,8,,Succeeded,6→8,Yes,2,3
PL_DEMAND_PLANNING_LAG_DATA,Execute Pipeline Snowflake to ADLS,1,,Execute Pipeline ADLS to Azure Synapse,2,,Succeeded,1→2,Yes,0,1
PL_DEMAND_PLANNING_LAG_DATA,Execute Pipeline ADLS to Azure Synapse,2,,Script Delete table and Insert,3,,Succeeded,2→3,Yes,1,2
PL_Load_SFDC_Profile,Set ArchiveFolder,8,,OLD_WATERMARK,1,,Succeeded,8→1,Yes,1,2
PL_Load_SFDC_Profile,Set ArchiveFileName,7,,OLD_WATERMARK,1,,Succeeded,7→1,Yes,1,2
PL_Load_SFDC_Profile,Set FileName,6,,OLD_WATERMARK,1,,Succeeded,6→1,Yes,1,2
PL_Load_SFDC_Profile,Set StagingQuery,12,,CD_IncrementalRecords,2,,Succeeded,12→2,Yes,3,4
PL_Load_SFDC_Profile,Set SourceQuery,11,,CD_IncrementalRecords,2,,Succeeded,11→2,Yes,3,4
PL_Load_SFDC_Profile,CD_IncrementalRecords,2,,ArchiveIncrLoad,3,,Succeeded,2→3,Yes,4,5
PL_Load_SFDC_Profile,ArchiveIncrLoad,3,,Delete File,4,,Succeeded,3→4,Yes,5,6
PL_Load_SFDC_Profile,CD_Synapse_staging,9,,Delete File,4,,Succeeded,9→4,Yes,5,6
PL_Load_SFDC_Profile,Set TableName,5,,Set FileName,6,,Succeeded,5→6,Yes,0,1
PL_Load_SFDC_Profile,Set TableName,5,,Set ArchiveFileName,7,,Succeeded,5→7,Yes,0,1
PL_Load_SFDC_Profile,Set TableName,5,,Set ArchiveFolder,8,,Succeeded,5→8,Yes,0,1
PL_Load_SFDC_Profile,CD_IncrementalRecords,2,,CD_Synapse_staging,9,,Succeeded,2→9,Yes,4,5
PL_Load_SFDC_Profile,CD_Synapse_staging,9,,CD_Synapse_ReportingTable,10,,Succeeded,9→10,Yes,5,6
PL_Load_SFDC_Profile,OLD_WATERMARK,1,,Set SourceQuery,11,,Succeeded,1→11,Yes,2,3
PL_Load_SFDC_Profile,OLD_WATERMARK,1,,Set StagingQuery,12,,Succeeded,1→12,Yes,2,3
PL_Load_SFDC_Allowance__c,Set ArchiveFolder,8,,OLD_WATERMARK,1,,Succeeded,8→1,Yes,1,2
PL_Load_SFDC_Allowance__c,Set ArchiveFileName,7,,OLD_WATERMARK,1,,Succeeded,7→1,Yes,1,2
PL_Load_SFDC_Allowance__c,Set FileName,6,,OLD_WATERMARK,1,,Succeeded,6→1,Yes,1,2
PL_Load_SFDC_Allowance__c,Set StagingQuery,12,,CD_IncrementalRecords,2,,Succeeded,12→2,Yes,3,4
PL_Load_SFDC_Allowance__c,Set SourceQuery,11,,CD_IncrementalRecords,2,,Succeeded,11→2,Yes,3,4
PL_Load_SFDC_Allowance__c,CD_IncrementalRecords,2,,ArchiveIncrLoad,3,,Succeeded,2→3,Yes,4,5
PL_Load_SFDC_Allowance__c,ArchiveIncrLoad,3,,Delete File,4,,Succeeded,3→4,Yes,5,6
PL_Load_SFDC_Allowance__c,CD_Synapse_staging,9,,Delete File,4,,Succeeded,9→4,Yes,5,6
PL_Load_SFDC_Allowance__c,Set TableName,5,,Set FileName,6,,Succeeded,5→6,Yes,0,1
PL_Load_SFDC_Allowance__c,Set TableName,5,,Set ArchiveFileName,7,,Succeeded,5→7,Yes,0,1
PL_Load_SFDC_Allowance__c,Set TableName,5,,Set ArchiveFolder,8,,Succeeded,5→8,Yes,0,1
PL_Load_SFDC_Allowance__c,CD_IncrementalRecords,2,,CD_Synapse_staging,9,,Succeeded,2→9,Yes,4,5
PL_Load_SFDC_Allowance__c,CD_Synapse_staging,9,,CD_Synapse_ReportingTable,10,,Succeeded,9→10,Yes,5,6
PL_Load_SFDC_Allowance__c,OLD_WATERMARK,1,,Set SourceQuery,11,,Succeeded,1→11,Yes,2,3
PL_Load_SFDC_Allowance__c,OLD_WATERMARK,1,,Set StagingQuery,12,,Succeeded,1→12,Yes,2,3
PL_Load_SFDC_Item__c,Set ArchiveFolder,8,,OLD_WATERMARK,1,,Succeeded,8→1,Yes,1,2
PL_Load_SFDC_Item__c,Set ArchiveFileName,7,,OLD_WATERMARK,1,,Succeeded,7→1,Yes,1,2
PL_Load_SFDC_Item__c,Set FileName,6,,OLD_WATERMARK,1,,Succeeded,6→1,Yes,1,2
PL_Load_SFDC_Item__c,Set StagingQuery,12,,CD_IncrementalRecords,2,,Succeeded,12→2,Yes,3,4
PL_Load_SFDC_Item__c,Set SourceQuery,11,,CD_IncrementalRecords,2,,Succeeded,11→2,Yes,3,4
PL_Load_SFDC_Item__c,CD_IncrementalRecords,2,,ArchiveIncrLoad,3,,Succeeded,2→3,Yes,4,5
PL_Load_SFDC_Item__c,ArchiveIncrLoad,3,,Delete File,4,,Succeeded,3→4,Yes,5,6
PL_Load_SFDC_Item__c,CD_Synapse_staging,9,,Delete File,4,,Succeeded,9→4,Yes,5,6
PL_Load_SFDC_Item__c,Set TableName,5,,Set FileName,6,,Succeeded,5→6,Yes,0,1
PL_Load_SFDC_Item__c,Set TableName,5,,Set ArchiveFileName,7,,Succeeded,5→7,Yes,0,1
PL_Load_SFDC_Item__c,Set TableName,5,,Set ArchiveFolder,8,,Succeeded,5→8,Yes,0,1
PL_Load_SFDC_Item__c,CD_IncrementalRecords,2,,CD_Synapse_staging,9,,Succeeded,2→9,Yes,4,5
PL_Load_SFDC_Item__c,CD_Synapse_staging,9,,CD_Synapse_ReportingTable,10,,Succeeded,9→10,Yes,5,6
PL_Load_SFDC_Item__c,OLD_WATERMARK,1,,Set SourceQuery,11,,Succeeded,1→11,Yes,2,3
PL_Load_SFDC_Item__c,OLD_WATERMARK,1,,Set StagingQuery,12,,Succeeded,1→12,Yes,2,3
PL_Load_SFDC_Address__c,Set ArchiveFolder,8,,OLD_WATERMARK,1,,Succeeded,8→1,Yes,1,2
PL_Load_SFDC_Address__c,Set ArchiveFileName,7,,OLD_WATERMARK,1,,Succeeded,7→1,Yes,1,2
PL_Load_SFDC_Address__c,Set FileName,6,,OLD_WATERMARK,1,,Succeeded,6→1,Yes,1,2
PL_Load_SFDC_Address__c,Set StagingQuery,12,,CD_IncrementalRecords,2,,Succeeded,12→2,Yes,3,4
PL_Load_SFDC_Address__c,Set SourceQuery,11,,CD_IncrementalRecords,2,,Succeeded,11→2,Yes,3,4
PL_Load_SFDC_Address__c,CD_IncrementalRecords,2,,ArchiveIncrLoad,3,,Succeeded,2→3,Yes,4,5
PL_Load_SFDC_Address__c,ArchiveIncrLoad,3,,Delete File,4,,Succeeded,3→4,Yes,5,6
PL_Load_SFDC_Address__c,CD_Synapse_staging,9,,Delete File,4,,Succeeded,9→4,Yes,5,6
PL_Load_SFDC_Address__c,Set TableName,5,,Set FileName,6,,Succeeded,5→6,Yes,0,1
PL_Load_SFDC_Address__c,Set TableName,5,,Set ArchiveFileName,7,,Succeeded,5→7,Yes,0,1
PL_Load_SFDC_Address__c,Set TableName,5,,Set ArchiveFolder,8,,Succeeded,5→8,Yes,0,1
PL_Load_SFDC_Address__c,CD_IncrementalRecords,2,,CD_Synapse_staging,9,,Succeeded,2→9,Yes,4,5
PL_Load_SFDC_Address__c,CD_Synapse_staging,9,,CD_Synapse_ReportingTable,10,,Succeeded,9→10,Yes,5,6
PL_Load_SFDC_Address__c,OLD_WATERMARK,1,,Set SourceQuery,11,,Succeeded,1→11,Yes,2,3
PL_Load_SFDC_Address__c,OLD_WATERMARK,1,,Set StagingQuery,12,,Succeeded,1→12,Yes,2,3
PL_Load_SFDC_Promotion_c,Set ArchiveFolder,8,,OLD_WATERMARK,1,,Succeeded,8→1,Yes,1,2
PL_Load_SFDC_Promotion_c,Set ArchiveFileName,7,,OLD_WATERMARK,1,,Succeeded,7→1,Yes,1,2
PL_Load_SFDC_Promotion_c,Set FileName,6,,OLD_WATERMARK,1,,Succeeded,6→1,Yes,1,2
PL_Load_SFDC_Promotion_c,Set StagingQuery,12,,CD_IncrementalRecords,2,,Succeeded,12→2,Yes,3,4
PL_Load_SFDC_Promotion_c,Set SourceQuery,11,,CD_IncrementalRecords,2,,Succeeded,11→2,Yes,3,4
PL_Load_SFDC_Promotion_c,CD_IncrementalRecords,2,,ArchiveIncrLoad,3,,Succeeded,2→3,Yes,4,5
PL_Load_SFDC_Promotion_c,ArchiveIncrLoad,3,,Delete File,4,,Succeeded,3→4,Yes,5,6
PL_Load_SFDC_Promotion_c,CD_Synapse_staging,9,,Delete File,4,,Succeeded,9→4,Yes,5,6
PL_Load_SFDC_Promotion_c,Set TableName,5,,Set FileName,6,,Succeeded,5→6,Yes,0,1
PL_Load_SFDC_Promotion_c,Set TableName,5,,Set ArchiveFileName,7,,Succeeded,5→7,Yes,0,1
PL_Load_SFDC_Promotion_c,Set TableName,5,,Set ArchiveFolder,8,,Succeeded,5→8,Yes,0,1
PL_Load_SFDC_Promotion_c,CD_IncrementalRecords,2,,CD_Synapse_staging,9,,Succeeded,2→9,Yes,4,5
PL_Load_SFDC_Promotion_c,CD_Synapse_staging,9,,CD_Synapse_ReportingTable,10,,Succeeded,9→10,Yes,5,6
PL_Load_SFDC_Promotion_c,OLD_WATERMARK,1,,Set SourceQuery,11,,Succeeded,1→11,Yes,2,3
PL_Load_SFDC_Promotion_c,OLD_WATERMARK,1,,Set StagingQuery,12,,Succeeded,1→12,Yes,2,3
PL_Load_SFDC_Direct_Mail_Result_c,Set FileName,7,,OLD_WATERMARK,1,,Succeeded,7→1,Yes,1,2
PL_Load_SFDC_Direct_Mail_Result_c,Set ArchiveFileName,8,,OLD_WATERMARK,1,,Succeeded,8→1,Yes,1,2
PL_Load_SFDC_Direct_Mail_Result_c,Set ArchiveFolder,9,,OLD_WATERMARK,1,,Succeeded,9→1,Yes,1,2
PL_Load_SFDC_Direct_Mail_Result_c,Set SourceQuery,10,,CD_IncrementalRecords,2,,Succeeded,10→2,Yes,3,4
PL_Load_SFDC_Direct_Mail_Result_c,CD_IncrementalRecords,2,,CD_Synapse,3,,Succeeded,2→3,Yes,4,5
PL_Load_SFDC_Direct_Mail_Result_c,CD_IncrementalRecords,2,,ArchiveIncrLoad,4,,Succeeded,2→4,Yes,4,5
PL_Load_SFDC_Direct_Mail_Result_c,CD_Synapse,3,,Delete File,5,,Succeeded,3→5,Yes,5,6
PL_Load_SFDC_Direct_Mail_Result_c,ArchiveIncrLoad,4,,Delete File,5,,Succeeded,4→5,Yes,5,6
PL_Load_SFDC_Direct_Mail_Result_c,Set TableName,6,,Set FileName,7,,Succeeded,6→7,Yes,0,1
PL_Load_SFDC_Direct_Mail_Result_c,Set TableName,6,,Set ArchiveFileName,8,,Succeeded,6→8,Yes,0,1
PL_Load_SFDC_Direct_Mail_Result_c,Set TableName,6,,Set ArchiveFolder,9,,Succeeded,6→9,Yes,0,1
PL_Load_SFDC_Direct_Mail_Result_c,OLD_WATERMARK,1,,Set SourceQuery,10,,Succeeded,1→10,Yes,2,3
PL_Load_SFDC_Case_History__c,Set ArchiveFolder,8,,OLD_WATERMARK,1,,Succeeded,8→1,Yes,1,2
PL_Load_SFDC_Case_History__c,Set ArchiveFileName,7,,OLD_WATERMARK,1,,Succeeded,7→1,Yes,1,2
PL_Load_SFDC_Case_History__c,Set FileName,6,,OLD_WATERMARK,1,,Succeeded,6→1,Yes,1,2
PL_Load_SFDC_Case_History__c,Set StagingQuery,12,,CD_IncrementalRecords,2,,Succeeded,12→2,Yes,3,4
PL_Load_SFDC_Case_History__c,Set SourceQuery,11,,CD_IncrementalRecords,2,,Succeeded,11→2,Yes,3,4
PL_Load_SFDC_Case_History__c,CD_IncrementalRecords,2,,ArchiveIncrLoad,3,,Succeeded,2→3,Yes,4,5
PL_Load_SFDC_Case_History__c,ArchiveIncrLoad,3,,Delete File,4,,Succeeded,3→4,Yes,5,6
PL_Load_SFDC_Case_History__c,CD_Synapse_staging,9,,Delete File,4,,Succeeded,9→4,Yes,5,6
PL_Load_SFDC_Case_History__c,Set TableName,5,,Set FileName,6,,Succeeded,5→6,Yes,0,1
PL_Load_SFDC_Case_History__c,Set TableName,5,,Set ArchiveFileName,7,,Succeeded,5→7,Yes,0,1
PL_Load_SFDC_Case_History__c,Set TableName,5,,Set ArchiveFolder,8,,Succeeded,5→8,Yes,0,1
PL_Load_SFDC_Case_History__c,CD_IncrementalRecords,2,,CD_Synapse_staging,9,,Succeeded,2→9,Yes,4,5
PL_Load_SFDC_Case_History__c,CD_Synapse_staging,9,,CD_Synapse_ReportingTable,10,,Succeeded,9→10,Yes,5,6
PL_Load_SFDC_Case_History__c,OLD_WATERMARK,1,,Set SourceQuery,11,,Succeeded,1→11,Yes,2,3
PL_Load_SFDC_Case_History__c,OLD_WATERMARK,1,,Set StagingQuery,12,,Succeeded,1→12,Yes,2,3
PL_Load_SFDC_Account,Set ArchiveFolder,8,,OLD_WATERMARK,1,,Succeeded,8→1,Yes,1,2
PL_Load_SFDC_Account,Set ArchiveFileName,7,,OLD_WATERMARK,1,,Succeeded,7→1,Yes,1,2
PL_Load_SFDC_Account,Set FileName,6,,OLD_WATERMARK,1,,Succeeded,6→1,Yes,1,2
PL_Load_SFDC_Account,Set StagingQuery,12,,CD_IncrementalRecords,2,,Succeeded,12→2,Yes,3,4
PL_Load_SFDC_Account,Set SourceQuery,11,,CD_IncrementalRecords,2,,Succeeded,11→2,Yes,3,4
PL_Load_SFDC_Account,CD_IncrementalRecords,2,,ArchiveIncrLoad,3,,Succeeded,2→3,Yes,4,5
PL_Load_SFDC_Account,ArchiveIncrLoad,3,,Delete File,4,,Succeeded,3→4,Yes,5,6
PL_Load_SFDC_Account,CD_Synapse_staging,9,,Delete File,4,,Succeeded,9→4,Yes,5,6
PL_Load_SFDC_Account,Set TableName,5,,Set FileName,6,,Succeeded,5→6,Yes,0,1
PL_Load_SFDC_Account,Set TableName,5,,Set ArchiveFileName,7,,Succeeded,5→7,Yes,0,1
PL_Load_SFDC_Account,Set TableName,5,,Set ArchiveFolder,8,,Succeeded,5→8,Yes,0,1
PL_Load_SFDC_Account,CD_IncrementalRecords,2,,CD_Synapse_staging,9,,Succeeded,2→9,Yes,4,5
PL_Load_SFDC_Account,CD_Synapse_staging,9,,CD_Synapse_ReportingTable,10,,Succeeded,9→10,Yes,5,6
PL_Load_SFDC_Account,OLD_WATERMARK,1,,Set SourceQuery,11,,Succeeded,1→11,Yes,2,3
PL_Load_SFDC_Account,OLD_WATERMARK,1,,Set StagingQuery,12,,Succeeded,1→12,Yes,2,3
PL_Load_SFDC_Contact,Set ArchiveFolder,8,,OLD_WATERMARK,1,,Succeeded,8→1,Yes,1,2
PL_Load_SFDC_Contact,Set ArchiveFileName,7,,OLD_WATERMARK,1,,Succeeded,7→1,Yes,1,2
PL_Load_SFDC_Contact,Set FileName,6,,OLD_WATERMARK,1,,Succeeded,6→1,Yes,1,2
PL_Load_SFDC_Contact,Set StagingQuery,12,,CD_IncrementalRecords,2,,Succeeded,12→2,Yes,3,4
PL_Load_SFDC_Contact,Set SourceQuery,11,,CD_IncrementalRecords,2,,Succeeded,11→2,Yes,3,4
PL_Load_SFDC_Contact,CD_IncrementalRecords,2,,ArchiveIncrLoad,3,,Succeeded,2→3,Yes,4,5
PL_Load_SFDC_Contact,ArchiveIncrLoad,3,,Delete File,4,,Succeeded,3→4,Yes,5,6
PL_Load_SFDC_Contact,CD_Synapse_staging,9,,Delete File,4,,Succeeded,9→4,Yes,5,6
PL_Load_SFDC_Contact,Set TableName,5,,Set FileName,6,,Succeeded,5→6,Yes,0,1
PL_Load_SFDC_Contact,Set TableName,5,,Set ArchiveFileName,7,,Succeeded,5→7,Yes,0,1
PL_Load_SFDC_Contact,Set TableName,5,,Set ArchiveFolder,8,,Succeeded,5→8,Yes,0,1
PL_Load_SFDC_Contact,CD_IncrementalRecords,2,,CD_Synapse_staging,9,,Succeeded,2→9,Yes,4,5
PL_Load_SFDC_Contact,CD_Synapse_staging,9,,CD_Synapse_ReportingTable,10,,Succeeded,9→10,Yes,5,6
PL_Load_SFDC_Contact,OLD_WATERMARK,1,,Set SourceQuery,11,,Succeeded,1→11,Yes,2,3
PL_Load_SFDC_Contact,OLD_WATERMARK,1,,Set StagingQuery,12,,Succeeded,1→12,Yes,2,3
PL_Load_SFDC_Orders,Set ArchiveFolder,8,,OLD_WATERMARK,1,,Succeeded,8→1,Yes,1,2
PL_Load_SFDC_Orders,Set ArchiveFileName,7,,OLD_WATERMARK,1,,Succeeded,7→1,Yes,1,2
PL_Load_SFDC_Orders,Set FileName,6,,OLD_WATERMARK,1,,Succeeded,6→1,Yes,1,2
PL_Load_SFDC_Orders,Set StagingQuery,12,,CD_IncrementalRecords,2,,Succeeded,12→2,Yes,3,4
PL_Load_SFDC_Orders,Set SourceQuery,11,,CD_IncrementalRecords,2,,Succeeded,11→2,Yes,3,4
PL_Load_SFDC_Orders,CD_IncrementalRecords,2,,ArchiveIncrLoad,3,,Succeeded,2→3,Yes,4,5
PL_Load_SFDC_Orders,ArchiveIncrLoad,3,,Delete File,4,,Succeeded,3→4,Yes,5,6
PL_Load_SFDC_Orders,CD_Synapse_staging,9,,Delete File,4,,Succeeded,9→4,Yes,5,6
PL_Load_SFDC_Orders,Set TableName,5,,Set FileName,6,,Succeeded,5→6,Yes,0,1
PL_Load_SFDC_Orders,Set TableName,5,,Set ArchiveFileName,7,,Succeeded,5→7,Yes,0,1
PL_Load_SFDC_Orders,Set TableName,5,,Set ArchiveFolder,8,,Succeeded,5→8,Yes,0,1
PL_Load_SFDC_Orders,CD_IncrementalRecords,2,,CD_Synapse_staging,9,,Succeeded,2→9,Yes,4,5
PL_Load_SFDC_Orders,CD_Synapse_staging,9,,CD_Synapse_ReportingTable,10,,Succeeded,9→10,Yes,5,6
PL_Load_SFDC_Orders,OLD_WATERMARK,1,,Set SourceQuery,11,,Succeeded,1→11,Yes,2,3
PL_Load_SFDC_Orders,OLD_WATERMARK,1,,Set StagingQuery,12,,Succeeded,1→12,Yes,2,3
PL_Load_SFDC_RecordType,Set ArchiveFolder,8,,OLD_WATERMARK,1,,Succeeded,8→1,Yes,1,2
PL_Load_SFDC_RecordType,Set ArchiveFileName,7,,OLD_WATERMARK,1,,Succeeded,7→1,Yes,1,2
PL_Load_SFDC_RecordType,Set FileName,6,,OLD_WATERMARK,1,,Succeeded,6→1,Yes,1,2
PL_Load_SFDC_RecordType,Set StagingQuery,12,,CD_IncrementalRecords,2,,Succeeded,12→2,Yes,3,4
PL_Load_SFDC_RecordType,Set SourceQuery,11,,CD_IncrementalRecords,2,,Succeeded,11→2,Yes,3,4
PL_Load_SFDC_RecordType,CD_IncrementalRecords,2,,ArchiveIncrLoad,3,,Succeeded,2→3,Yes,4,5
PL_Load_SFDC_RecordType,ArchiveIncrLoad,3,,Delete File,4,,Succeeded,3→4,Yes,5,6
PL_Load_SFDC_RecordType,CD_Synapse_staging,9,,Delete File,4,,Succeeded,9→4,Yes,5,6
PL_Load_SFDC_RecordType,Set TableName,5,,Set FileName,6,,Succeeded,5→6,Yes,0,1
PL_Load_SFDC_RecordType,Set TableName,5,,Set ArchiveFileName,7,,Succeeded,5→7,Yes,0,1
PL_Load_SFDC_RecordType,Set TableName,5,,Set ArchiveFolder,8,,Succeeded,5→8,Yes,0,1
PL_Load_SFDC_RecordType,CD_IncrementalRecords,2,,CD_Synapse_staging,9,,Succeeded,2→9,Yes,4,5
PL_Load_SFDC_RecordType,CD_Synapse_staging,9,,CD_Synapse_ReportingTable,10,,Succeeded,9→10,Yes,5,6
PL_Load_SFDC_RecordType,OLD_WATERMARK,1,,Set SourceQuery,11,,Succeeded,1→11,Yes,2,3
PL_Load_SFDC_RecordType,OLD_WATERMARK,1,,Set StagingQuery,12,,Succeeded,1→12,Yes,2,3
PL_Load_SFDC_Task,Set ArchiveFolder,8,,OLD_WATERMARK,1,,Succeeded,8→1,Yes,1,2
PL_Load_SFDC_Task,Set ArchiveFileName,7,,OLD_WATERMARK,1,,Succeeded,7→1,Yes,1,2
PL_Load_SFDC_Task,Set FileName,6,,OLD_WATERMARK,1,,Succeeded,6→1,Yes,1,2
PL_Load_SFDC_Task,Set StagingQuery,12,,CD_IncrementalRecords,2,,Succeeded,12→2,Yes,3,4
PL_Load_SFDC_Task,Set SourceQuery,11,,CD_IncrementalRecords,2,,Succeeded,11→2,Yes,3,4
PL_Load_SFDC_Task,CD_IncrementalRecords,2,,ArchiveIncrLoad,3,,Succeeded,2→3,Yes,4,5
PL_Load_SFDC_Task,ArchiveIncrLoad,3,,Delete File,4,,Succeeded,3→4,Yes,5,6
PL_Load_SFDC_Task,CD_Synapse_staging,9,,Delete File,4,,Succeeded,9→4,Yes,5,6
PL_Load_SFDC_Task,Set TableName,5,,Set FileName,6,,Succeeded,5→6,Yes,0,1
PL_Load_SFDC_Task,Set TableName,5,,Set ArchiveFileName,7,,Succeeded,5→7,Yes,0,1
PL_Load_SFDC_Task,Set TableName,5,,Set ArchiveFolder,8,,Succeeded,5→8,Yes,0,1
PL_Load_SFDC_Task,CD_IncrementalRecords,2,,CD_Synapse_staging,9,,Succeeded,2→9,Yes,4,5
PL_Load_SFDC_Task,CD_Synapse_staging,9,,CD_Synapse_ReportingTable,10,,Succeeded,9→10,Yes,5,6
PL_Load_SFDC_Task,OLD_WATERMARK,1,,Set SourceQuery,11,,Succeeded,1→11,Yes,2,3
PL_Load_SFDC_Task,OLD_WATERMARK,1,,Set StagingQuery,12,,Succeeded,1→12,Yes,2,3
PL_Load_SFDC_Case,Set ArchiveFolder,8,,OLD_WATERMARK,1,,Succeeded,8→1,Yes,1,2
PL_Load_SFDC_Case,Set ArchiveFileName,7,,OLD_WATERMARK,1,,Succeeded,7→1,Yes,1,2
PL_Load_SFDC_Case,Set FileName,6,,OLD_WATERMARK,1,,Succeeded,6→1,Yes,1,2
PL_Load_SFDC_Case,Set StagingQuery,12,,CD_IncrementalRecords,2,,Succeeded,12→2,Yes,3,4
PL_Load_SFDC_Case,Set SourceQuery,11,,CD_IncrementalRecords,2,,Succeeded,11→2,Yes,3,4
PL_Load_SFDC_Case,CD_IncrementalRecords,2,,ArchiveIncrLoad,3,,Succeeded,2→3,Yes,4,5
PL_Load_SFDC_Case,ArchiveIncrLoad,3,,Delete File,4,,Succeeded,3→4,Yes,5,6
PL_Load_SFDC_Case,CD_Synapse_staging,9,,Delete File,4,,Succeeded,9→4,Yes,5,6
PL_Load_SFDC_Case,Set TableName,5,,Set FileName,6,,Succeeded,5→6,Yes,0,1
PL_Load_SFDC_Case,Set TableName,5,,Set ArchiveFileName,7,,Succeeded,5→7,Yes,0,1
PL_Load_SFDC_Case,Set TableName,5,,Set ArchiveFolder,8,,Succeeded,5→8,Yes,0,1
PL_Load_SFDC_Case,CD_IncrementalRecords,2,,CD_Synapse_staging,9,,Succeeded,2→9,Yes,4,5
PL_Load_SFDC_Case,CD_Synapse_staging,9,,CD_Synapse_ReportingTable,10,,Succeeded,9→10,Yes,5,6
PL_Load_SFDC_Case,OLD_WATERMARK,1,,Set SourceQuery,11,,Succeeded,1→11,Yes,2,3
PL_Load_SFDC_Case,OLD_WATERMARK,1,,Set StagingQuery,12,,Succeeded,1→12,Yes,2,3
PL_Load_SFDC_Order_Lines,Set ArchiveFolder,8,,OLD_WATERMARK,1,,Succeeded,8→1,Yes,1,2
PL_Load_SFDC_Order_Lines,Set ArchiveFileName,7,,OLD_WATERMARK,1,,Succeeded,7→1,Yes,1,2
PL_Load_SFDC_Order_Lines,Set FileName,6,,OLD_WATERMARK,1,,Succeeded,6→1,Yes,1,2
PL_Load_SFDC_Order_Lines,Set StagingQuery,12,,CD_IncrementalRecords,2,,Succeeded,12→2,Yes,3,4
PL_Load_SFDC_Order_Lines,Set SourceQuery,11,,CD_IncrementalRecords,2,,Succeeded,11→2,Yes,3,4
PL_Load_SFDC_Order_Lines,CD_IncrementalRecords,2,,ArchiveIncrLoad,3,,Succeeded,2→3,Yes,4,5
PL_Load_SFDC_Order_Lines,ArchiveIncrLoad,3,,Delete File,4,,Succeeded,3→4,Yes,5,6
PL_Load_SFDC_Order_Lines,CD_Synapse_staging,9,,Delete File,4,,Succeeded,9→4,Yes,5,6
PL_Load_SFDC_Order_Lines,Set TableName,5,,Set FileName,6,,Succeeded,5→6,Yes,0,1
PL_Load_SFDC_Order_Lines,Set TableName,5,,Set ArchiveFileName,7,,Succeeded,5→7,Yes,0,1
PL_Load_SFDC_Order_Lines,Set TableName,5,,Set ArchiveFolder,8,,Succeeded,5→8,Yes,0,1
PL_Load_SFDC_Order_Lines,CD_IncrementalRecords,2,,CD_Synapse_staging,9,,Succeeded,2→9,Yes,4,5
PL_Load_SFDC_Order_Lines,CD_Synapse_staging,9,,CD_Synapse_ReportingTable,10,,Succeeded,9→10,Yes,5,6
PL_Load_SFDC_Order_Lines,OLD_WATERMARK,1,,Set SourceQuery,11,,Succeeded,1→11,Yes,2,3
PL_Load_SFDC_Order_Lines,OLD_WATERMARK,1,,Set StagingQuery,12,,Succeeded,1→12,Yes,2,3
PL_Load_SFDC_User,Set ArchiveFolder,8,,OLD_WATERMARK,1,,Succeeded,8→1,Yes,1,2
PL_Load_SFDC_User,Set ArchiveFileName,7,,OLD_WATERMARK,1,,Succeeded,7→1,Yes,1,2
PL_Load_SFDC_User,Set FileName,6,,OLD_WATERMARK,1,,Succeeded,6→1,Yes,1,2
PL_Load_SFDC_User,Set StagingQuery,12,,CD_IncrementalRecords,2,,Succeeded,12→2,Yes,3,4
PL_Load_SFDC_User,Set SourceQuery,11,,CD_IncrementalRecords,2,,Succeeded,11→2,Yes,3,4
PL_Load_SFDC_User,CD_IncrementalRecords,2,,ArchiveIncrLoad,3,,Succeeded,2→3,Yes,4,5
PL_Load_SFDC_User,ArchiveIncrLoad,3,,Delete File,4,,Succeeded,3→4,Yes,5,6
PL_Load_SFDC_User,CD_Synapse_staging,9,,Delete File,4,,Succeeded,9→4,Yes,5,6
PL_Load_SFDC_User,Set TableName,5,,Set FileName,6,,Succeeded,5→6,Yes,0,1
PL_Load_SFDC_User,Set TableName,5,,Set ArchiveFileName,7,,Succeeded,5→7,Yes,0,1
PL_Load_SFDC_User,Set TableName,5,,Set ArchiveFolder,8,,Succeeded,5→8,Yes,0,1
PL_Load_SFDC_User,CD_IncrementalRecords,2,,CD_Synapse_staging,9,,Succeeded,2→9,Yes,4,5
PL_Load_SFDC_User,CD_Synapse_staging,9,,CD_Synapse_ReportingTable,10,,Succeeded,9→10,Yes,5,6
PL_Load_SFDC_User,OLD_WATERMARK,1,,Set SourceQuery,11,,Succeeded,1→11,Yes,2,3
PL_Load_SFDC_User,OLD_WATERMARK,1,,Set StagingQuery,12,,Succeeded,1→12,Yes,2,3
PL_Load_SFDC_UserRole,Set ArchiveFolder,8,,OLD_WATERMARK,1,,Succeeded,8→1,Yes,1,2
PL_Load_SFDC_UserRole,Set ArchiveFileName,7,,OLD_WATERMARK,1,,Succeeded,7→1,Yes,1,2
PL_Load_SFDC_UserRole,Set FileName,6,,OLD_WATERMARK,1,,Succeeded,6→1,Yes,1,2
PL_Load_SFDC_UserRole,Set StagingQuery,12,,CD_IncrementalRecords,2,,Succeeded,12→2,Yes,3,4
PL_Load_SFDC_UserRole,Set SourceQuery,11,,CD_IncrementalRecords,2,,Succeeded,11→2,Yes,3,4
PL_Load_SFDC_UserRole,CD_IncrementalRecords,2,,ArchiveIncrLoad,3,,Succeeded,2→3,Yes,4,5
PL_Load_SFDC_UserRole,ArchiveIncrLoad,3,,Delete File,4,,Succeeded,3→4,Yes,5,6
PL_Load_SFDC_UserRole,CD_Synapse_staging,9,,Delete File,4,,Succeeded,9→4,Yes,5,6
PL_Load_SFDC_UserRole,Set TableName,5,,Set FileName,6,,Succeeded,5→6,Yes,0,1
PL_Load_SFDC_UserRole,Set TableName,5,,Set ArchiveFileName,7,,Succeeded,5→7,Yes,0,1
PL_Load_SFDC_UserRole,Set TableName,5,,Set ArchiveFolder,8,,Succeeded,5→8,Yes,0,1
PL_Load_SFDC_UserRole,CD_IncrementalRecords,2,,CD_Synapse_staging,9,,Succeeded,2→9,Yes,4,5
PL_Load_SFDC_UserRole,CD_Synapse_staging,9,,CD_Synapse_ReportingTable,10,,Succeeded,9→10,Yes,5,6
PL_Load_SFDC_UserRole,OLD_WATERMARK,1,,Set SourceQuery,11,,Succeeded,1→11,Yes,2,3
PL_Load_SFDC_UserRole,OLD_WATERMARK,1,,Set StagingQuery,12,,Succeeded,1→12,Yes,2,3
PL_AmazonFactDetailSalesWeekly,ReloadDates,5,,CD_FromAmazon,1,,Succeeded,5→1,Yes,4,5
PL_AmazonFactDetailSalesWeekly,DeleteDates,6,,CD_DataSynapse,2,,Succeeded,6→2,Yes,4,6
PL_AmazonFactDetailSalesWeekly,CD_FromAmazon,1,,CD_DataSynapse,2,,Succeeded,1→2,Yes,5,6
PL_AmazonFactDetailSalesWeekly,DeletePreviousFiles,8,,CD_UpdateDatesAmazonDL,3,,Succeeded,8→3,Yes,1,2
PL_AmazonFactDetailSalesWeekly,DeletePreviousFiles,8,,CD_UpdateDatesSynapse,4,,Succeeded,8→4,Yes,1,2
PL_AmazonFactDetailSalesWeekly,df_AmazonDates,7,,ReloadDates,5,,Succeeded,7→5,Yes,3,4
PL_AmazonFactDetailSalesWeekly,df_AmazonDates,7,,DeleteDates,6,,Succeeded,7→6,Yes,3,4
PL_AmazonFactDetailSalesWeekly,CD_UpdateDatesAmazonDL,3,,df_AmazonDates,7,,Succeeded,3→7,Yes,2,3
PL_AmazonFactDetailSalesWeekly,CD_UpdateDatesSynapse,4,,df_AmazonDates,7,,Succeeded,4→7,Yes,2,3
PL_AmazonFactDetailSalesWeekly,Set Table,9,,DeletePreviousFiles,8,,Succeeded,9→8,Yes,0,1
PL_AmazonFactDetailSalesDaily,ReloadDates,5,,CD_FromAmazon,1,,Succeeded,5→1,Yes,4,5
PL_AmazonFactDetailSalesDaily,DeleteDates,6,,CD_DataSynapse,2,,Succeeded,6→2,Yes,4,6
PL_AmazonFactDetailSalesDaily,CD_FromAmazon,1,,CD_DataSynapse,2,,Succeeded,1→2,Yes,5,6
PL_AmazonFactDetailSalesDaily,DeletePreviousFiles,8,,CD_UpdateDatesAmazonDL,3,,Succeeded,8→3,Yes,1,2
PL_AmazonFactDetailSalesDaily,DeletePreviousFiles,8,,CD_UpdateDatesSynapse,4,,Succeeded,8→4,Yes,1,2
PL_AmazonFactDetailSalesDaily,df_AmazonDates,7,,ReloadDates,5,,Succeeded,7→5,Yes,3,4
PL_AmazonFactDetailSalesDaily,df_AmazonDates,7,,DeleteDates,6,,Succeeded,7→6,Yes,3,4
PL_AmazonFactDetailSalesDaily,CD_UpdateDatesAmazonDL,3,,df_AmazonDates,7,,Succeeded,3→7,Yes,2,3
PL_AmazonFactDetailSalesDaily,CD_UpdateDatesSynapse,4,,df_AmazonDates,7,,Succeeded,4→7,Yes,2,3
PL_AmazonFactDetailSalesDaily,Set Table,9,,DeletePreviousFiles,8,,Succeeded,9→8,Yes,0,1
pl_NHSC_NHSC_RPT_AMDR_V_MARM,CD_Get_GSC_MARM,1,,CD_MARM_Synapse,2,,Succeeded,1→2,Yes,0,1
pl_NHSC_NHSC_RPT_AMDR_V_MARM,CD_Get_GSC_MARM,1,,CD_MARM_Archive,3,,Succeeded,1→3,Yes,0,1
pl_Ext_OrderTrackingIncLoad,Set MaxTime,4,,CD_IncrementalOrderData,2,,Succeeded,4→2,Yes,1,4
pl_Ext_OrderTrackingIncLoad,Set ArchiveContainer,7,,CD_IncrementalOrderData,2,,Succeeded,7→2,Yes,3,4
pl_Ext_OrderTrackingIncLoad,get_max_order_timestamp,1,,Set MaxTime,4,,Succeeded,1→4,Yes,0,1
pl_Ext_OrderTrackingIncLoad,Set CurrentTimeStamp,3,,Set Container,5,,Succeeded,3→5,Yes,0,1
pl_Ext_OrderTrackingIncLoad,Set Container,5,,Set Path,6,,Succeeded,5→6,Yes,1,2
pl_Ext_OrderTrackingIncLoad,Set Path,6,,Set ArchiveContainer,7,,Succeeded,6→7,Yes,2,3
pl_Ext_OrderTrackingIncLoad,CD_IncrementalOrderData,2,,CD_ArchiveOrderData,8,,Succeeded,2→8,Yes,4,5
pl_Ext_OrderTrackingIncLoad,CD_ArchiveOrderData,8,,df_OrderTracking_IncrementalLoad,9,,Succeeded,8→9,Yes,5,6
pl_Ext_OrderTrackingIncLoad,get_max_delivery_timestamp,10,,Set MaxTime Delivery,11,,Succeeded,10→11,Yes,0,1
pl_Ext_OrderTrackingIncLoad,Set MaxTime Delivery,11,,CD_IncrementalDeliveryData,12,,Succeeded,11→12,Yes,1,4
pl_Ext_OrderTrackingIncLoad,Set ArchiveContainer,7,,CD_IncrementalDeliveryData,12,,Succeeded,7→12,Yes,3,4
pl_Ext_OrderTrackingIncLoad,CD_IncrementalDeliveryData,12,,CD_ArchiveDeliveryData,13,,Succeeded,12→13,Yes,4,5
pl_Ext_OrderTrackingIncLoad,CD_ArchiveDeliveryData,13,,df_OTRDeliveryData,14,,Succeeded,13→14,Yes,5,6
pl_Ext_OrderTrackingIncLoad,get_max_OrderOtherData,15,,Set MaxTime OrderOtherData,16,,Succeeded,15→16,Yes,0,1
pl_Ext_OrderTrackingIncLoad,Set MaxTime OrderOtherData,16,,CD_IncrementalOrderOtherData,17,,Succeeded,16→17,Yes,1,4
pl_Ext_OrderTrackingIncLoad,Set ArchiveContainer,7,,CD_IncrementalOrderOtherData,17,,Succeeded,7→17,Yes,3,4
pl_Ext_OrderTrackingIncLoad,CD_IncrementalOrderOtherData,17,,CD_ArchiveOrderOtherData,18,,Succeeded,17→18,Yes,4,5
pl_Ext_OrderTrackingIncLoad,CD_ArchiveOrderOtherData,18,,df_OTROrderOtherData,19,,Succeeded,18→19,Yes,5,6
pl_Ext_OrderTrackingIncLoad,get_max_OrderExcepData,20,,Set MaxTime OrderExcepData,21,,Succeeded,20→21,Yes,0,1
pl_Ext_OrderTrackingIncLoad,Set MaxTime OrderExcepData,21,,CD_IncrementalOrderExcepData,22,,Succeeded,21→22,Yes,1,4
pl_Ext_OrderTrackingIncLoad,Set ArchiveContainer,7,,CD_IncrementalOrderExcepData,22,,Succeeded,7→22,Yes,3,4
pl_Ext_OrderTrackingIncLoad,CD_ArchiveOrderExcepData,24,,df_OTR_OrderExcepData,23,,Succeeded,24→23,Yes,5,6
pl_Ext_OrderTrackingIncLoad,CD_IncrementalOrderExcepData,22,,CD_ArchiveOrderExcepData,24,,Succeeded,22→24,Yes,4,5
pl_Ext_OrderTrackingIncLoad,df_OrderTracking_IncrementalLoad,9,,RemoveDups,25,,Succeeded,9→25,Yes,6,7
pl_OTR_Master,pl_OrderTrackingIncLoad,1,,pl_Ext_OrderTrackingIncLoad,2,,Succeeded,1→2,Yes,0,1
pl_NHSC_NHSC_RPT_AMDR_V_MARA,CD_Get_GSC_MARA,1,,CD_MARA_Synapse,2,,Succeeded,1→2,Yes,0,1
pl_NHSC_NHSC_RPT_AMDR_V_MARA,CD_Get_GSC_MARA,1,,CD_MARA_Archive,3,,Succeeded,1→3,Yes,0,1
PL_TBCO_PURITAN_AFRAME_DATA,Copy TBCO data to ADLS,2,,Execute Pipeline ADLS to Azure Synapse,1,,Succeeded,2→1,Yes,0,1
PL_Weekly_Intergrated_Orders,CD_Weekly_IntergratedOrders,2,,CD_csv_version NOT USED,1,,Skipped,2→1,Yes,2,3
PL_Weekly_Intergrated_Orders,WeekNumber,4,,CD_Weekly_IntergratedOrders,2,,Succeeded,4→2,Yes,1,2
PL_Weekly_Intergrated_Orders,Lookup1,3,,WeekNumber,4,,Succeeded,3→4,Yes,0,1
PL_GOL_Files,Get Files,1,,For Each File,2,,Succeeded,1→2,Yes,0,1
PL_GOL_Files,Set Archive Folder,4,,For Each File,2,,Succeeded,4→2,Yes,0,1
pl_Rac_Codes,Set FileName_HUHDR,8,,CD_HUHDR,1,,Succeeded,8→1,Yes,6,7
pl_Rac_Codes,Set CurrentTimeStamp,2,,Set Container,3,,Succeeded,2→3,Yes,0,1
pl_Rac_Codes,Set Container,3,,Set Path,4,,Succeeded,3→4,Yes,1,2
pl_Rac_Codes,Set Path,4,,Set ArchiveContainer,5,,Succeeded,4→5,Yes,2,3
pl_Rac_Codes,Set ArchiveContainer,5,,Get_Last_Update_HUHDR,6,,Succeeded,5→6,Yes,3,4
pl_Rac_Codes,Get_Last_Update_HUHDR,6,,Set_Last_Update_HUHDR,7,,Succeeded,6→7,Yes,4,5
pl_Rac_Codes,Set_Last_Update_HUHDR,7,,Set FileName_HUHDR,8,,Succeeded,7→8,Yes,5,6
pl_Rac_Codes,Set FileName_RACHIS,12,,CD_RACHIS,9,,Succeeded,12→9,Yes,6,7
pl_Rac_Codes,Set FileName_RACADT,13,,CD_RACADT,10,,Succeeded,13→10,Yes,6,7
pl_Rac_Codes,Set FileName_RACPRT,14,,CD_RACPRT,11,,Succeeded,14→11,Yes,6,7
pl_Rac_Codes,Set_Last_Update_RACHIS,16,,Set FileName_RACHIS,12,,Succeeded,16→12,Yes,5,6
pl_Rac_Codes,Set_Last_Update_RACADT,27,,Set FileName_RACADT,13,,Succeeded,27→13,Yes,5,6
pl_Rac_Codes,Set_Last_Update_RACPRT,28,,Set FileName_RACPRT,14,,Succeeded,28→14,Yes,5,6
pl_Rac_Codes,Set ArchiveContainer,5,,Get_Last_Update_RACHIS,15,,Succeeded,5→15,Yes,3,4
pl_Rac_Codes,Get_Last_Update_RACHIS,15,,Set_Last_Update_RACHIS,16,,Succeeded,15→16,Yes,4,5
pl_Rac_Codes,CD_HUHDR,1,,CD_Archive_HUHDR,17,,Succeeded,1→17,Yes,7,8
pl_Rac_Codes,CD_Archive_HUHDR,17,,DF_HUHDR,18,,Succeeded,17→18,Yes,8,9
pl_Rac_Codes,CD_RACHIS,9,,CD_Archive_RACHIS,19,,Succeeded,9→19,Yes,7,8
pl_Rac_Codes,CD_RACADT,10,,CD_Archive_RACADT,20,,Succeeded,10→20,Yes,7,8
pl_Rac_Codes,CD_RACPRT,11,,CD_Archive_RACPRT,21,,Succeeded,11→21,Yes,7,8
pl_Rac_Codes,CD_Archive_RACADT,20,,DF_RACADT,22,,Succeeded,20→22,Yes,8,9
pl_Rac_Codes,CD_Archive_RACHIS,19,,DF_RACHIS,23,,Succeeded,19→23,Yes,8,9
pl_Rac_Codes,CD_Archive_RACPRT,21,,DF_RACTPRT,24,,Succeeded,21→24,Yes,8,9
pl_Rac_Codes,Set ArchiveContainer,5,,Get_Last_Update_RACADT,25,,Succeeded,5→25,Yes,3,4
pl_Rac_Codes,Set ArchiveContainer,5,,Get_Last_Update_RACPRT,26,,Succeeded,5→26,Yes,3,4
pl_Rac_Codes,Get_Last_Update_RACADT,25,,Set_Last_Update_RACADT,27,,Succeeded,25→27,Yes,4,5
pl_Rac_Codes,Get_Last_Update_RACPRT,26,,Set_Last_Update_RACPRT,28,,Succeeded,26→28,Yes,4,5
pl_Rac_Codes,Set ArchiveContainer,5,,Get_Last_Update_RACBLP,29,,Succeeded,5→29,Yes,3,4
pl_Rac_Codes,Set ArchiveContainer,5,,Get_Last_Update_RACSCT,30,,Succeeded,5→30,Yes,3,4
pl_Rac_Codes,Get_Last_Update_RACBLP,29,,Set_Last_Update_RACBLP,31,,Succeeded,29→31,Yes,4,5
pl_Rac_Codes,Get_Last_Update_RACSCT,30,,Set_Last_Update_RACSRC,32,,Succeeded,30→32,Yes,4,5
pl_Rac_Codes,Set_Last_Update_RACSRC,32,,Set FileName_RACSCT,33,,Succeeded,32→33,Yes,5,6
pl_Rac_Codes,Set_Last_Update_RACBLP,31,,Set FileName_RACBLP,34,,Succeeded,31→34,Yes,5,6
pl_Rac_Codes,Set FileName_RACBLP,34,,CD_RACBLP,35,,Succeeded,34→35,Yes,6,7
pl_Rac_Codes,Set FileName_RACSCT,33,,CD_RACSCT,36,,Succeeded,33→36,Yes,6,7
pl_Rac_Codes,CD_RACSCT,36,,CD_Archive_RACSCT,37,,Succeeded,36→37,Yes,7,8
pl_Rac_Codes,CD_RACBLP,35,,CD_Archive_RACBLP,38,,Succeeded,35→38,Yes,7,8
pl_Rac_Codes,CD_Archive_RACBLP,38,,DF_RACBLP,39,,Succeeded,38→39,Yes,8,9
pl_Rac_Codes,CD_Archive_RACSCT,37,,DF_RACSCT,40,,Succeeded,37→40,Yes,8,9
Not_PL_Amazon_factForecast,DeletePreviousFiles,3,,CD_FromAmazon,1,,Succeeded,3→1,Yes,1,2
Not_PL_Amazon_factForecast,CD_FromAmazon,1,,CD_DataSynapse,2,,Succeeded,1→2,Yes,2,3
Not_PL_Amazon_factForecast,Set Table,4,,DeletePreviousFiles,3,,Succeeded,4→3,Yes,0,1
PL_Amazon_factSearch,DeletePreviousFiles,3,,CD_FromAmazon,1,,Succeeded,3→1,Yes,1,2
PL_Amazon_factSearch,CD_FromAmazon,1,,CD_DataSynapse,2,,Succeeded,1→2,Yes,2,3
PL_Amazon_factSearch,Set Table,4,,DeletePreviousFiles,3,,Succeeded,4→3,Yes,0,1
PL_Amazon_factFinancialScorecardShortages,DeletePreviousFiles,3,,CD_FromAmazon,1,,Succeeded,3→1,Yes,1,2
PL_Amazon_factFinancialScorecardShortages,CD_FromAmazon,1,,CD_DataSynapse,2,,Succeeded,1→2,Yes,2,3
PL_Amazon_factFinancialScorecardShortages,Set Table,4,,DeletePreviousFiles,3,,Succeeded,4→3,Yes,0,1
PL_Amazon_factInvoices,DeletePreviousFiles,3,,CD_FromAmazon,1,,Succeeded,3→1,Yes,1,2
PL_Amazon_factInvoices,CD_FromAmazon,1,,CD_DataSynapse,2,,Succeeded,1→2,Yes,2,3
PL_Amazon_factInvoices,Set Table,4,,DeletePreviousFiles,3,,Succeeded,4→3,Yes,0,1
PL_Amazon_factPayments,DeletePreviousFiles,3,,CD_FromAmazon,1,,Succeeded,3→1,Yes,1,2
PL_Amazon_factPayments,CD_FromAmazon,1,,CD_DataSynapse,2,,Succeeded,1→2,Yes,2,3
PL_Amazon_factPayments,Set Table,4,,DeletePreviousFiles,3,,Succeeded,4→3,Yes,0,1
PL_Amazon_factFinancialScorecardPriceVariance,DeletePreviousFiles,3,,CD_FromAmazon,1,,Succeeded,3→1,Yes,1,2
PL_Amazon_factFinancialScorecardPriceVariance,CD_FromAmazon,1,,CD_DataSynapse,2,,Succeeded,1→2,Yes,2,3
PL_Amazon_factFinancialScorecardPriceVariance,Set Table,4,,DeletePreviousFiles,3,,Succeeded,4→3,Yes,0,1
PL_Amazon_dimProductCatalog,DeletePreviousFiles,3,,CD_FromAmazon,1,,Succeeded,3→1,Yes,1,2
PL_Amazon_dimProductCatalog,CD_FromAmazon,1,,CD_DataSynapse,2,,Succeeded,1→2,Yes,2,3
PL_Amazon_dimProductCatalog,Set Table,4,,DeletePreviousFiles,3,,Succeeded,4→3,Yes,0,1
PL_AmazonfactSalesDetailsMonthly,Set ReloadDates,10,,CD_FromAmazon,1,,Succeeded,10→1,Yes,5,6
PL_AmazonfactSalesDetailsMonthly,CD_FromAmazon,1,,CD_DataSynapse,2,,Succeeded,1→2,Yes,6,7
PL_AmazonfactSalesDetailsMonthly,Set DeleteDates,11,,CD_DataSynapse,2,,Succeeded,11→2,Yes,5,7
PL_AmazonfactSalesDetailsMonthly,DeletePreviousFiles,8,,CD_UpdateDatesAmazonDL,3,,Succeeded,8→3,Yes,1,2
PL_AmazonfactSalesDetailsMonthly,DeletePreviousFiles,8,,CD_UpdateDatesSynapse,4,,Succeeded,8→4,Yes,1,2
PL_AmazonfactSalesDetailsMonthly,df_AmazonDates,7,,ReloadDates,5,,Succeeded,7→5,Yes,3,4
PL_AmazonfactSalesDetailsMonthly,df_AmazonDates,7,,DeleteDates,6,,Succeeded,7→6,Yes,3,4
PL_AmazonfactSalesDetailsMonthly,CD_UpdateDatesAmazonDL,3,,df_AmazonDates,7,,Succeeded,3→7,Yes,2,3
PL_AmazonfactSalesDetailsMonthly,CD_UpdateDatesSynapse,4,,df_AmazonDates,7,,Succeeded,4→7,Yes,2,3
PL_AmazonfactSalesDetailsMonthly,Set Table,9,,DeletePreviousFiles,8,,Succeeded,9→8,Yes,0,1
PL_AmazonfactSalesDetailsMonthly,ReloadDates,5,,Set ReloadDates,10,,Succeeded,5→10,Yes,4,5
PL_AmazonfactSalesDetailsMonthly,DeleteDates,6,,Set DeleteDates,11,,Succeeded,6→11,Yes,4,5
PL_AmazonfactPurchaseBehaviorMonthly,ReloadDates,5,,CD_FromAmazon,1,,Succeeded,5→1,Yes,4,5
PL_AmazonfactPurchaseBehaviorMonthly,DeleteDates,6,,CD_DataSynapse,2,,Succeeded,6→2,Yes,4,6
PL_AmazonfactPurchaseBehaviorMonthly,CD_FromAmazon,1,,CD_DataSynapse,2,,Succeeded,1→2,Yes,5,6
PL_AmazonfactPurchaseBehaviorMonthly,DeletePreviousFiles,8,,CD_UpdateDatesAmazonDL,3,,Succeeded,8→3,Yes,1,2
PL_AmazonfactPurchaseBehaviorMonthly,DeletePreviousFiles,8,,CD_UpdateDatesSynapse,4,,Succeeded,8→4,Yes,1,2
PL_AmazonfactPurchaseBehaviorMonthly,df_AmazonDates,7,,ReloadDates,5,,Succeeded,7→5,Yes,3,4
PL_AmazonfactPurchaseBehaviorMonthly,df_AmazonDates,7,,DeleteDates,6,,Succeeded,7→6,Yes,3,4
PL_AmazonfactPurchaseBehaviorMonthly,CD_UpdateDatesAmazonDL,3,,df_AmazonDates,7,,Succeeded,3→7,Yes,2,3
PL_AmazonfactPurchaseBehaviorMonthly,CD_UpdateDatesSynapse,4,,df_AmazonDates,7,,Succeeded,4→7,Yes,2,3
PL_AmazonfactPurchaseBehaviorMonthly,Set Table,9,,DeletePreviousFiles,8,,Succeeded,9→8,Yes,0,1
PL_AmazonfactPurchaseOrdersDaily,ReloadDates,5,,CD_FromAmazon,1,,Succeeded,5→1,Yes,4,5
PL_AmazonfactPurchaseOrdersDaily,DeleteDates,6,,CD_DataSynapse,2,,Succeeded,6→2,Yes,4,6
PL_AmazonfactPurchaseOrdersDaily,CD_FromAmazon,1,,CD_DataSynapse,2,,Succeeded,1→2,Yes,5,6
PL_AmazonfactPurchaseOrdersDaily,DeletePreviousFiles,8,,CD_UpdateDatesAmazonDL,3,,Succeeded,8→3,Yes,1,2
PL_AmazonfactPurchaseOrdersDaily,DeletePreviousFiles,8,,CD_UpdateDatesSynapse,4,,Succeeded,8→4,Yes,1,2
PL_AmazonfactPurchaseOrdersDaily,df_AmazonDates,7,,ReloadDates,5,,Succeeded,7→5,Yes,3,4
PL_AmazonfactPurchaseOrdersDaily,df_AmazonDates,7,,DeleteDates,6,,Succeeded,7→6,Yes,3,4
PL_AmazonfactPurchaseOrdersDaily,CD_UpdateDatesAmazonDL,3,,df_AmazonDates,7,,Succeeded,3→7,Yes,2,3
PL_AmazonfactPurchaseOrdersDaily,CD_UpdateDatesSynapse,4,,df_AmazonDates,7,,Succeeded,4→7,Yes,2,3
PL_AmazonfactPurchaseOrdersDaily,Set Table,9,,DeletePreviousFiles,8,,Succeeded,9→8,Yes,0,1
PL_Amazon_AsinMaterialHierarchy,DeletePreviousFiles,3,,CD_FromAmazon,1,,Succeeded,3→1,Yes,1,2
PL_Amazon_AsinMaterialHierarchy,CD_FromAmazon,1,,CD_DataSynapse,2,,Succeeded,1→2,Yes,2,3
PL_Amazon_AsinMaterialHierarchy,Set Table,4,,DeletePreviousFiles,3,,Succeeded,4→3,Yes,0,1
PL_Amazon_DimSyncCentricProductDetails,DeletePreviousFiles,3,,CD_FromAmazon,1,,Succeeded,3→1,Yes,1,2
PL_Amazon_DimSyncCentricProductDetails,CD_FromAmazon,1,,CD_DataSynapse,2,,Succeeded,1→2,Yes,2,3
PL_Amazon_DimSyncCentricProductDetails,Set Table,4,,DeletePreviousFiles,3,,Succeeded,4→3,Yes,0,1
PL_Amazon_DimKeepaProductDetails,DeletePreviousFiles,3,,CD_FromAmazon,1,,Succeeded,3→1,Yes,1,2
PL_Amazon_DimKeepaProductDetails,CD_FromAmazon,1,,CD_DataSynapse,2,,Succeeded,1→2,Yes,2,3
PL_Amazon_DimKeepaProductDetails,Set Table,4,,DeletePreviousFiles,3,,Succeeded,4→3,Yes,0,1
PL_AmazonfactPurchaseBehaviorWeekly,ReloadDates,5,,CD_FromAmazon,1,,Succeeded,5→1,Yes,4,5
PL_AmazonfactPurchaseBehaviorWeekly,DeleteDates,6,,CD_DataSynapse,2,,Succeeded,6→2,Yes,4,6
PL_AmazonfactPurchaseBehaviorWeekly,CD_FromAmazon,1,,CD_DataSynapse,2,,Succeeded,1→2,Yes,5,6
PL_AmazonfactPurchaseBehaviorWeekly,DeletePreviousFiles,8,,CD_UpdateDatesAmazonDL,3,,Succeeded,8→3,Yes,1,2
PL_AmazonfactPurchaseBehaviorWeekly,DeletePreviousFiles,8,,CD_UpdateDatesSynapse,4,,Succeeded,8→4,Yes,1,2
PL_AmazonfactPurchaseBehaviorWeekly,df_AmazonDates,7,,ReloadDates,5,,Succeeded,7→5,Yes,3,4
PL_AmazonfactPurchaseBehaviorWeekly,df_AmazonDates,7,,DeleteDates,6,,Succeeded,7→6,Yes,3,4
PL_AmazonfactPurchaseBehaviorWeekly,CD_UpdateDatesAmazonDL,3,,df_AmazonDates,7,,Succeeded,3→7,Yes,2,3
PL_AmazonfactPurchaseBehaviorWeekly,CD_UpdateDatesSynapse,4,,df_AmazonDates,7,,Succeeded,4→7,Yes,2,3
PL_AmazonfactPurchaseBehaviorWeekly,Set Table,9,,DeletePreviousFiles,8,,Succeeded,9→8,Yes,0,1
PL_AmazonDataLakeInventory,DeletePreviousFiles,3,,CD_FromAmazon,1,,Succeeded,3→1,Yes,1,2
PL_AmazonDataLakeInventory,CD_FromAmazon,1,,CD_DataSynapse,2,,Succeeded,1→2,Yes,2,3
PL_AmazonDataLakeInventory,Set Table,4,,DeletePreviousFiles,3,,Succeeded,4→3,Yes,0,1
PL_Amazon_dimItemCost,DeletePreviousFiles,3,,CD_FromAmazon,1,,Succeeded,3→1,Yes,1,2
PL_Amazon_dimItemCost,CD_FromAmazon,1,,CD_DataSynapse,2,,Succeeded,1→2,Yes,2,3
PL_Amazon_dimItemCost,Set Table,4,,DeletePreviousFiles,3,,Succeeded,4→3,Yes,0,1
PL_Amazon_factInventoryHealth,DeletePreviousFiles,3,,CD_FromAmazon,1,,Succeeded,3→1,Yes,1,2
PL_Amazon_factInventoryHealth,CD_FromAmazon,1,,CD_DataSynapse,2,,Succeeded,1→2,Yes,2,3
PL_Amazon_factInventoryHealth,Set Table,4,,DeletePreviousFiles,3,,Succeeded,4→3,Yes,0,1
PL_Amazon_factChargebacks,DeletePreviousFiles,3,,CD_FromAmazon,1,,Succeeded,3→1,Yes,1,2
PL_Amazon_factChargebacks,CD_FromAmazon,1,,CD_DataSynapse,2,,Succeeded,1→2,Yes,2,3
PL_Amazon_factChargebacks,Set Table,4,,DeletePreviousFiles,3,,Succeeded,4→3,Yes,0,1
PL_AmazonfactInventoryHealthDaily,ReloadDates,5,,CD_FromAmazon,1,,Succeeded,5→1,Yes,4,5
PL_AmazonfactInventoryHealthDaily,DeleteDates,6,,CD_DataSynapse,2,,Succeeded,6→2,Yes,4,6
PL_AmazonfactInventoryHealthDaily,CD_FromAmazon,1,,CD_DataSynapse,2,,Succeeded,1→2,Yes,5,6
PL_AmazonfactInventoryHealthDaily,DeletePreviousFiles,8,,CD_UpdateDatesAmazonDL,3,,Succeeded,8→3,Yes,1,2
PL_AmazonfactInventoryHealthDaily,DeletePreviousFiles,8,,CD_UpdateDatesSynapse,4,,Succeeded,8→4,Yes,1,2
PL_AmazonfactInventoryHealthDaily,df_AmazonDates,7,,ReloadDates,5,,Succeeded,7→5,Yes,3,4
PL_AmazonfactInventoryHealthDaily,df_AmazonDates,7,,DeleteDates,6,,Succeeded,7→6,Yes,3,4
PL_AmazonfactInventoryHealthDaily,CD_UpdateDatesAmazonDL,3,,df_AmazonDates,7,,Succeeded,3→7,Yes,2,3
PL_AmazonfactInventoryHealthDaily,CD_UpdateDatesSynapse,4,,df_AmazonDates,7,,Succeeded,4→7,Yes,2,3
PL_AmazonfactInventoryHealthDaily,Set Table,9,,DeletePreviousFiles,8,,Succeeded,9→8,Yes,0,1
PL_AmazonfactSalesSummaryWeekly,ReloadDates,5,,CD_FromAmazon,1,,Succeeded,5→1,Yes,4,5
PL_AmazonfactSalesSummaryWeekly,DeleteDates,6,,CD_DataSynapse,2,,Succeeded,6→2,Yes,4,6
PL_AmazonfactSalesSummaryWeekly,CD_FromAmazon,1,,CD_DataSynapse,2,,Succeeded,1→2,Yes,5,6
PL_AmazonfactSalesSummaryWeekly,DeletePreviousFiles,8,,CD_UpdateDatesAmazonDL,3,,Succeeded,8→3,Yes,1,2
PL_AmazonfactSalesSummaryWeekly,DeletePreviousFiles,8,,CD_UpdateDatesSynapse,4,,Succeeded,8→4,Yes,1,2
PL_AmazonfactSalesSummaryWeekly,df_AmazonDates,7,,ReloadDates,5,,Succeeded,7→5,Yes,3,4
PL_AmazonfactSalesSummaryWeekly,df_AmazonDates,7,,DeleteDates,6,,Succeeded,7→6,Yes,3,4
PL_AmazonfactSalesSummaryWeekly,CD_UpdateDatesAmazonDL,3,,df_AmazonDates,7,,Succeeded,3→7,Yes,2,3
PL_AmazonfactSalesSummaryWeekly,CD_UpdateDatesSynapse,4,,df_AmazonDates,7,,Succeeded,4→7,Yes,2,3
PL_AmazonfactSalesSummaryWeekly,Set Table,9,,DeletePreviousFiles,8,,Succeeded,9→8,Yes,0,1
PL_AmazonfactSalesSummaryMonthly,ReloadDates,5,,CD_FromAmazon,1,,Succeeded,5→1,Yes,4,5
PL_AmazonfactSalesSummaryMonthly,DeleteDates,6,,CD_DataSynapse,2,,Succeeded,6→2,Yes,4,6
PL_AmazonfactSalesSummaryMonthly,CD_FromAmazon,1,,CD_DataSynapse,2,,Succeeded,1→2,Yes,5,6
PL_AmazonfactSalesSummaryMonthly,DeletePreviousFiles,8,,CD_UpdateDatesAmazonDL,3,,Succeeded,8→3,Yes,1,2
PL_AmazonfactSalesSummaryMonthly,DeletePreviousFiles,8,,CD_UpdateDatesSynapse,4,,Succeeded,8→4,Yes,1,2
PL_AmazonfactSalesSummaryMonthly,df_AmazonDates,7,,ReloadDates,5,,Succeeded,7→5,Yes,3,4
PL_AmazonfactSalesSummaryMonthly,df_AmazonDates,7,,DeleteDates,6,,Succeeded,7→6,Yes,3,4
PL_AmazonfactSalesSummaryMonthly,CD_UpdateDatesAmazonDL,3,,df_AmazonDates,7,,Succeeded,3→7,Yes,2,3
PL_AmazonfactSalesSummaryMonthly,CD_UpdateDatesSynapse,4,,df_AmazonDates,7,,Succeeded,4→7,Yes,2,3
PL_AmazonfactSalesSummaryMonthly,Set Table,9,,DeletePreviousFiles,8,,Succeeded,9→8,Yes,0,1
PL_IRI_EXTRACT,Lookup_LUD,9,,Get_ListOfFiles_Since_LUD,1,,Succeeded,9→1,Yes,1,2
PL_IRI_EXTRACT,SortedListOfFiles,10,,ForEachNewFile,2,,Succeeded,10→2,Yes,3,4
PL_IRI_EXTRACT,CD_IRI_Circana_Files,3,ForEachNewFile,CD_IRI_UNZIP,4,ForEachNewFile,Succeeded,3→4,Yes,0,1
PL_IRI_EXTRACT,If NewInsert_or_Restate_Data,6,ForEachNewFile,DeleteFolder,5,ForEachNewFile,Succeeded,6→5,Yes,3,4
PL_IRI_EXTRACT,df_Circana_Consumption_Data,8,ForEachNewFile,If NewInsert_or_Restate_Data,6,ForEachNewFile,Succeeded,8→6,Yes,2,3
PL_IRI_EXTRACT,CD_IRI_UNZIP,4,ForEachNewFile,df_Circana_Consumption_Data,8,ForEachNewFile,Succeeded,4→8,Yes,1,2
PL_IRI_EXTRACT,Set LoadType,11,,Lookup_LUD,9,,Succeeded,11→9,Yes,0,1
PL_IRI_EXTRACT,Get_ListOfFiles_Since_LUD,1,,SortedListOfFiles,10,,Succeeded,1→10,Yes,2,3
PL_Load_IRI,Set List of Dates,5,,df_IRI_US_R_NHSC_FACT,1,,Succeeded,5→1,Yes,3,4
PL_Load_IRI,CD_Geography,6,,LookupDates,2,,Succeeded,6→2,Yes,0,1
PL_Load_IRI,CD_Product_Info,7,,LookupDates,2,,Succeeded,7→2,Yes,0,1
PL_Load_IRI,LookupDates,2,,ForEachDate,3,,Succeeded,2→3,Yes,1,2
PL_Load_IRI,ForEachDate,3,,Set List of Dates,5,,Succeeded,3→5,Yes,2,3
PL_PURITAN_ORDER_HOURLY,Copy Staging to Synapse Orders,3,,GetSecret,1,,Succeeded,3→1,Yes,1,2
PL_PURITAN_ORDER_HOURLY,Copy Staging to Synapse Orders_copy1,4,,GetSecret,1,,Succeeded,4→1,Yes,1,2
PL_PURITAN_ORDER_HOURLY,GetSecret,1,,TriggerPBIRefresh,2,,Succeeded,1→2,Yes,2,3
PL_PURITAN_ORDER_HOURLY,Copy Salesforce data to Azure Synapse,5,,Copy Staging to Synapse Orders,3,,Succeeded,5→3,Yes,0,1
PL_PURITAN_ORDER_HOURLY,Copy Salesforce data to Azure Synapse_copy1,6,,Copy Staging to Synapse Orders_copy1,4,,Succeeded,6→4,Yes,0,1
pl_NHSc_RPT_AMDR_BV_V_MBEW_BR,CD_Get_MBEW,1,,CD_MBEW_Synapse,2,,Succeeded,1→2,Yes,0,1
pl_NHSc_RPT_AMDR_BV_V_MBEW_BR,CD_MBEW_Synapse,2,,CD_MBEW_Archive,3,,Succeeded,2→3,Yes,1,2
pl_Spoiler,Get_Spoiler_File,1,,SendTo_SFTP,2,,Succeeded,1→2,Yes,0,1
pl_Spoiler,SendTo_SFTP,2,,Done,3,,Succeeded,2→3,Yes,1,2
PL_ColleagueDataMedicalMedia_Update,GetClientSecret,16,,GetAuthToken,1,,Succeeded,16→1,Yes,0,1
PL_ColleagueDataMedicalMedia_Update,FileName,18,,LookupFilesToCopy,5,,Succeeded,18→5,Yes,2,3
PL_ColleagueDataMedicalMedia_Update,LookupFilesToCopy,5,,ForEachFile,6,,Succeeded,5→6,Yes,3,4
PL_ColleagueDataMedicalMedia_Update,Month,4,,ForEachFile,6,,Succeeded,4→6,Yes,0,4
PL_ColleagueDataMedicalMedia_Update,Year,3,,ForEachFile,6,,Succeeded,3→6,Yes,0,4
PL_ColleagueDataMedicalMedia_Update,Time,2,,ForEachFile,6,,Succeeded,2→6,Yes,0,4
PL_ColleagueDataMedicalMedia_Update,GetAuthToken,1,,ForEachFile,6,,Succeeded,1→6,Yes,1,4
PL_ColleagueDataMedicalMedia_Update,Web_GetFileLUD,7,ForEachFile,Set LUD,8,ForEachFile,Succeeded,7→8,Yes,0,1
PL_ColleagueDataMedicalMedia_Update,Lookup_Old_LUD,10,ForEachFile,Set OLD_LUD,9,ForEachFile,Succeeded,10→9,Yes,0,1
PL_ColleagueDataMedicalMedia_Update,Set LUD,8,ForEachFile,If File Updated,11,ForEachFile,Succeeded,8→11,Yes,1,2
PL_ColleagueDataMedicalMedia_Update,Set OLD_LUD,9,ForEachFile,If File Updated,11,ForEachFile,Succeeded,9→11,Yes,1,2
PL_ColleagueDataMedicalMedia_Update,CD_Files,12,If File Updated→TRUE,CD_Archive,13,If File Updated→TRUE,Succeeded,12→13,Yes,0,1
PL_ColleagueDataMedicalMedia_Update,CD_Archive,13,If File Updated→TRUE,CD_Update_WaterMark,14,If File Updated→TRUE,Succeeded,13→14,Yes,1,2
PL_ColleagueDataMedicalMedia_Update,CD_Update_WaterMark,14,If File Updated→TRUE,df_Medical_Hub_Update,15,If File Updated→TRUE,Succeeded,14→15,Yes,2,3
PL_ColleagueDataMedicalMedia_Update,FolderPath,19,,FileName,18,,Succeeded,19→18,Yes,1,2
PL_ColleagueDataMedicalMedia_Update,RootFolder,17,,FolderPath,19,,Succeeded,17→19,Yes,0,1
PL_ColleagueDataMedicalMedia,GetClientSecret,17,,GetAuthToken,1,,Succeeded,17→1,Yes,0,1
PL_ColleagueDataMedicalMedia,FileName,19,,LookupFilesToCopy,5,,Succeeded,19→5,Yes,2,3
PL_ColleagueDataMedicalMedia,LookupFilesToCopy,5,,ForEachFile,6,,Succeeded,5→6,Yes,3,4
PL_ColleagueDataMedicalMedia,Month,4,,ForEachFile,6,,Succeeded,4→6,Yes,0,4
PL_ColleagueDataMedicalMedia,Year,3,,ForEachFile,6,,Succeeded,3→6,Yes,0,4
PL_ColleagueDataMedicalMedia,Time,2,,ForEachFile,6,,Succeeded,2→6,Yes,0,4
PL_ColleagueDataMedicalMedia,GetAuthToken,1,,ForEachFile,6,,Succeeded,1→6,Yes,1,4
PL_ColleagueDataMedicalMedia,Web_GetFileLUD,7,ForEachFile,Set LUD,8,ForEachFile,Succeeded,7→8,Yes,0,1
PL_ColleagueDataMedicalMedia,Lookup_Old_LUD,10,ForEachFile,Set OLD_LUD,9,ForEachFile,Succeeded,10→9,Yes,0,1
PL_ColleagueDataMedicalMedia,Set LUD,8,ForEachFile,If File Updated,11,ForEachFile,Succeeded,8→11,Yes,1,2
PL_ColleagueDataMedicalMedia,Set OLD_LUD,9,ForEachFile,If File Updated,11,ForEachFile,Succeeded,9→11,Yes,1,2
PL_ColleagueDataMedicalMedia,CD_Files,12,If File Updated→TRUE,CD_Archive,13,If File Updated→TRUE,Succeeded,12→13,Yes,0,1
PL_ColleagueDataMedicalMedia,CD_Archive,13,If File Updated→TRUE,CD_Update_WaterMark,14,If File Updated→TRUE,Succeeded,13→14,Yes,1,2
PL_ColleagueDataMedicalMedia,CD_Update_WaterMark,14,If File Updated→TRUE,df_Medical_Hub,15,If File Updated→TRUE,Succeeded,14→15,Yes,2,3
PL_ColleagueDataMedicalMedia,df_Medical_Hub,15,If File Updated→TRUE,PostScriptISO,16,If File Updated→TRUE,Succeeded,15→16,Yes,3,4
PL_ColleagueDataMedicalMedia,FolderPath,20,,FileName,19,,Succeeded,20→19,Yes,1,2
PL_ColleagueDataMedicalMedia,RootFolder,18,,FolderPath,20,,Succeeded,18→20,Yes,0,1
pl_UA_GoogleAnalytics_API_copy2,Copy data1,3,,GoogleAnalytics_API,2,,Succeeded,3→2,Yes,1,2
pl_UA_GoogleAnalytics_API_copy2,GET GoogleAnalytics Token,1,,Copy data1,3,,Succeeded,1→3,Yes,0,1
pl_UA_GoogleAnalytics_API,GET GoogleAnalytics Token,1,,Until All Data Extracted,2,,Succeeded,1→2,Yes,0,1
pl_UA_GoogleAnalytics_API,Set FileName,4,Until All Data Extracted→LOOP,CD_Google_UA_Data,3,Until All Data Extracted→LOOP,Succeeded,4→3,Yes,0,1
pl_UA_GoogleAnalytics_API,Lookup Next Token,6,Until All Data Extracted→LOOP,Set nextPageToken,5,Until All Data Extracted→LOOP,Succeeded,6→5,Yes,2,3
pl_UA_GoogleAnalytics_API,CD_Google_UA_Data,3,Until All Data Extracted→LOOP,Lookup Next Token,6,Until All Data Extracted→LOOP,Succeeded,3→6,Yes,1,2
pl_UA_GoogleAnalytics_API,Set nextPageToken,5,Until All Data Extracted→LOOP,Wait1,7,Until All Data Extracted→LOOP,Succeeded,5→7,Yes,3,4
pl_UA_GoogleAnalytics_API,Until All Data Extracted,2,,df_GoogleAnalytics_UA_Sessions,8,,Succeeded,2→8,Yes,1,2
pl_PhysicalStock_rpt,Set FileName,9,,CD_Physical_Stock_Report,1,,Succeeded,9→1,Yes,4,5
pl_PhysicalStock_rpt,Set CurrentTimeStamp,2,,Set Container,3,,Succeeded,2→3,Yes,0,1
pl_PhysicalStock_rpt,Set Container,3,,Set Path,4,,Succeeded,3→4,Yes,1,2
pl_PhysicalStock_rpt,Set Path,4,,Set ArchiveContainer,5,,Succeeded,4→5,Yes,2,3
pl_PhysicalStock_rpt,CD_Physical_Stock_Report,1,,CD_Archive_Physical_Stock_Report,6,,Succeeded,1→6,Yes,5,6
pl_PhysicalStock_rpt,Get_Last_Update,7,,Set_Last_Update,8,,Succeeded,7→8,Yes,0,1
pl_PhysicalStock_rpt,Set_Last_Update,8,,Set FileName,9,,Succeeded,8→9,Yes,1,4
pl_PhysicalStock_rpt,Set ArchiveContainer,5,,Set FileName,9,,Succeeded,5→9,Yes,3,4
pl_PhysicalStock_rpt,CD_Archive_Physical_Stock_Report,6,,DF_Physical_Stock_Report,10,,Succeeded,6→10,Yes,6,7
pl_Klaviyo_Campaigns,GetSecrete,1,,cd_get_campaigns,2,,Succeeded,1→2,Yes,0,1
pl_Klaviyo_Campaigns,cd_get_campaigns,2,,cd_Send_SQL_DB,3,,Succeeded,2→3,Yes,1,2
pl_Klaviyo_GetMetrics,GetSecrete,2,,GetMetrics,1,,Succeeded,2→1,Yes,0,1
pl_Klaviyo_Lists,GetSecrete,1,,cd_get_List,2,,Succeeded,1→2,Yes,0,1
pl_Klaviyo_Get_Campaigns,GetFilter,3,,GetSecrete,1,,Succeeded,3→1,Yes,3,4
pl_Klaviyo_Get_Campaigns,GetSecrete,1,,cd_get_campaigns,2,,Succeeded,1→2,Yes,4,5
pl_Klaviyo_Get_Campaigns,Set_File,6,,GetFilter,3,,Succeeded,6→3,Yes,2,3
pl_Klaviyo_Get_Campaigns,Set_Container,4,,Set_Directory,5,,Succeeded,4→5,Yes,0,1
pl_Klaviyo_Get_Campaigns,Set_Directory,5,,Set_File,6,,Succeeded,5→6,Yes,1,2
pl_Klaviyo_Get_Campaigns,cd_get_campaigns,2,,cd_Send_Parm_SQL_DB_,7,,Succeeded,2→7,Yes,5,6
pl_Klaviyo_Get_Campaigns,cd_Send_Parm_SQL_DB_,7,,Until1,8,,Succeeded,7→8,Yes,6,7
pl_Klaviyo_Get_Campaigns,GetParm,10,Until1→LOOP,SetParm,9,Until1→LOOP,Succeeded,10→9,Yes,0,1
pl_Klaviyo_Get_Campaigns,FileCount,14,Until1→LOOP,cd_get_Additional campaigns,11,Until1→LOOP,Succeeded,14→11,Yes,3,4
pl_Klaviyo_Get_Campaigns,cd_get_Additional campaigns,11,Until1→LOOP,cd_Send_Additional_Parm_SQL_DB,12,Until1→LOOP,Succeeded,11→12,Yes,4,5
pl_Klaviyo_Get_Campaigns,SetParm,9,Until1→LOOP,Get Metadata1,13,Until1→LOOP,Succeeded,9→13,Yes,1,2
pl_Klaviyo_Get_Campaigns,Get Metadata1,13,Until1→LOOP,FileCount,14,Until1→LOOP,Succeeded,13→14,Yes,2,3
pl_Klaviyo_Get_Campaigns,Until1,8,,Done,15,,Succeeded,8→15,Yes,7,8
pl_Klaviyo_Get_Campaigns_Counts,GetFilter,2,,GetSecrete,1,,Succeeded,2→1,Yes,3,4
pl_Klaviyo_Get_Campaigns_Counts,Set_File,5,,GetFilter,2,,Succeeded,5→2,Yes,2,3
pl_Klaviyo_Get_Campaigns_Counts,Set_Container,3,,Set_Directory,4,,Succeeded,3→4,Yes,0,1
pl_Klaviyo_Get_Campaigns_Counts,Set_Directory,4,,Set_File,5,,Succeeded,4→5,Yes,1,2
pl_Klaviyo_Get_Campaigns_Counts,ForEach2,8,,Done,6,,Succeeded,8→6,Yes,7,8
pl_Klaviyo_Get_Campaigns_Counts,GetSecrete,1,,Get_Campaign_ID__List,7,,Succeeded,1→7,Yes,4,5
pl_Klaviyo_Get_Campaigns_Counts,Lookup1,13,,ForEach2,8,,Succeeded,13→8,Yes,6,7
pl_Klaviyo_Get_Campaigns_Counts,Plus_One,12,ForEach2,Set_Campaign_ID,9,ForEach2,Succeeded,12→9,Yes,1,2
pl_Klaviyo_Get_Campaigns_Counts,Set_Campaign_ID,9,ForEach2,cd_get_campaign_recipient,10,ForEach2,Succeeded,9→10,Yes,2,3
pl_Klaviyo_Get_Campaigns_Counts,SetFileCount,11,ForEach2,Plus_One,12,ForEach2,Succeeded,11→12,Yes,0,1
pl_Klaviyo_Get_Campaigns_Counts,Get_Campaign_ID__List,7,,Lookup1,13,,Succeeded,7→13,Yes,5,6
pl_Klaviyo_Get_Campaigns_Segments,If Condition1,13,,GetSecrete,1,,Succeeded,13→1,Yes,3,4
pl_Klaviyo_Get_Campaigns_Segments,Set_Container,2,,Set_Directory,3,,Succeeded,2→3,Yes,0,1
pl_Klaviyo_Get_Campaigns_Segments,Set_Directory,3,,Set_File,4,,Succeeded,3→4,Yes,1,2
pl_Klaviyo_Get_Campaigns_Segments,ForEach2,6,,Done,5,,Succeeded,6→5,Yes,6,7
pl_Klaviyo_Get_Campaigns_Segments,Lookup1,12,,ForEach2,6,,Succeeded,12→6,Yes,5,6
pl_Klaviyo_Get_Campaigns_Segments,Plus_One,10,ForEach2,Set_Campaign_ID,7,ForEach2,Succeeded,10→7,Yes,1,2
pl_Klaviyo_Get_Campaigns_Segments,Set_Campaign_ID,7,ForEach2,cd_get_campaign_tags,8,ForEach2,Succeeded,7→8,Yes,2,3
pl_Klaviyo_Get_Campaigns_Segments,SetFileCount,9,ForEach2,Plus_One,10,ForEach2,Succeeded,9→10,Yes,0,1
pl_Klaviyo_Get_Campaigns_Segments,cd_get_campaign_tags,8,ForEach2,Set variable1,11,ForEach2,Failed,8→11,Yes,3,4
pl_Klaviyo_Get_Campaigns_Segments,GetSecrete,1,,Lookup1,12,,Succeeded,1→12,Yes,4,5
pl_Klaviyo_Get_Campaigns_Segments,Set_File,4,,If Condition1,13,,Succeeded,4→13,Yes,2,3
pl_Klaviyo_Get_Campaigns_Segments,FullLoad_True,14,If Condition1→TRUE,GetIDNUMBERS_Full,15,If Condition1→TRUE,Succeeded,14→15,Yes,0,1
pl_Klaviyo_Get_Campaigns_Segments,FullLoad_False,16,If Condition1→FALSE,GetIDNUMBERS,17,If Condition1→FALSE,Succeeded,16→17,Yes,0,1
pl_Klaviyo_Send_Campaigns_Template,GetFilter,3,,GetSecrete,1,,Succeeded,3→1,Yes,3,4
pl_Klaviyo_Send_Campaigns_Template,ForEach2,23,,cd_get_campaigns,2,,Succeeded,23→2,Yes,7,8
pl_Klaviyo_Send_Campaigns_Template,Set_File,6,,GetFilter,3,,Succeeded,6→3,Yes,2,3
pl_Klaviyo_Send_Campaigns_Template,Set_Container,4,,Set_Directory,5,,Succeeded,4→5,Yes,0,1
pl_Klaviyo_Send_Campaigns_Template,Set_Directory,5,,Set_File,6,,Succeeded,5→6,Yes,1,2
pl_Klaviyo_Send_Campaigns_Template,cd_get_campaigns,2,,cd_Send_Parm_SQL_DB_,7,,Succeeded,2→7,Yes,8,9
pl_Klaviyo_Send_Campaigns_Template,cd_Send_Parm_SQL_DB_,7,,Until1,8,,Succeeded,7→8,Yes,9,10
pl_Klaviyo_Send_Campaigns_Template,GetParm,10,Until1→LOOP,SetParm,9,Until1→LOOP,Succeeded,10→9,Yes,0,1
pl_Klaviyo_Send_Campaigns_Template,FileCount,14,Until1→LOOP,cd_get_Additional campaigns,11,Until1→LOOP,Succeeded,14→11,Yes,3,4
pl_Klaviyo_Send_Campaigns_Template,cd_get_Additional campaigns,11,Until1→LOOP,cd_Send_Additional_Parm_SQL_DB,12,Until1→LOOP,Succeeded,11→12,Yes,4,5
pl_Klaviyo_Send_Campaigns_Template,SetParm,9,Until1→LOOP,Get Metadata1,13,Until1→LOOP,Succeeded,9→13,Yes,1,2
pl_Klaviyo_Send_Campaigns_Template,Get Metadata1,13,Until1→LOOP,FileCount,14,Until1→LOOP,Succeeded,13→14,Yes,2,3
pl_Klaviyo_Send_Campaigns_Template,Until1,8,,Get_Filenames,15,,Succeeded,8→15,Yes,10,11
pl_Klaviyo_Send_Campaigns_Template,ForEach1,17,,Done,16,,Succeeded,17→16,Yes,12,13
pl_Klaviyo_Send_Campaigns_Template,Get_Filenames,15,,ForEach1,17,,Succeeded,15→17,Yes,11,12
pl_Klaviyo_Send_Campaigns_Template,ArchiveFiles,19,ForEach1,Delete1,18,ForEach1,Succeeded,19→18,Yes,2,3
pl_Klaviyo_Send_Campaigns_Template,SetProcess,21,ForEach1,ArchiveFiles,19,ForEach1,Succeeded,21→19,Yes,1,2
pl_Klaviyo_Send_Campaigns_Template,cd_Send_Files_SQL_DB_Count1,20,ForEach1,SetProcess,21,ForEach1,Succeeded,20→21,Yes,0,1
pl_Klaviyo_Send_Campaigns_Template,GetSecrete,1,,Get_Campaign_ID__List,22,,Succeeded,1→22,Yes,4,5
pl_Klaviyo_Send_Campaigns_Template,Lookup1,28,,ForEach2,23,,Succeeded,28→23,Yes,6,7
pl_Klaviyo_Send_Campaigns_Template,Plus_One,27,ForEach2,Set_Campaign_ID,24,ForEach2,Succeeded,27→24,Yes,1,2
pl_Klaviyo_Send_Campaigns_Template,Set_Campaign_ID,24,ForEach2,cd_get_campaign_recipient,25,ForEach2,Succeeded,24→25,Yes,2,3
pl_Klaviyo_Send_Campaigns_Template,SetFileCount,26,ForEach2,Plus_One,27,ForEach2,Succeeded,26→27,Yes,0,1
pl_Klaviyo_Send_Campaigns_Template,Get_Campaign_ID__List,22,,Lookup1,28,,Succeeded,22→28,Yes,5,6
pl_Klaviyo_Metrics,Web1,4,,cd_get_metrics,2,,Skipped,4→2,Yes,1,2
pl_Klaviyo_Metrics,cd_get_metrics,2,,cd_Send_SQL_DB,3,,Succeeded,2→3,Yes,2,3
pl_Klaviyo_Metrics,GetSecrete,1,,Web1,4,,Succeeded,1→4,Yes,0,1
pl_Klaviyo_Get_Campaigns_Messages,If Condition1,12,,GetSecrete,1,,Succeeded,12→1,Yes,3,4
pl_Klaviyo_Get_Campaigns_Messages,Set_Container,2,,Set_Directory,3,,Succeeded,2→3,Yes,0,1
pl_Klaviyo_Get_Campaigns_Messages,Set_Directory,3,,Set_File,4,,Succeeded,3→4,Yes,1,2
pl_Klaviyo_Get_Campaigns_Messages,ForEach2,6,,Done,5,,Succeeded,6→5,Yes,6,7
pl_Klaviyo_Get_Campaigns_Messages,Lookup1,11,,ForEach2,6,,Succeeded,11→6,Yes,5,6
pl_Klaviyo_Get_Campaigns_Messages,Plus_One,10,ForEach2,Set_Campaign_ID,7,ForEach2,Succeeded,10→7,Yes,1,2
pl_Klaviyo_Get_Campaigns_Messages,Set_Campaign_ID,7,ForEach2,cd_get_campaign_tags,8,ForEach2,Succeeded,7→8,Yes,2,3
pl_Klaviyo_Get_Campaigns_Messages,SetFileCount,9,ForEach2,Plus_One,10,ForEach2,Succeeded,9→10,Yes,0,1
pl_Klaviyo_Get_Campaigns_Messages,GetSecrete,1,,Lookup1,11,,Succeeded,1→11,Yes,4,5
pl_Klaviyo_Get_Campaigns_Messages,Set_File,4,,If Condition1,12,,Succeeded,4→12,Yes,2,3
pl_Klaviyo_Get_Campaigns_Messages,FullLoad_True,14,If Condition1→TRUE,GetIDNUMBERS_Full,13,If Condition1→TRUE,Succeeded,14→13,Yes,0,1
pl_Klaviyo_Get_Campaigns_Messages,FullLoad_False,16,If Condition1→FALSE,GetIDNUMBERS,15,If Condition1→FALSE,Succeeded,16→15,Yes,0,1
pl_Klaviyo_Tags,GetSecrete,1,,cd_get_Tag,2,,Succeeded,1→2,Yes,0,1
pl_Klaviyo_Get_Campaigns_Tags,If Condition1,12,,GetSecrete,1,,Succeeded,12→1,Yes,3,4
pl_Klaviyo_Get_Campaigns_Tags,Set_Container,2,,Set_Directory,3,,Succeeded,2→3,Yes,0,1
pl_Klaviyo_Get_Campaigns_Tags,Set_Directory,3,,Set_File,4,,Succeeded,3→4,Yes,1,2
pl_Klaviyo_Get_Campaigns_Tags,ForEach2,6,,Done,5,,Succeeded,6→5,Yes,6,7
pl_Klaviyo_Get_Campaigns_Tags,Lookup1,11,,ForEach2,6,,Succeeded,11→6,Yes,5,6
pl_Klaviyo_Get_Campaigns_Tags,Plus_One,10,ForEach2,Set_Campaign_ID,7,ForEach2,Succeeded,10→7,Yes,1,2
pl_Klaviyo_Get_Campaigns_Tags,Set_Campaign_ID,7,ForEach2,cd_get_campaign_tags,8,ForEach2,Succeeded,7→8,Yes,2,3
pl_Klaviyo_Get_Campaigns_Tags,SetFileCount,9,ForEach2,Plus_One,10,ForEach2,Succeeded,9→10,Yes,0,1
pl_Klaviyo_Get_Campaigns_Tags,GetSecrete,1,,Lookup1,11,,Succeeded,1→11,Yes,4,5
pl_Klaviyo_Get_Campaigns_Tags,Set_File,4,,If Condition1,12,,Succeeded,4→12,Yes,2,3
pl_Klaviyo_Get_Campaigns_Tags,FullLoad True,13,If Condition1→TRUE,GetIDNUMBERS_Full,14,If Condition1→TRUE,Succeeded,13→14,Yes,0,1
pl_Klaviyo_Get_Campaigns_Tags,FullLoad False,15,If Condition1→FALSE,GetIDNUMBERS_,16,If Condition1→FALSE,Succeeded,15→16,Yes,0,1
pl_Klaviyo_Bounce,GetSecrete,2,,Post_Get_Bounce,1,,Succeeded,2→1,Yes,0,1
pl_Klaviyo_Bounce,Post_Get_Bounce,1,,df_Klaviyo_Bounce,3,,Succeeded,1→3,Yes,1,2
pl_Klaviyo_Bounce,df_Klaviyo_Bounce,3,,Complete,4,,Succeeded,3→4,Yes,2,3
pl_Klaviyo_Send_Campaigns_Counts,Set_Container,1,,Set_Directory,2,,Succeeded,1→2,Yes,0,1
pl_Klaviyo_Send_Campaigns_Counts,Set_Directory,2,,Set_File,3,,Succeeded,2→3,Yes,1,2
pl_Klaviyo_Send_Campaigns_Counts,ForEach2,6,,Done,4,,Succeeded,6→4,Yes,6,7
pl_Klaviyo_Send_Campaigns_Counts,Set_File,3,,Get FileNames,5,,Succeeded,3→5,Yes,2,3
pl_Klaviyo_Send_Campaigns_Counts,Clean Table,12,,ForEach2,6,,Succeeded,12→6,Yes,5,6
pl_Klaviyo_Send_Campaigns_Counts,Set Filename,7,ForEach2,df_Klaviyo_Campaigns_Counts,8,ForEach2,Succeeded,7→8,Yes,0,1
pl_Klaviyo_Send_Campaigns_Counts,ArchiveFiles,10,ForEach2,Delete1,9,ForEach2,Succeeded,10→9,Yes,3,4
pl_Klaviyo_Send_Campaigns_Counts,SetProcess,11,ForEach2,ArchiveFiles,10,ForEach2,Succeeded,11→10,Yes,2,3
pl_Klaviyo_Send_Campaigns_Counts,df_Klaviyo_Campaigns_Counts,8,ForEach2,SetProcess,11,ForEach2,Succeeded,8→11,Yes,1,2
pl_Klaviyo_Send_Campaigns_Counts,RemoveFolder,13,,Clean Table,12,,Succeeded,13→12,Yes,4,5
pl_Klaviyo_Send_Campaigns_Counts,Get FileNames,5,,RemoveFolder,13,,Succeeded,5→13,Yes,3,4
pl_Klaviyo_Open,GetSecrete,2,,Post_Get_Open,1,,Succeeded,2→1,Yes,0,1
pl_Klaviyo_Open,Post_Get_Open,1,,df_Klaviyo_Open,3,,Succeeded,1→3,Yes,1,2
pl_Klaviyo_Open,df_Klaviyo_Open,3,,Complete,4,,Succeeded,3→4,Yes,2,3
pl_Klaviyo_Campaign_Messages,GetSecrete,2,,Copy data1,1,,Succeeded,2→1,Yes,0,1
pl_Klaviyo_Campaign_Messages,Copy data1,1,,df_Klaviyo_Campaign_Messages,3,,Succeeded,1→3,Yes,1,2
pl_Klaviyo_Received,GetSecrete,2,,Post_Get_Open,1,,Succeeded,2→1,Yes,0,1
pl_Klaviyo_Received,Post_Get_Open,1,,df_Klaviyo_Received,3,,Succeeded,1→3,Yes,1,2
pl_Klaviyo_Received,df_Klaviyo_Received,3,,Complete,4,,Succeeded,3→4,Yes,2,3
pl_Klaviyo_Unique_Clicked,GetSecrete,2,,Post_Get_Clicked_Unique,1,,Succeeded,2→1,Yes,0,1
pl_Klaviyo_Unique_Clicked,Post_Get_Clicked_Unique,1,,df_Klaviyo_Clicked_Unique,3,,Succeeded,1→3,Yes,1,2
pl_Klaviyo_Unique_Clicked,df_Klaviyo_Clicked_Unique,3,,Complete,4,,Succeeded,3→4,Yes,2,3
pl_Klaviyo_Send_Campaigns,Set_Container,1,,Set_Directory,2,,Succeeded,1→2,Yes,0,1
pl_Klaviyo_Send_Campaigns,Set_Directory,2,,Set_File,3,,Succeeded,2→3,Yes,1,2
pl_Klaviyo_Send_Campaigns,ForEach2,6,,Done,4,,Succeeded,6→4,Yes,5,6
pl_Klaviyo_Send_Campaigns,Set_File,3,,Get FileNames,5,,Succeeded,3→5,Yes,2,3
pl_Klaviyo_Send_Campaigns,Clean Table,9,,ForEach2,6,,Succeeded,9→6,Yes,4,5
pl_Klaviyo_Send_Campaigns,Set variable1,7,ForEach2,df_Klaviyo_Campaigns,8,ForEach2,Succeeded,7→8,Yes,0,1
pl_Klaviyo_Send_Campaigns,Get FileNames,5,,Clean Table,9,,Succeeded,5→9,Yes,3,4
pl_Klaviyo_Unsubscribed,GetSecrete,2,,Post_Get_Unsubscribed,1,,Succeeded,2→1,Yes,0,1
pl_Klaviyo_Unsubscribed,Post_Get_Unsubscribed,1,,df_Klaviyo_Unsubscribed,3,,Succeeded,1→3,Yes,1,2
pl_Klaviyo_Unsubscribed,df_Klaviyo_Unsubscribed,3,,Complete,4,,Succeeded,3→4,Yes,2,3
pl_Klaviyo_Unique_Open,GetSecrete,2,,PostData_Unique_Open,1,,Succeeded,2→1,Yes,0,1
pl_Klaviyo_Unique_Open,PostData_Unique_Open,1,,df_Klaviyo_Campaigns_Unique_Open,3,,Succeeded,1→3,Yes,1,2
pl_Klaviyo_Unique_Open,df_Klaviyo_Campaigns_Unique_Open,3,,Complete,4,,Succeeded,3→4,Yes,2,3
pl_Klaviyo_Clicked,GetSecrete,2,,Post_Get_Clicked,1,,Succeeded,2→1,Yes,0,1
pl_Klaviyo_Clicked,Post_Get_Clicked,1,,df_Klaviyo_Clicked,3,,Succeeded,1→3,Yes,1,2
pl_Klaviyo_Clicked,df_Klaviyo_Clicked,3,,Complete,4,,Succeeded,3→4,Yes,2,3
pl_Klaviyo_Send_Campaigns_Messages,Set_Container,1,,Set_Directory,2,,Succeeded,1→2,Yes,0,1
pl_Klaviyo_Send_Campaigns_Messages,Set_Directory,2,,Set_File,3,,Succeeded,2→3,Yes,1,2
pl_Klaviyo_Send_Campaigns_Messages,ForEach2,6,,Done,4,,Succeeded,6→4,Yes,6,7
pl_Klaviyo_Send_Campaigns_Messages,Set_File,3,,Get FileNames,5,,Succeeded,3→5,Yes,2,3
pl_Klaviyo_Send_Campaigns_Messages,If Condition1,13,,ForEach2,6,,Succeeded,13→6,Yes,5,6
pl_Klaviyo_Send_Campaigns_Messages,Set Filename,7,ForEach2,df_Klaviyo_Campaigns_Tags,8,ForEach2,Succeeded,7→8,Yes,0,1
pl_Klaviyo_Send_Campaigns_Messages,ArchiveFiles,10,ForEach2,Delete1,9,ForEach2,Succeeded,10→9,Yes,3,4
pl_Klaviyo_Send_Campaigns_Messages,SetProcess,11,ForEach2,ArchiveFiles,10,ForEach2,Succeeded,11→10,Yes,2,3
pl_Klaviyo_Send_Campaigns_Messages,df_Klaviyo_Campaigns_Tags,8,ForEach2,SetProcess,11,ForEach2,Succeeded,8→11,Yes,1,2
pl_Klaviyo_Send_Campaigns_Messages,Get FileNames,5,,RemoveFolder,12,,Succeeded,5→12,Yes,3,4
pl_Klaviyo_Send_Campaigns_Messages,RemoveFolder,12,,If Condition1,13,,Succeeded,12→13,Yes,4,5
pl_Klaviyo_Send_Campaigns_Messages,FullLoad_True,15,If Condition1→TRUE,Clean Table_Full,14,If Condition1→TRUE,Succeeded,15→14,Yes,0,1
pl_Klaviyo_Send_Campaigns_Messages,FullLoad_False,17,If Condition1→FALSE,Clean Table,16,If Condition1→FALSE,Succeeded,17→16,Yes,0,1
pl_Klaviyo_Send_Campaigns_Tags,Set_Container,1,,Set_Directory,2,,Succeeded,1→2,Yes,0,1
pl_Klaviyo_Send_Campaigns_Tags,Set_Directory,2,,Set_File,3,,Succeeded,2→3,Yes,1,2
pl_Klaviyo_Send_Campaigns_Tags,ForEach2,6,,Done,4,,Succeeded,6→4,Yes,6,7
pl_Klaviyo_Send_Campaigns_Tags,Set_File,3,,Get FileNames,5,,Succeeded,3→5,Yes,2,3
pl_Klaviyo_Send_Campaigns_Tags,If Condition1,13,,ForEach2,6,,Succeeded,13→6,Yes,5,6
pl_Klaviyo_Send_Campaigns_Tags,Set Filename,7,ForEach2,df_Klaviyo_Campaigns_Tags,8,ForEach2,Succeeded,7→8,Yes,0,1
pl_Klaviyo_Send_Campaigns_Tags,ArchiveFiles,10,ForEach2,Delete1,9,ForEach2,Succeeded,10→9,Yes,3,4
pl_Klaviyo_Send_Campaigns_Tags,SetProcess,11,ForEach2,ArchiveFiles,10,ForEach2,Succeeded,11→10,Yes,2,3
pl_Klaviyo_Send_Campaigns_Tags,df_Klaviyo_Campaigns_Tags,8,ForEach2,SetProcess,11,ForEach2,Succeeded,8→11,Yes,1,2
pl_Klaviyo_Send_Campaigns_Tags,Get FileNames,5,,RemoveFolder,12,,Succeeded,5→12,Yes,3,4
pl_Klaviyo_Send_Campaigns_Tags,RemoveFolder,12,,If Condition1,13,,Succeeded,12→13,Yes,4,5
pl_Klaviyo_Send_Campaigns_Tags,Fullload_True,15,If Condition1→TRUE,Clean Table_Full,14,If Condition1→TRUE,Succeeded,15→14,Yes,0,1
pl_Klaviyo_Send_Campaigns_Tags,FullLoad_False,17,If Condition1→FALSE,Clean Table,16,If Condition1→FALSE,Succeeded,17→16,Yes,0,1
pl_Klaviyo_Spam,GetSecrete,2,,Post_Get_Spam,1,,Succeeded,2→1,Yes,0,1
pl_Klaviyo_Spam,Post_Get_Spam,1,,df_Klaviyo_Spam,3,,Succeeded,1→3,Yes,1,2
pl_Klaviyo_Spam,df_Klaviyo_Spam,3,,Complete,4,,Succeeded,3→4,Yes,2,3
pl_Klaviyo_Send_Campaigns_Segments,Set_Container,1,,Set_Directory,2,,Succeeded,1→2,Yes,0,1
pl_Klaviyo_Send_Campaigns_Segments,Set_Directory,2,,Set_File,3,,Succeeded,2→3,Yes,1,2
pl_Klaviyo_Send_Campaigns_Segments,ForEach2,6,,Done,4,,Succeeded,6→4,Yes,5,6
pl_Klaviyo_Send_Campaigns_Segments,Set_File,3,,Get FileNames,5,,Succeeded,3→5,Yes,2,3
pl_Klaviyo_Send_Campaigns_Segments,If Condition1,9,,ForEach2,6,,Succeeded,9→6,Yes,4,5
pl_Klaviyo_Send_Campaigns_Segments,Set variable1,7,ForEach2,df_Klaviyo_Campaigns,8,ForEach2,Succeeded,7→8,Yes,0,1
pl_Klaviyo_Send_Campaigns_Segments,Get FileNames,5,,If Condition1,9,,Succeeded,5→9,Yes,3,4
pl_Klaviyo_Send_Campaigns_Segments,FullLoad_True,11,If Condition1→TRUE,Clean Table_Full,10,If Condition1→TRUE,Succeeded,11→10,Yes,0,1
pl_Klaviyo_Send_Campaigns_Segments,Fullload_False,13,If Condition1→FALSE,Clean Table,12,If Condition1→FALSE,Succeeded,13→12,Yes,0,1
pl_Klaviyo_Test,GetSecrete,2,,Post,1,,Succeeded,2→1,Yes,0,1
pl_Klaviyo_Test,Post,1,,df_Klaviyo,3,,Succeeded,1→3,Yes,1,2
pl_Klaviyo_Master,pl_Klaviyo_Report,25,,Execute Get Campaigns,1,,Succeeded,25→1,Yes,1,2
pl_Klaviyo_Master,Execute Get Campaigns,1,,Execute Send Campaigns,2,,Succeeded,1→2,Yes,2,3
pl_Klaviyo_Master,pl_Klaviyo_Open,3,,pl_Klaviyo_Unique_Open,4,,Succeeded,3→4,Yes,0,1
pl_Klaviyo_Master,pl_Klaviyo_Unique_Open,4,,pl_Klaviyo_Clicked,5,,Succeeded,4→5,Yes,1,2
pl_Klaviyo_Master,pl_Klaviyo_Clicked,5,,pl_Klaviyo_Unique_Clicked,6,,Succeeded,5→6,Yes,2,3
pl_Klaviyo_Master,pl_Klaviyo_Unique_Clicked,6,,pl_Klaviyo_Received,7,,Succeeded,6→7,Yes,3,4
pl_Klaviyo_Master,pl_Klaviyo_Received,7,,pl_Klaviyo_Spam,8,,Succeeded,7→8,Yes,4,5
pl_Klaviyo_Master,pl_Klaviyo_Spam,8,,pl_Klaviyo_Unsubscribed,9,,Succeeded,8→9,Yes,5,6
pl_Klaviyo_Master,pl_Klaviyo_Unsubscribed,9,,pl_Klaviyo_Bounce,10,,Succeeded,9→10,Yes,6,7
pl_Klaviyo_Master,Execute Send Campaigns,2,,pl_Klaviyo_Get_Campaigns_Tags,11,,Succeeded,2→11,Yes,3,4
pl_Klaviyo_Master,pl_Klaviyo_Get_Campaigns_Tags,11,,pl_Klaviyo_Send_Campaigns_Tags,12,,Succeeded,11→12,Yes,4,5
pl_Klaviyo_Master,Delete1,15,,Done,13,,Succeeded,15→13,Yes,15,16
pl_Klaviyo_Master,FolderDate,20,,Copy data1,14,,Succeeded,20→14,Yes,13,14
pl_Klaviyo_Master,Copy data1,14,,Delete1,15,,Succeeded,14→15,Yes,14,15
pl_Klaviyo_Master,pl_Klaviyo_Send_Campaigns_Segments,22,,FileSystemFrom,17,,Succeeded,22→17,Yes,9,10
pl_Klaviyo_Master,FileSytemTo,19,,Folder,18,,Succeeded,19→18,Yes,11,12
pl_Klaviyo_Master,FileSystemFrom,17,,FileSytemTo,19,,Succeeded,17→19,Yes,10,11
pl_Klaviyo_Master,Folder,18,,FolderDate,20,,Succeeded,18→20,Yes,12,13
pl_Klaviyo_Master,pl_Klaviyo_Send_Campaigns_Messages,24,,pl_Klaviyo_Get_Campaigns_Segments,21,,Succeeded,24→21,Yes,7,8
pl_Klaviyo_Master,pl_Klaviyo_Get_Campaigns_Segments,21,,pl_Klaviyo_Send_Campaigns_Segments,22,,Succeeded,21→22,Yes,8,9
pl_Klaviyo_Master,pl_Klaviyo_Send_Campaigns_Tags,12,,pl_Klaviyo_Get_Campaigns_Messages,23,,Succeeded,12→23,Yes,5,6
pl_Klaviyo_Master,pl_Klaviyo_Get_Campaigns_Messages,23,,pl_Klaviyo_Send_Campaigns_Messages,24,,Succeeded,23→24,Yes,6,7
pl_Klaviyo_Master,Ready,16,,pl_Klaviyo_Report,25,,Succeeded,16→25,Yes,0,1
PL_PURITAN_SETTLMT_PYMT_ADJ_TO_AZURE,Copy Salesforce data to Azure Synapse,1,,Copy Staging to Synapse,2,,Succeeded,1→2,Yes,0,1
PL_PURITAN_SETTLMT_PYMT_ADJ_TO_AZURE,Copy Salesforce Adjustment data to Azure Synapse,3,,Copy Staging to Synapse_copy1,4,,Succeeded,3→4,Yes,0,1
PL_PURITAN_SETTLMT_PYMT_ADJ_TO_AZURE,Copy Salesforce Adjustment data to Azure Synapse_copy1,5,,Copy Staging to Synapse_copy1_copy1,6,,Succeeded,5→6,Yes,0,1
PL_PURITAN_SETTLMT_PYMT_ADJ_TO_AZURE,Copy Staging to Synapse,2,,Copy Salesforce data to Azure Synapse_copy1,7,,Succeeded,2→7,Yes,1,2
PL_PURITAN_SETTLMT_PYMT_ADJ_TO_AZURE,Copy Salesforce data to Azure Synapse_copy1,7,,Copy Staging to Synapse_copy2,8,,Succeeded,7→8,Yes,2,3
pl_Get_AS400_Space_Utilization,cd_SpaceUtilization_47,1,,cd_SpaceUtilization_42,2,,Succeeded,1→2,Yes,0,1
pl_NHSC_Process_OrderHeader,CD_Get_OrderHeader,1,,CD_OrderIHeader_Synapse,2,,Succeeded,1→2,Yes,0,1
pl_NHSC_Process_OrderItems,CD_Get_OrderItems,1,,CD_OrderItems_Synapse,2,,Succeeded,1→2,Yes,0,1
PL_PURITAN_CUSTOMER_SEGMENTATION,PuritanCustomerSegmentScript,1,,GetSecret,2,,Succeeded,1→2,Yes,0,1
PL_PURITAN_CUSTOMER_SEGMENTATION,GetSecret,2,,TriggerPBIRefresh,3,,Succeeded,2→3,Yes,1,2
pl_NHSC_ExcludedOrders,CD_Get_ExcludedOrders,1,,CD_Excluded_Orders_Synapse,2,,Succeeded,1→2,Yes,0,1
PL_ColleagueData_PlannedOrderFile,GetClientSecret,15,,GetAuthToken,1,,Succeeded,15→1,Yes,0,1
PL_ColleagueData_PlannedOrderFile,FileName,17,,LookupFilesToCopy,5,,Succeeded,17→5,Yes,2,3
PL_ColleagueData_PlannedOrderFile,LookupFilesToCopy,5,,ForEachFile,6,,Succeeded,5→6,Yes,3,4
PL_ColleagueData_PlannedOrderFile,Month,4,,ForEachFile,6,,Succeeded,4→6,Yes,0,4
PL_ColleagueData_PlannedOrderFile,Year,3,,ForEachFile,6,,Succeeded,3→6,Yes,0,4
PL_ColleagueData_PlannedOrderFile,Time,2,,ForEachFile,6,,Succeeded,2→6,Yes,0,4
PL_ColleagueData_PlannedOrderFile,GetAuthToken,1,,ForEachFile,6,,Succeeded,1→6,Yes,1,4
PL_ColleagueData_PlannedOrderFile,Web_GetFileLUD,7,ForEachFile,Set LUD,8,ForEachFile,Succeeded,7→8,Yes,0,1
PL_ColleagueData_PlannedOrderFile,Lookup_Old_LUD,10,ForEachFile,Set OLD_LUD,9,ForEachFile,Succeeded,10→9,Yes,0,1
PL_ColleagueData_PlannedOrderFile,Set LUD,8,ForEachFile,If File Updated,11,ForEachFile,Succeeded,8→11,Yes,1,2
PL_ColleagueData_PlannedOrderFile,Set OLD_LUD,9,ForEachFile,If File Updated,11,ForEachFile,Succeeded,9→11,Yes,1,2
PL_ColleagueData_PlannedOrderFile,CD_Files,14,If File Updated→TRUE,CD_Update_WaterMark,12,If File Updated→TRUE,Succeeded,14→12,Yes,0,1
PL_ColleagueData_PlannedOrderFile,CD_Update_WaterMark,12,If File Updated→TRUE,df_PlannedOrdersFile,13,If File Updated→TRUE,Succeeded,12→13,Yes,1,2
PL_ColleagueData_PlannedOrderFile,FolderPath,18,,FileName,17,,Succeeded,18→17,Yes,1,2
PL_ColleagueData_PlannedOrderFile,RootFolder,16,,FolderPath,18,,Succeeded,16→18,Yes,0,1
PL_ColleagueData_Material_Production_Versions,GetClientSecret,15,,GetAuthToken,1,,Succeeded,15→1,Yes,0,1
PL_ColleagueData_Material_Production_Versions,FileName,17,,LookupFilesToCopy,5,,Succeeded,17→5,Yes,2,3
PL_ColleagueData_Material_Production_Versions,LookupFilesToCopy,5,,ForEachFile,6,,Succeeded,5→6,Yes,3,4
PL_ColleagueData_Material_Production_Versions,Month,4,,ForEachFile,6,,Succeeded,4→6,Yes,0,4
PL_ColleagueData_Material_Production_Versions,Year,3,,ForEachFile,6,,Succeeded,3→6,Yes,0,4
PL_ColleagueData_Material_Production_Versions,Time,2,,ForEachFile,6,,Succeeded,2→6,Yes,0,4
PL_ColleagueData_Material_Production_Versions,GetAuthToken,1,,ForEachFile,6,,Succeeded,1→6,Yes,1,4
PL_ColleagueData_Material_Production_Versions,Web_GetFileLUD,7,ForEachFile,Set LUD,8,ForEachFile,Succeeded,7→8,Yes,0,1
PL_ColleagueData_Material_Production_Versions,Lookup_Old_LUD,10,ForEachFile,Set OLD_LUD,9,ForEachFile,Succeeded,10→9,Yes,0,1
PL_ColleagueData_Material_Production_Versions,Set LUD,8,ForEachFile,If File Updated,11,ForEachFile,Succeeded,8→11,Yes,1,2
PL_ColleagueData_Material_Production_Versions,Set OLD_LUD,9,ForEachFile,If File Updated,11,ForEachFile,Succeeded,9→11,Yes,1,2
PL_ColleagueData_Material_Production_Versions,CD_Files,14,If File Updated→TRUE,CD_Update_WaterMark,12,If File Updated→TRUE,Succeeded,14→12,Yes,0,1
PL_ColleagueData_Material_Production_Versions,CD_Update_WaterMark,12,If File Updated→TRUE,df_Material_Production_Versions,13,If File Updated→TRUE,Succeeded,12→13,Yes,1,2
PL_ColleagueData_Material_Production_Versions,FolderPath,18,,FileName,17,,Succeeded,18→17,Yes,1,2
PL_ColleagueData_Material_Production_Versions,RootFolder,16,,FolderPath,18,,Succeeded,16→18,Yes,0,1
pl_NHSC_Process_OrderHeader_SnapShot,CD_Get_OrderHeader,1,,CD_OrderIHeader_Synapse,2,,Succeeded,1→2,Yes,0,1
pl_NHSC_Process_OrderItems_SnapShot,CD_Get_OrderItems,1,,CD_OrderItems_Synapse,2,,Succeeded,1→2,Yes,0,1
pl_NHSC_ExcludedOrders_SnapShot,CD_Get_ExcludedOrders,1,,CD_Excluded_Orders_Synapse,2,,Succeeded,1→2,Yes,0,1
pl_NHSC_Planned_Orders_SnapShot,CD_Get_Planned_Orders,1,,CD_Planned_Orders_Synapse,2,,Succeeded,1→2,Yes,0,1
pl_NHSC_Planned_Process_SnapShot_Master,pl_NHSC_Process_OrderHeader_SnapShot,3,,pl_NHSC_ExcludedOrders_SnapShot,1,,Succeeded,3→1,Yes,2,3
pl_NHSC_Planned_Process_SnapShot_Master,pl_NHSC_Process_OrderItems_SnapShot,4,,pl_NHSC_Process_OrderHeader_SnapShot,3,,Succeeded,4→3,Yes,1,2
pl_NHSC_Planned_Process_SnapShot_Master,pl_NHSC_Planned_Orders_SnapShot,2,,pl_NHSC_Process_OrderItems_SnapShot,4,,Succeeded,2→4,Yes,0,1
pl_NHSC_Planned_Process_SnapShot_Master,is_ThirdShift,13,,Get FilesNames,5,,Succeeded,13→5,Yes,6,7
pl_NHSC_Planned_Process_SnapShot_Master,Get FilesNames,5,,ForEach1,6,,Succeeded,5→6,Yes,7,8
pl_NHSC_Planned_Process_SnapShot_Master,If Condition1,9,ForEach1,DeleteProcess,8,ForEach1,Succeeded,9→8,Yes,1,2
pl_NHSC_Planned_Process_SnapShot_Master,SendCopy,7,ForEach1,If Condition1,9,ForEach1,Succeeded,7→9,Yes,0,1
pl_NHSC_Planned_Process_SnapShot_Master,pl_NHSC_ExcludedOrders_SnapShot,1,,GetShift,11,,Succeeded,1→11,Yes,3,4
pl_NHSC_Planned_Process_SnapShot_Master,GetShift,11,,Shift,12,,Succeeded,11→12,Yes,4,5
pl_NHSC_Planned_Process_SnapShot_Master,Shift,12,,is_ThirdShift,13,,Succeeded,12→13,Yes,5,6
pl_NHSC_Planned_Process_SnapShot_Master,TRUE,14,is_ThirdShift→TRUE,ThirdShift_Folderr,15,is_ThirdShift→TRUE,Succeeded,14→15,Yes,0,1
pl_NHSC_Planned_Process_SnapShot_Master,FALSE,16,is_ThirdShift→FALSE,GetFolder,17,is_ThirdShift→FALSE,Succeeded,16→17,Yes,0,1
pl_NHSC_Planned_Process_SnapShot_Master,ForEach1,6,,Done,18,,Succeeded,6→18,Yes,8,9
pl_TaxFileUpdate,cd_Update_TaxFile,1,,cd_Push_NewTaxFile,2,,Succeeded,1→2,Yes,0,1
pl_TaxFileUpdate,cd_Push_NewTaxFile,2,,cd_Update_Avalara_TaxFile,3,,Succeeded,2→3,Yes,1,2
pl_TaxFileUpdate,cd_Update_Avalara_TaxFile,3,,cd_Push_Avalara,4,,Succeeded,3→4,Yes,2,3
pl_NHSC_Planned_PLPO,CD_Get_Planned_PLPO,1,,CD_OrderItems_Synapse,2,,Succeeded,1→2,Yes,0,1
pl_NHSC_Process_RESB,CD_Get_OrderItems,1,,CD_OrderItems_Synapse,2,,Succeeded,1→2,Yes,0,1
pl_NHSC_Planned_MAPL,CD_Get_OrderItems,1,,CD_OrderItems_Synapse,2,,Succeeded,1→2,Yes,0,1
PL_ColleagueData_CRHD,GetClientSecret,15,,GetAuthToken,1,,Succeeded,15→1,Yes,0,1
PL_ColleagueData_CRHD,FileName,17,,LookupFilesToCopy,5,,Succeeded,17→5,Yes,2,3
PL_ColleagueData_CRHD,LookupFilesToCopy,5,,ForEachFile,6,,Succeeded,5→6,Yes,3,4
PL_ColleagueData_CRHD,Month,4,,ForEachFile,6,,Succeeded,4→6,Yes,0,4
PL_ColleagueData_CRHD,Year,3,,ForEachFile,6,,Succeeded,3→6,Yes,0,4
PL_ColleagueData_CRHD,Time,2,,ForEachFile,6,,Succeeded,2→6,Yes,0,4
PL_ColleagueData_CRHD,GetAuthToken,1,,ForEachFile,6,,Succeeded,1→6,Yes,1,4
PL_ColleagueData_CRHD,Web_GetFileLUD,7,ForEachFile,Set LUD,8,ForEachFile,Succeeded,7→8,Yes,0,1
PL_ColleagueData_CRHD,Lookup_Old_LUD,10,ForEachFile,Set OLD_LUD,9,ForEachFile,Succeeded,10→9,Yes,0,1
PL_ColleagueData_CRHD,Set LUD,8,ForEachFile,If File Updated,11,ForEachFile,Succeeded,8→11,Yes,1,2
PL_ColleagueData_CRHD,Set OLD_LUD,9,ForEachFile,If File Updated,11,ForEachFile,Succeeded,9→11,Yes,1,2
PL_ColleagueData_CRHD,CD_Files,14,If File Updated→TRUE,CD_Update_WaterMark,12,If File Updated→TRUE,Succeeded,14→12,Yes,0,1
PL_ColleagueData_CRHD,CD_Update_WaterMark,12,If File Updated→TRUE,df_PlannedOrdersFile,13,If File Updated→TRUE,Succeeded,12→13,Yes,1,2
PL_ColleagueData_CRHD,FolderPath,18,,FileName,17,,Succeeded,18→17,Yes,1,2
PL_ColleagueData_CRHD,RootFolder,16,,FolderPath,18,,Succeeded,16→18,Yes,0,1
PL_ColleagueData_CRHD,ForEachFile,6,,Done,19,,Succeeded,6→19,Yes,4,5
PL_ColleagueData_LineCap,GetClientSecret,15,,GetAuthToken,1,,Succeeded,15→1,Yes,0,1
PL_ColleagueData_LineCap,FileName,17,,LookupFilesToCopy,5,,Succeeded,17→5,Yes,2,3
PL_ColleagueData_LineCap,LookupFilesToCopy,5,,ForEachFile,6,,Succeeded,5→6,Yes,3,4
PL_ColleagueData_LineCap,Month,4,,ForEachFile,6,,Succeeded,4→6,Yes,0,4
PL_ColleagueData_LineCap,Year,3,,ForEachFile,6,,Succeeded,3→6,Yes,0,4
PL_ColleagueData_LineCap,Time,2,,ForEachFile,6,,Succeeded,2→6,Yes,0,4
PL_ColleagueData_LineCap,GetAuthToken,1,,ForEachFile,6,,Succeeded,1→6,Yes,1,4
PL_ColleagueData_LineCap,Web_GetFileLUD,7,ForEachFile,Set LUD,8,ForEachFile,Succeeded,7→8,Yes,0,1
PL_ColleagueData_LineCap,Lookup_Old_LUD,10,ForEachFile,Set OLD_LUD,9,ForEachFile,Succeeded,10→9,Yes,0,1
PL_ColleagueData_LineCap,Set LUD,8,ForEachFile,If File Updated,11,ForEachFile,Succeeded,8→11,Yes,1,2
PL_ColleagueData_LineCap,Set OLD_LUD,9,ForEachFile,If File Updated,11,ForEachFile,Succeeded,9→11,Yes,1,2
PL_ColleagueData_LineCap,CD_Files,14,If File Updated→TRUE,CD_Update_WaterMark,12,If File Updated→TRUE,Succeeded,14→12,Yes,0,1
PL_ColleagueData_LineCap,CD_Update_WaterMark,12,If File Updated→TRUE,df_PlannedOrdersFile,13,If File Updated→TRUE,Succeeded,12→13,Yes,1,2
PL_ColleagueData_LineCap,FolderPath,18,,FileName,17,,Succeeded,18→17,Yes,1,2
PL_ColleagueData_LineCap,RootFolder,16,,FolderPath,18,,Succeeded,16→18,Yes,0,1
PL_ColleagueData_LineCap,ForEachFile,6,,Done,19,,Succeeded,6→19,Yes,4,5
PL_ColleagueData_PO_Issues,GetClientSecret,16,,GetAuthToken,1,,Succeeded,16→1,Yes,0,1
PL_ColleagueData_PO_Issues,FileName,18,,LookupFilesToCopy,5,,Succeeded,18→5,Yes,2,3
PL_ColleagueData_PO_Issues,LookupFilesToCopy,5,,ForEachFile,6,,Succeeded,5→6,Yes,3,4
PL_ColleagueData_PO_Issues,Month,4,,ForEachFile,6,,Succeeded,4→6,Yes,0,4
PL_ColleagueData_PO_Issues,Year,3,,ForEachFile,6,,Succeeded,3→6,Yes,0,4
PL_ColleagueData_PO_Issues,Time,2,,ForEachFile,6,,Succeeded,2→6,Yes,0,4
PL_ColleagueData_PO_Issues,GetAuthToken,1,,ForEachFile,6,,Succeeded,1→6,Yes,1,4
PL_ColleagueData_PO_Issues,Web_GetFileLUD,7,ForEachFile,Set LUD,8,ForEachFile,Succeeded,7→8,Yes,0,1
PL_ColleagueData_PO_Issues,Lookup_Old_LUD,10,ForEachFile,Set OLD_LUD,9,ForEachFile,Succeeded,10→9,Yes,0,1
PL_ColleagueData_PO_Issues,Set LUD,8,ForEachFile,If File Updated,11,ForEachFile,Succeeded,8→11,Yes,1,2
PL_ColleagueData_PO_Issues,Set OLD_LUD,9,ForEachFile,If File Updated,11,ForEachFile,Succeeded,9→11,Yes,1,2
PL_ColleagueData_PO_Issues,CD_Files,14,If File Updated→TRUE,CD_Update_WaterMark,12,If File Updated→TRUE,Succeeded,14→12,Yes,0,1
PL_ColleagueData_PO_Issues,CD_Update_WaterMark,12,If File Updated→TRUE,df_PlannedOrdersFile,13,If File Updated→TRUE,Succeeded,12→13,Yes,1,2
PL_ColleagueData_PO_Issues,FolderPath,19,,FileName,18,,Succeeded,19→18,Yes,1,2
PL_ColleagueData_PO_Issues,RootFolder,17,,FolderPath,19,,Succeeded,17→19,Yes,0,1
PL_ColleagueData_PO_Issues,ForEachFile,6,,Done,20,,Succeeded,6→20,Yes,4,5
PL_ColleagueData_MKAL,GetClientSecret,16,,GetAuthToken,1,,Succeeded,16→1,Yes,0,1
PL_ColleagueData_MKAL,FileName,18,,LookupFilesToCopy,5,,Succeeded,18→5,Yes,2,3
PL_ColleagueData_MKAL,LookupFilesToCopy,5,,ForEachFile,6,,Succeeded,5→6,Yes,3,4
PL_ColleagueData_MKAL,Month,4,,ForEachFile,6,,Succeeded,4→6,Yes,0,4
PL_ColleagueData_MKAL,Year,3,,ForEachFile,6,,Succeeded,3→6,Yes,0,4
PL_ColleagueData_MKAL,Time,2,,ForEachFile,6,,Succeeded,2→6,Yes,0,4
PL_ColleagueData_MKAL,GetAuthToken,1,,ForEachFile,6,,Succeeded,1→6,Yes,1,4
PL_ColleagueData_MKAL,Web_GetFileLUD,7,ForEachFile,Set LUD,8,ForEachFile,Succeeded,7→8,Yes,0,1
PL_ColleagueData_MKAL,Lookup_Old_LUD,10,ForEachFile,Set OLD_LUD,9,ForEachFile,Succeeded,10→9,Yes,0,1
PL_ColleagueData_MKAL,Set LUD,8,ForEachFile,If File Updated,11,ForEachFile,Succeeded,8→11,Yes,1,2
PL_ColleagueData_MKAL,Set OLD_LUD,9,ForEachFile,If File Updated,11,ForEachFile,Succeeded,9→11,Yes,1,2
PL_ColleagueData_MKAL,CD_Files,14,If File Updated→TRUE,CD_Update_WaterMark,12,If File Updated→TRUE,Succeeded,14→12,Yes,0,1
PL_ColleagueData_MKAL,CD_Update_WaterMark,12,If File Updated→TRUE,df_PlannedOrdersFile,13,If File Updated→TRUE,Succeeded,12→13,Yes,1,2
PL_ColleagueData_MKAL,FolderPath,19,,FileName,18,,Succeeded,19→18,Yes,1,2
PL_ColleagueData_MKAL,RootFolder,17,,FolderPath,19,,Succeeded,17→19,Yes,0,1
PL_ColleagueData_MKAL,ForEachFile,6,,Done,20,,Succeeded,6→20,Yes,4,5
PL_MKAL,Get Metadata1,1,,GetCount,2,,Succeeded,1→2,Yes,0,1
PL_MKAL,GetCount,2,,If Condition1,3,,Succeeded,2→3,Yes,1,2
PL_MKAL,FileFound,4,If Condition1→TRUE,df_MKAL,5,If Condition1→TRUE,Succeeded,4→5,Yes,0,1
pl_Klaviyo_Report,GetSecrete,2,,Post_Get_2021,1,,Succeeded,2→1,Yes,0,1
pl_Klaviyo_Report,Post_Get_2025,12,,df_Klaviyo_Open,3,,Succeeded,12→3,Yes,9,10
pl_Klaviyo_Report,df_Klaviyo_Reports_25,13,,Complete,4,,Succeeded,13→4,Yes,11,12
pl_Klaviyo_Report,Wait_60,10,,Post_Get_2022,5,,Succeeded,10→5,Yes,2,3
pl_Klaviyo_Report,Wait__60,8,,Post_Get_2023,6,,Succeeded,8→6,Yes,4,5
pl_Klaviyo_Report,Wait___60,9,,Post_Get_2024,7,,Succeeded,9→7,Yes,6,7
pl_Klaviyo_Report,Post_Get_2022,5,,Wait__60,8,,Succeeded,5→8,Yes,3,4
pl_Klaviyo_Report,Post_Get_2023,6,,Wait___60,9,,Succeeded,6→9,Yes,5,6
pl_Klaviyo_Report,Post_Get_2021,1,,Wait_60,10,,Succeeded,1→10,Yes,1,2
pl_Klaviyo_Report,Post_Get_2024,7,,Wait____60,11,,Succeeded,7→11,Yes,7,8
pl_Klaviyo_Report,Wait____60,11,,Post_Get_2025,12,,Succeeded,11→12,Yes,8,9
pl_Klaviyo_Report,df_Klaviyo_Open,3,,df_Klaviyo_Reports_25,13,,Succeeded,3→13,Yes,10,11
pl_GetAS400_SpaceUtilization,CD_ Empty_47,5,,df_SpaceUtilization_47,3,,Succeeded,5→3,Yes,1,2
pl_GetAS400_SpaceUtilization,CD_ Empty_42,6,,df_SpaceUtilization_42,4,,Succeeded,6→4,Yes,1,2
pl_GetAS400_SpaceUtilization,CD_ Utilization_47,1,,CD_ Empty_47,5,,Succeeded,1→5,Yes,0,1
pl_GetAS400_SpaceUtilization,CD_ Utilization_42,2,,CD_ Empty_42,6,,Succeeded,2→6,Yes,0,1
pl_GetAS400_GetBulkQty,CD_Get_Bulk_Qty,1,,df_GetBulkQty,2,,Succeeded,1→2,Yes,0,1
pl_GetAS400_BOL_Weekly,CD_BOL_WEEKLY,1,,df_BOL_Weekly,2,,Succeeded,1→2,Yes,0,1
PL_KBED_SF,cd_KBED,1,,df_KBED_SF,2,,Succeeded,1→2,Yes,0,1
PL_MKAL_SF,cd_MKAL,1,,df_MKAL_SF,2,,Succeeded,1→2,Yes,0,1
pl_GetAS400_BulksNotInSap,Set NewFileName,5,,CD_Get_Bulks_Not_In_Sap,1,,Succeeded,5→1,Yes,1,2
pl_GetAS400_BulksNotInSap,Archive,4,,df_GetBulks_Not_inSAP,2,,Succeeded,4→2,Yes,3,4
pl_GetAS400_BulksNotInSap,CD_Get_Bulks_Not_In_Sap,1,,Archive,4,,Succeeded,1→4,Yes,2,3
pl_GetAS400_BulksNotInSap,Set CurrentTimeStamp,3,,Set NewFileName,5,,Succeeded,3→5,Yes,0,1
PL_AFVC_SF,cd_AFVC,1,,df_AFVC_SF,2,,Succeeded,1→2,Yes,0,1
pl_RRP4,Get_RRP4_File,1,,Get Metadata1,2,,Succeeded,1→2,Yes,0,1
pl_RRP4,Get Metadata1,2,,If Condition1,3,,Succeeded,2→3,Yes,1,2
pl_RRP4,Set FileName,8,If Condition1→TRUE,CD_Archive,5,If Condition1→TRUE,Succeeded,8→5,Yes,2,3
pl_RRP4,CD_Archive,5,If Condition1→TRUE,df_RRP4,6,If Condition1→TRUE,Succeeded,5→6,Yes,3,4
pl_RRP4,HAS DATA,4,If Condition1→TRUE,Set Path,7,If Condition1→TRUE,Succeeded,4→7,Yes,0,1
pl_RRP4,Set Path,7,If Condition1→TRUE,Set FileName,8,If Condition1→TRUE,Succeeded,7→8,Yes,1,2
pl_RRP4,NO DATA,9,If Condition1→FALSE,Send_Email_AS,10,If Condition1→FALSE,Succeeded,9→10,Yes,0,1
pl_Atrium_OpenOrders,CD_Open_Orders,1,,CD_Synapse,2,,Succeeded,1→2,Yes,0,1
pl_Atrium_Sales,CD_Atrium_Sales,1,,CD_Synapse,2,,Succeeded,1→2,Yes,0,1
pl_Atrium_Forecst,CD_Atrium_Forecast,1,,CD_Synapse,2,,Succeeded,1→2,Yes,0,1
pl_Atrium_Dim_Product,CD_Item,1,,df_Atrium_UPC,2,,Succeeded,1→2,Yes,0,1
PL_GET_Mail_Files,Time,12,,ForEachFile,2,,Succeeded,12→2,Yes,0,2
PL_GET_Mail_Files,Year,14,,ForEachFile,2,,Succeeded,14→2,Yes,0,2
PL_GET_Mail_Files,Month,13,,ForEachFile,2,,Succeeded,13→2,Yes,0,2
PL_GET_Mail_Files,LookupFilesToCopy,1,,ForEachFile,2,,Succeeded,1→2,Yes,0,2
PL_GET_Mail_Files,GetAuthToken,15,,ForEachFile,2,,Succeeded,15→2,Yes,1,2
PL_GET_Mail_Files,Web_GetFileLUD,11,ForEachFile,Set LUD,3,ForEachFile,Succeeded,11→3,Yes,0,1
PL_GET_Mail_Files,Set LUD,3,ForEachFile,If File has been Updated,5,ForEachFile,Succeeded,3→5,Yes,1,2
PL_GET_Mail_Files,Set OLD LUD,10,ForEachFile,If File has been Updated,5,ForEachFile,Succeeded,10→5,Yes,1,2
PL_GET_Mail_Files,CD_Synapse,9,If File has been Updated→TRUE,CD_Archive_Files,7,If File has been Updated→TRUE,Succeeded,9→7,Yes,1,2
PL_GET_Mail_Files,CD_Archive_Files,7,If File has been Updated→TRUE,CD_Update_WaterMark,8,If File has been Updated→TRUE,Succeeded,7→8,Yes,2,3
PL_GET_Mail_Files,CD_Amazon_Files,6,If File has been Updated→TRUE,CD_Synapse,9,If File has been Updated→TRUE,Succeeded,6→9,Yes,0,1
PL_GET_Mail_Files,Lookup_Old_LUD,4,ForEachFile,Set OLD LUD,10,ForEachFile,Succeeded,4→10,Yes,0,1
PL_GET_Mail_Files,GetClientSecret,16,,GetAuthToken,15,,Succeeded,16→15,Yes,0,1
PL_GET_Shipping_Days_Updates,Time,13,,ForEachFile,2,,Succeeded,13→2,Yes,0,2
PL_GET_Shipping_Days_Updates,Year,15,,ForEachFile,2,,Succeeded,15→2,Yes,0,2
PL_GET_Shipping_Days_Updates,Month,14,,ForEachFile,2,,Succeeded,14→2,Yes,0,2
PL_GET_Shipping_Days_Updates,LookupFilesToCopy,1,,ForEachFile,2,,Succeeded,1→2,Yes,0,2
PL_GET_Shipping_Days_Updates,GetAuthToken,16,,ForEachFile,2,,Succeeded,16→2,Yes,1,2
PL_GET_Shipping_Days_Updates,Web_GetFileLUD,12,ForEachFile,Set LUD,3,ForEachFile,Succeeded,12→3,Yes,0,1
PL_GET_Shipping_Days_Updates,Set LUD,3,ForEachFile,If File has been Updated,5,ForEachFile,Succeeded,3→5,Yes,1,2
PL_GET_Shipping_Days_Updates,Set OLD LUD,11,ForEachFile,If File has been Updated,5,ForEachFile,Succeeded,11→5,Yes,1,2
PL_GET_Shipping_Days_Updates,CD_Shipping_Days,6,If File has been Updated→TRUE,CD_Archive_Files,7,If File has been Updated→TRUE,Succeeded,6→7,Yes,0,1
PL_GET_Shipping_Days_Updates,UpdateFlag,10,If File has been Updated→TRUE,CD_Update_WaterMark,8,If File has been Updated→TRUE,Succeeded,10→8,Yes,2,3
PL_GET_Shipping_Days_Updates,CD_Shipping_Days,6,If File has been Updated→TRUE,CD_Synapse,9,If File has been Updated→TRUE,Succeeded,6→9,Yes,0,1
PL_GET_Shipping_Days_Updates,CD_Synapse,9,If File has been Updated→TRUE,UpdateFlag,10,If File has been Updated→TRUE,Succeeded,9→10,Yes,1,2
PL_GET_Shipping_Days_Updates,Lookup_Old_LUD,4,ForEachFile,Set OLD LUD,11,ForEachFile,Succeeded,4→11,Yes,0,1
PL_GET_Shipping_Days_Updates,GetClientSecret,17,,GetAuthToken,16,,Succeeded,17→16,Yes,0,1
PL_METADATA_DRIVEN_AGILE_PLM_TO_ADLS,LookupEntitiesToCopy,1,,ForEachEntity,2,,Succeeded,1→2,Yes,0,1
pl_OTR_UpdateMissingValues,Range,5,,Set CurrentTimeStamp,1,,Succeeded,5→1,Yes,0,1
pl_OTR_UpdateMissingValues,Set CurrentTimeStamp,1,,Set Container,2,,Succeeded,1→2,Yes,1,2
pl_OTR_UpdateMissingValues,Set Container,2,,Set Path,3,,Succeeded,2→3,Yes,2,3
pl_OTR_UpdateMissingValues,Set Container,2,,Set EXT Path,4,,Succeeded,2→4,Yes,2,3
pl_OTR_UpdateMissingValues,Set Path,3,,ForEach1,6,,Succeeded,3→6,Yes,3,4
pl_OTR_UpdateMissingValues,Set EXT Path,4,,ForEach1,6,,Succeeded,4→6,Yes,3,4
pl_OTR_UpdateMissingValues,OTR_DATA_EXT,9,ForEach1,df_OTR_OrderData_Ext,8,ForEach1,Succeeded,9→8,Yes,0,1
pl_OTR_UpdateMissingValues,OTR_DATA,7,ForEach1,df_OTR_OrderData,10,ForEach1,Succeeded,7→10,Yes,0,1
pl_Spoiler_Boost,df_Spoiler_Boost,2,,Done,1,,Succeeded,2→1,Yes,2,3
pl_Spoiler_Boost,Set FileName,4,,df_Spoiler_Boost,2,,Succeeded,4→2,Yes,1,2
pl_Spoiler_Boost,Set Path,3,,Set FileName,4,,Succeeded,3→4,Yes,0,1
PL_DAYFIVE_FORECAST_DATA,Execute Pipeline Sharepoint to ADLS,1,,GetMetadata,2,,Succeeded,1→2,Yes,0,1
PL_DAYFIVE_FORECAST_DATA,GetMetadata,2,,IfFileExistsOrModifiedADLS,3,,Succeeded,2→3,Yes,1,2
PL_ColleagueDataMedicalMedia_TemplateFile,GetClientSecret,18,,GetAuthToken,1,,Succeeded,18→1,Yes,0,1
PL_ColleagueDataMedicalMedia_TemplateFile,FileName,20,,LookupFilesToCopy,5,,Succeeded,20→5,Yes,2,3
PL_ColleagueDataMedicalMedia_TemplateFile,LookupFilesToCopy,5,,ForEachFile,6,,Succeeded,5→6,Yes,3,4
PL_ColleagueDataMedicalMedia_TemplateFile,Month,4,,ForEachFile,6,,Succeeded,4→6,Yes,0,4
PL_ColleagueDataMedicalMedia_TemplateFile,Year,3,,ForEachFile,6,,Succeeded,3→6,Yes,0,4
PL_ColleagueDataMedicalMedia_TemplateFile,Time,2,,ForEachFile,6,,Succeeded,2→6,Yes,0,4
PL_ColleagueDataMedicalMedia_TemplateFile,GetAuthToken,1,,ForEachFile,6,,Succeeded,1→6,Yes,1,4
PL_ColleagueDataMedicalMedia_TemplateFile,Web_GetFileLUD,7,ForEachFile,Set LUD,8,ForEachFile,Succeeded,7→8,Yes,0,1
PL_ColleagueDataMedicalMedia_TemplateFile,Lookup_Old_LUD,10,ForEachFile,Set OLD_LUD,9,ForEachFile,Succeeded,10→9,Yes,0,1
PL_ColleagueDataMedicalMedia_TemplateFile,Set LUD,8,ForEachFile,If File Updated,11,ForEachFile,Succeeded,8→11,Yes,1,2
PL_ColleagueDataMedicalMedia_TemplateFile,Set OLD_LUD,9,ForEachFile,If File Updated,11,ForEachFile,Succeeded,9→11,Yes,1,2
PL_ColleagueDataMedicalMedia_TemplateFile,File Updated,16,If File Updated→TRUE,CD_Files,12,If File Updated→TRUE,Succeeded,16→12,Yes,0,1
PL_ColleagueDataMedicalMedia_TemplateFile,CD_Files,12,If File Updated→TRUE,CD_Archive,13,If File Updated→TRUE,Succeeded,12→13,Yes,1,2
PL_ColleagueDataMedicalMedia_TemplateFile,CD_Archive,13,If File Updated→TRUE,CD_Update_WaterMark,14,If File Updated→TRUE,Succeeded,13→14,Yes,2,3
PL_ColleagueDataMedicalMedia_TemplateFile,CD_Update_WaterMark,14,If File Updated→TRUE,df_Medical_Hub_Update,15,If File Updated→TRUE,Succeeded,14→15,Yes,3,4
PL_ColleagueDataMedicalMedia_TemplateFile,FolderPath,21,,FileName,20,,Succeeded,21→20,Yes,1,2
PL_ColleagueDataMedicalMedia_TemplateFile,RootFolder,19,,FolderPath,21,,Succeeded,19→21,Yes,0,1
PL_ColleagueDataMedicalMedia_TemplateFile,ForEachFile,6,,Done,22,,Succeeded,6→22,Yes,4,5
PL_GET_ProductGroups,Time,13,,ForEachFile,2,,Succeeded,13→2,Yes,0,2
PL_GET_ProductGroups,Year,15,,ForEachFile,2,,Succeeded,15→2,Yes,0,2
PL_GET_ProductGroups,Month,14,,ForEachFile,2,,Succeeded,14→2,Yes,0,2
PL_GET_ProductGroups,LookupFilesToCopy,1,,ForEachFile,2,,Succeeded,1→2,Yes,0,2
PL_GET_ProductGroups,GetAuthToken,16,,ForEachFile,2,,Succeeded,16→2,Yes,1,2
PL_GET_ProductGroups,Web_GetFileLUD,12,ForEachFile,Set LUD,3,ForEachFile,Succeeded,12→3,Yes,0,1
PL_GET_ProductGroups,Set LUD,3,ForEachFile,If File has been Updated,5,ForEachFile,Succeeded,3→5,Yes,1,2
PL_GET_ProductGroups,Set OLD LUD,11,ForEachFile,If File has been Updated,5,ForEachFile,Succeeded,11→5,Yes,1,2
PL_GET_ProductGroups,CD_Synapse,9,If File has been Updated→TRUE,CD_Archive_Files,7,If File has been Updated→TRUE,Succeeded,9→7,Yes,1,2
PL_GET_ProductGroups,CD_Archive_Files,7,If File has been Updated→TRUE,CD_Update_WaterMark,8,If File has been Updated→TRUE,Succeeded,7→8,Yes,2,3
PL_GET_ProductGroups,CD_NHSC_Product_Groups_Files,6,If File has been Updated→TRUE,CD_Synapse,9,If File has been Updated→TRUE,Succeeded,6→9,Yes,0,1
PL_GET_ProductGroups,CD_Synapse,9,If File has been Updated→TRUE,CD_CombinedItemMaster,10,If File has been Updated→TRUE,Succeeded,9→10,Yes,1,2
PL_GET_ProductGroups,Lookup_Old_LUD,4,ForEachFile,Set OLD LUD,11,ForEachFile,Succeeded,4→11,Yes,0,1
PL_GET_ProductGroups,GetClientSecret,17,,GetAuthToken,16,,Succeeded,17→16,Yes,0,1
pl_PhysicalStock_WM,Set FileName_PhysicalStock,8,,CD_PhysicalStock,1,,Succeeded,8→1,Yes,6,7
pl_PhysicalStock_WM,Set CurrentTimeStamp,2,,Set Container,3,,Succeeded,2→3,Yes,0,1
pl_PhysicalStock_WM,Set Container,3,,Set Path,4,,Succeeded,3→4,Yes,1,2
pl_PhysicalStock_WM,Set Path,4,,Set ArchiveContainer,5,,Succeeded,4→5,Yes,2,3
pl_PhysicalStock_WM,Set ArchiveContainer,5,,Get_Last_Update_PhysicalStock,6,,Succeeded,5→6,Yes,3,4
pl_PhysicalStock_WM,Get_Last_Update_PhysicalStock,6,,Set_Last_Update_HUHDR,7,,Succeeded,6→7,Yes,4,5
pl_PhysicalStock_WM,Set_Last_Update_HUHDR,7,,Set FileName_PhysicalStock,8,,Succeeded,7→8,Yes,5,6
pl_PhysicalStock_WM,CD_PhysicalStock,1,,CD_Archive_PhysicalStock,9,,Succeeded,1→9,Yes,7,8
pl_PhysicalStock_WM,CD_Archive_PhysicalStock,9,,DF_PhysicalStock,10,,Succeeded,9→10,Yes,8,9
PL_Pharma_Orders,CD_Pharma_Orders,1,,CD_Archive,2,,Succeeded,1→2,Yes,0,1
PL_Pharma_Orders,CD_Pharma_Orders,1,,CD_Synpase,3,,Succeeded,1→3,Yes,0,1
PL_Pharma_Orders,CD_Archive,2,,DeleteFile,4,,Succeeded,2→4,Yes,1,2
PL_Pharma_Orders,CD_Synpase,3,,DeleteFile,4,,Succeeded,3→4,Yes,1,2
pl_GetAS400_BulksRejectReason,Set NewFileName,5,,CD_Get_Bulks_Not_In_Sap,1,,Succeeded,5→1,Yes,1,2
pl_GetAS400_BulksRejectReason,Archive,4,,df_GetBulks_Not_inSAP,2,,Succeeded,4→2,Yes,3,4
pl_GetAS400_BulksRejectReason,CD_Get_Bulks_Not_In_Sap,1,,Archive,4,,Succeeded,1→4,Yes,2,3
pl_GetAS400_BulksRejectReason,Set CurrentTimeStamp,3,,Set NewFileName,5,,Succeeded,3→5,Yes,0,1
pl_GetAS400_RAW,Set NewFileName,5,,CD_Get_Bulks_Not_In_Sap,1,,Succeeded,5→1,Yes,1,2
pl_GetAS400_RAW,Archive,4,,df_GetBulks_Not_inSAP,2,,Succeeded,4→2,Yes,3,4
pl_GetAS400_RAW,CD_Get_Bulks_Not_In_Sap,1,,Archive,4,,Succeeded,1→4,Yes,2,3
pl_GetAS400_RAW,Set CurrentTimeStamp,3,,Set NewFileName,5,,Succeeded,3→5,Yes,0,1
pl_GetAS400_BulksDates,Set NewFileName,5,,CD_Get_Bulks_Not_In_Sap,1,,Succeeded,5→1,Yes,1,2
pl_GetAS400_BulksDates,Archive,4,,df_GetBulks_Not_inSAP,2,,Succeeded,4→2,Yes,3,4
pl_GetAS400_BulksDates,CD_Get_Bulks_Not_In_Sap,1,,Archive,4,,Succeeded,1→4,Yes,2,3
pl_GetAS400_BulksDates,Set CurrentTimeStamp,3,,Set NewFileName,5,,Succeeded,3→5,Yes,0,1
pl_GetAS400_RawDates,Set NewFileName,5,,CD_Get_Bulks_Not_In_Sap,1,,Succeeded,5→1,Yes,1,2
pl_GetAS400_RawDates,Archive,4,,df_GetBulks_Not_inSAP,2,,Succeeded,4→2,Yes,3,4
pl_GetAS400_RawDates,CD_Get_Bulks_Not_In_Sap,1,,Archive,4,,Succeeded,1→4,Yes,2,3
pl_GetAS400_RawDates,Set CurrentTimeStamp,3,,Set NewFileName,5,,Succeeded,3→5,Yes,0,1
pl_IntegratedOrders_ext,US16_IO,4,,df_IntegratedOrders,2,,Succeeded,4→2,Yes,1,2
pl_IntegratedOrders_ext,US8X_IO,5,,df_IntegratedOrders,2,,Succeeded,5→2,Yes,1,2
pl_IntegratedOrders_ext,df_IntegratedOrders,2,,IntegratedOrders_SCDType2,3,,Succeeded,2→3,Yes,2,3
pl_IntegratedOrders_ext,set_inboundpath,1,,US16_IO,4,,Succeeded,1→4,Yes,0,1
pl_IntegratedOrders_ext,set_inboundpath,1,,US8X_IO,5,,Succeeded,1→5,Yes,0,1
PL_HCN_OrderInformation,Set Year,7,,CD_HCN_MEDICAL_NUTRITION_UNSHIPPED,1,,Succeeded,7→1,Yes,0,1
PL_HCN_OrderInformation,CD_HCN_MEDICAL_NUTRITION_UNSHIPPED,1,,CD_UNSHIPPED_SYNAPSE,2,,Succeeded,1→2,Yes,1,2
PL_HCN_OrderInformation,CD_CONSUMERCARE_VP_UNSHIPPED,3,,CD_UNSHIPPED_SYNAPSE,2,,Succeeded,3→2,Yes,1,2
PL_HCN_OrderInformation,Set Year,7,,CD_CONSUMERCARE_VP_UNSHIPPED,3,,Succeeded,7→3,Yes,0,1
PL_HCN_OrderInformation,CD_HCN_MEDICALNUTRION_ORDERED_MTD,4,,CD_ORDERED_MTD_SYNAPSE,5,,Succeeded,4→5,Yes,0,1
PL_HCN_OrderInformation,CD_HCN_CONSUMERCARE_VP_ORDERED_MTD,6,,CD_ORDERED_MTD_SYNAPSE,5,,Succeeded,6→5,Yes,0,1
PL_OnDemand_PBI_Refresh,Get_LogicApp_Secrete,1,,TriggerPBIRefresh,2,,Succeeded,1→2,Yes,0,1
PL_OnDemand_PBI_Refresh,Get_Workspace_Secrete,3,,TriggerPBIRefresh,2,,Succeeded,3→2,Yes,0,1
PL_OnDemand_PBI_Refresh,Get_Dataset_Secrete,4,,TriggerPBIRefresh,2,,Succeeded,4→2,Yes,0,1
pl_Process_Orgain_YTD_Actuals,df_OrgainYTDActuals,1,,DataRange,2,,Succeeded,1→2,Yes,0,1
pl_Process_Orgain_YTD_Actuals,DataRange,2,,CD_Orgain_YTD_Actuals,3,,Succeeded,2→3,Yes,1,2
pl_Process_Orgain_YTD_Actuals,CD_Orgain_YTD_Actuals,3,,DeleteFiles,4,,Succeeded,3→4,Yes,2,3
PL_GET_Orgain_YTD_Actuals,Time,11,,ForEachFile,2,,Succeeded,11→2,Yes,0,2
PL_GET_Orgain_YTD_Actuals,Year,13,,ForEachFile,2,,Succeeded,13→2,Yes,0,2
PL_GET_Orgain_YTD_Actuals,Month,12,,ForEachFile,2,,Succeeded,12→2,Yes,0,2
PL_GET_Orgain_YTD_Actuals,LookupFilesToCopy,1,,ForEachFile,2,,Succeeded,1→2,Yes,0,2
PL_GET_Orgain_YTD_Actuals,GetAuthToken,14,,ForEachFile,2,,Succeeded,14→2,Yes,1,2
PL_GET_Orgain_YTD_Actuals,Web_GetFileLUD,10,ForEachFile,Set LUD,3,ForEachFile,Succeeded,10→3,Yes,0,1
PL_GET_Orgain_YTD_Actuals,Set LUD,3,ForEachFile,If File has been Updated,5,ForEachFile,Succeeded,3→5,Yes,1,2
PL_GET_Orgain_YTD_Actuals,Set OLD LUD,9,ForEachFile,If File has been Updated,5,ForEachFile,Succeeded,9→5,Yes,1,2
PL_GET_Orgain_YTD_Actuals,CD_Orgain_YTD_Actuals_Files,7,If File has been Updated→TRUE,pl_Process_Orgain_YTD_Actuals,6,If File has been Updated→TRUE,Succeeded,7→6,Yes,0,1
PL_GET_Orgain_YTD_Actuals,pl_Process_Orgain_YTD_Actuals,6,If File has been Updated→TRUE,CD_Update_WaterMark,8,If File has been Updated→TRUE,Succeeded,6→8,Yes,1,2
PL_GET_Orgain_YTD_Actuals,Lookup_Old_LUD,4,ForEachFile,Set OLD LUD,9,ForEachFile,Succeeded,4→9,Yes,0,1
PL_GET_Orgain_YTD_Actuals,GetClientSecret,15,,GetAuthToken,14,,Succeeded,15→14,Yes,0,1
pl_Process_Master,pl_NHSC_Process_RESB,3,,pl_NHSC_Process_OrderItems,1,,Succeeded,3→1,Yes,0,1
pl_Process_Master,pl_NHSC_Process_OrderItems,1,,pl_NHSC_Process_OrderHeader,2,,Succeeded,1→2,Yes,1,2
pl_Planned_Master,pl_NHSC_Planned_PLPO,4,,pl_NHSC_ExcludedOrders,2,,Succeeded,4→2,Yes,2,3
pl_Planned_Master,pl_NHSC_Planned_Orders,1,,pl_NHSC_Planned_MAPL,3,,Succeeded,1→3,Yes,0,1
pl_Planned_Master,pl_NHSC_Planned_MAPL,3,,pl_NHSC_Planned_PLPO,4,,Succeeded,3→4,Yes,1,2
pl_Planned_Master,pl_NHSC_ExcludedOrders,2,,PL_MKAL_SF,5,,Succeeded,2→5,Yes,3,4
pl_Planned_Master,PL_MKAL_SF,5,,PL_AFVC_SF,6,,Succeeded,5→6,Yes,4,5
PL_PURITAN_SERVICE_APPOINTMENT_TO_AZURE,Copy Salesforce data to Azure Synapse,1,,Copy Staging to Synapse,2,,Succeeded,1→2,Yes,0,1
PL_PURITAN_SERVICE_APPOINTMENT_TO_AZURE,Copy Staging to Synapse,2,,Copy Salesforce data to Azure Synapse_copy1,3,,Succeeded,2→3,Yes,1,2
PL_PURITAN_SERVICE_APPOINTMENT_TO_AZURE,Copy Salesforce data to Azure Synapse_copy1,3,,Copy Staging to Synapse_copy1,4,,Succeeded,3→4,Yes,2,3
PL_PURITAN_SERVICE_APPOINTMENT_TO_AZURE,Copy Staging to Synapse_copy1,4,,Copy Salesforce data to Azure Synapse_copy1_copy1,5,,Succeeded,4→5,Yes,3,4
PL_PURITAN_SERVICE_APPOINTMENT_TO_AZURE,Copy Salesforce data to Azure Synapse_copy1_copy1,5,,Script1,6,,Succeeded,5→6,Yes,4,5
pl_Get_EBSFormulaBOM,Get_FormulaBOM,1,,Push_EBSFormula_BOM,2,,Succeeded,1→2,Yes,0,1
pl_Get_AS400_Tables,GET PRODFA_OEBSXRPF,1,,PUSH_OEBSXRPF,3,,Succeeded,1→3,Yes,0,1
pl_Get_AS400_Tables,GET WHSMST,2,,PUSH_WHSMSTP,4,,Succeeded,2→4,Yes,0,1
pl_Get_AS400_Tables,GET_INVBLKP,5,,PUSH_INVBLKP,6,,Succeeded,5→6,Yes,0,1
pl_Get_AS400_Tables,GET_WHS_ORG_PF,7,,PUSH_WHS_ORG_PF,8,,Succeeded,7→8,Yes,0,1
PL_ASCP_RM,Get Metadata1,1,,GetCount,2,,Succeeded,1→2,Yes,0,1
PL_ASCP_RM,GetCount,2,,If Condition1,3,,Succeeded,2→3,Yes,1,2
PL_ASCP_RM,ASCP_RM_UNZIP,6,If Condition1→TRUE,ASCP_RM,5,If Condition1→TRUE,Succeeded,6→5,Yes,1,2
PL_ASCP_RM,FileFound,4,If Condition1→TRUE,ASCP_RM_UNZIP,6,If Condition1→TRUE,Succeeded,4→6,Yes,0,1
PL_ASCP_RM,ASCP_RM,5,If Condition1→TRUE,Delete1,7,If Condition1→TRUE,Succeeded,5→7,Yes,2,3
PL_ASCP_RM,If Condition1,3,,Done,9,,Succeeded,3→9,Yes,2,3
pl_MedicalNutrition_DirectIndirect_Sales,cd_EndSales,4,,cd_Archive,1,,Succeeded,4→1,Yes,2,3
pl_MedicalNutrition_DirectIndirect_Sales,Lookup_LatestYear,3,,Set YearLoad,2,,Succeeded,3→2,Yes,0,1
pl_MedicalNutrition_DirectIndirect_Sales,Set YearLoad,2,,cd_EndSales,4,,Succeeded,2→4,Yes,1,2
pl_MedicalNutrition_DirectIndirect_Sales,cd_EndSales,4,,cd_Synpase,5,,Succeeded,4→5,Yes,2,3
pl_MedicalNutrition_DirectIndirect_Sales,cd_Synpase,5,,Delete,6,,Succeeded,5→6,Yes,3,4
pl_MedicalNutrition_DirectIndirect_Sales,cd_Archive,1,,Delete,6,,Succeeded,1→6,Yes,3,4
pl_MedicalNutrition_DirectIndirect_Sales,cd_Synpase,5,,Populate POS Table with Medical Nutrition Data,7,,Succeeded,5→7,Yes,3,4
PL_Circana_Consumption,Only_Folders,4,,ForEachFolder,1,,Succeeded,4→1,Yes,1,2
PL_Circana_Consumption,Get_List_Folders,3,,Only_Folders,4,,Succeeded,3→4,Yes,0,1
PL_Circana_Consumption,ForEachFolder,1,,Populate POS Table with Circana,5,,Succeeded,1→5,Yes,2,3
PL_AGILE_PQM_DATA_TO_AZURE,Execute Pipeline Agile PLM to ADLS,1,,Execute Pipeline ADLS to Azure Synapse,2,,Succeeded,1→2,Yes,0,1
pl_GA4_Process_Sessions,GET GoogleAnalytics Token,1,,UntilAllRecordsProcessed,3,,Succeeded,1→3,Yes,0,1
pl_GA4_Process_Sessions,LookupDates,2,,UntilAllRecordsProcessed,3,,Succeeded,2→3,Yes,0,1
pl_GA4_Process_Sessions,CD_GA4_Data,4,UntilAllRecordsProcessed→LOOP,IncOffSet,5,UntilAllRecordsProcessed→LOOP,Succeeded,4→5,Yes,0,1
pl_GA4_Process_Sessions,IncOffSet,5,UntilAllRecordsProcessed→LOOP,SetNewOffSet,6,UntilAllRecordsProcessed→LOOP,Succeeded,5→6,Yes,1,2
pl_GA4_Process_Sessions,CD_GA4_Data,4,UntilAllRecordsProcessed→LOOP,If First Loop,7,UntilAllRecordsProcessed→LOOP,Succeeded,4→7,Yes,0,1
pl_GA4_Process_Sessions,DF_GA4_Sessions_Limit,10,If First Loop→TRUE,LookupRowNumber,8,If First Loop→TRUE,Succeeded,10→8,Yes,0,1
pl_GA4_Process_Sessions,LookupRowNumber,8,If First Loop→TRUE,Set_RowNumber,9,If First Loop→TRUE,Succeeded,8→9,Yes,1,2
pl_GA4_Process_Sessions,UntilAllRecordsProcessed,3,,DF_GA4_Sessions,11,,Succeeded,3→11,Yes,1,2
pl_GA4_Event,Lookup_Property_id_List,1,,ForEach1,2,,Succeeded,1→2,Yes,0,1
pl_GA4_Event,DeleteFolder,5,,ForEach1,2,,Succeeded,5→2,Yes,0,1
pl_GA4_Event,LookupDates,6,,ForEach1,2,,Succeeded,6→2,Yes,0,1
pl_GA4_Event,GET GoogleAnalytics Token,4,,ForEach1,2,,Succeeded,4→2,Yes,0,1
pl_GA4_PageViews,Lookup_Property_id_List,1,,ForEachPropertyID,2,,Succeeded,1→2,Yes,0,2
pl_GA4_PageViews,DeleteFolder,4,,ForEachPropertyID,2,,Succeeded,4→2,Yes,1,2
pl_GA4_PageViews,DeleteLimitFolder,5,,ForEachPropertyID,2,,Succeeded,5→2,Yes,1,2
pl_GA4_PageViews,Set Folder,6,,DeleteFolder,4,,Succeeded,6→4,Yes,0,1
pl_GA4_PageViews,Set Folder,6,,DeleteLimitFolder,5,,Succeeded,6→5,Yes,0,1
pl_GA4_Sessions,Lookup_Property_id_List,1,,ForEachPropertyID,2,,Succeeded,1→2,Yes,0,2
pl_GA4_Sessions,DeleteFolder,4,,ForEachPropertyID,2,,Succeeded,4→2,Yes,1,2
pl_GA4_Sessions,DeleteLimitFolder,5,,ForEachPropertyID,2,,Succeeded,5→2,Yes,1,2
pl_GA4_Sessions,Set Folder,6,,DeleteFolder,4,,Succeeded,6→4,Yes,0,1
pl_GA4_Sessions,Set Folder,6,,DeleteLimitFolder,5,,Succeeded,6→5,Yes,0,1
pl_UA__Event,GET GoogleAnalytics Token,1,,Until All Data Extracted,2,,Succeeded,1→2,Yes,0,1
pl_UA__Event,Set FileName,4,Until All Data Extracted→LOOP,CD_Google_UA_Data,3,Until All Data Extracted→LOOP,Succeeded,4→3,Yes,0,1
pl_UA__Event,Lookup Next Token,6,Until All Data Extracted→LOOP,Set nextPageToken,5,Until All Data Extracted→LOOP,Succeeded,6→5,Yes,2,3
pl_UA__Event,CD_Google_UA_Data,3,Until All Data Extracted→LOOP,Lookup Next Token,6,Until All Data Extracted→LOOP,Succeeded,3→6,Yes,1,2
pl_UA__Event,Set nextPageToken,5,Until All Data Extracted→LOOP,Wait1,7,Until All Data Extracted→LOOP,Succeeded,5→7,Yes,3,4
pl_UA__Event,Until All Data Extracted,2,,df_GoogleAnalytics_UA_Sessions,8,,Succeeded,2→8,Yes,1,2
pl_NHSC_NHSC_RPT_AMDR_V_MAKT,CD_Get_GSC_MAKT,1,,CD_MAKT_Synapse,2,,Succeeded,1→2,Yes,0,1
pl_NHSC_NHSC_RPT_AMDR_V_MAKT,CD_Get_GSC_MAKT,1,,CD_MAKT_Archive,3,,Succeeded,1→3,Yes,0,1
pl_AS400_RM_TRANSACTIONS,Set NewFileName,5,,CD_AS400_RM_TRANSACTIONS,1,,Succeeded,5→1,Yes,1,2
pl_AS400_RM_TRANSACTIONS,Archive,4,,df_AS400_RM_Transactions,2,,Succeeded,4→2,Yes,3,4
pl_AS400_RM_TRANSACTIONS,CD_AS400_RM_TRANSACTIONS,1,,Archive,4,,Succeeded,1→4,Yes,2,3
pl_AS400_RM_TRANSACTIONS,Set CurrentTimeStamp,3,,Set NewFileName,5,,Succeeded,3→5,Yes,0,1
pl_AS400_RM_TRANSACTIONS,df_AS400_RM_Transactions,2,,Done,6,,Succeeded,2→6,Yes,4,5
pl_BOM_BomLink_FullLoad,Set FileName,9,,CD_BOM_Link,1,,Succeeded,9→1,Yes,4,5
pl_BOM_BomLink_FullLoad,Set CurrentTimeStamp,2,,Set Container,3,,Succeeded,2→3,Yes,0,1
pl_BOM_BomLink_FullLoad,Set Container,3,,Set Path,4,,Succeeded,3→4,Yes,1,2
pl_BOM_BomLink_FullLoad,Set Path,4,,Set ArchiveContainer,5,,Succeeded,4→5,Yes,2,3
pl_BOM_BomLink_FullLoad,CD_BOM_Link,1,,CD_Archive_BOM_Link,6,,Succeeded,1→6,Yes,5,6
pl_BOM_BomLink_FullLoad,Get_Last_Update,7,,Set_Last_Update,8,,Succeeded,7→8,Yes,0,1
pl_BOM_BomLink_FullLoad,Set_Last_Update,8,,Set FileName,9,,Succeeded,8→9,Yes,1,4
pl_BOM_BomLink_FullLoad,Set ArchiveContainer,5,,Set FileName,9,,Succeeded,5→9,Yes,3,4
pl_BOM_BomLink_FullLoad,CD_Archive_BOM_Link,6,,DF_BOM_Link,10,,Succeeded,6→10,Yes,6,7
pl_BOM_BomLink_FullLoad,DF_BOM_Link,10,,Done,11,,Succeeded,10→11,Yes,7,8
pl_BOM_BomHeader_FullLoad,Set FileName,9,,CD_BOM_HEADER,1,,Succeeded,9→1,Yes,4,5
pl_BOM_BomHeader_FullLoad,Set CurrentTimeStamp,2,,Set Container,3,,Succeeded,2→3,Yes,0,1
pl_BOM_BomHeader_FullLoad,Set Container,3,,Set Path,4,,Succeeded,3→4,Yes,1,2
pl_BOM_BomHeader_FullLoad,Set Path,4,,Set ArchiveContainer,5,,Succeeded,4→5,Yes,2,3
pl_BOM_BomHeader_FullLoad,CD_BOM_HEADER,1,,CD_Archive_BOM_HEADER,6,,Succeeded,1→6,Yes,5,6
pl_BOM_BomHeader_FullLoad,Get_Last_Update,7,,Set_Last_Update,8,,Succeeded,7→8,Yes,0,1
pl_BOM_BomHeader_FullLoad,Set_Last_Update,8,,Set FileName,9,,Succeeded,8→9,Yes,1,4
pl_BOM_BomHeader_FullLoad,Set ArchiveContainer,5,,Set FileName,9,,Succeeded,5→9,Yes,3,4
pl_BOM_BomHeader_FullLoad,CD_Archive_BOM_HEADER,6,,DF_BOM_HEADER,10,,Succeeded,6→10,Yes,6,7
pl_BOM_BomHeader_FullLoad,DF_BOM_HEADER,10,,Done,11,,Succeeded,10→11,Yes,7,8
pl_BOM_BomItem_FullLoad,Set FileName,9,,CD_BOM_Item,1,,Succeeded,9→1,Yes,4,5
pl_BOM_BomItem_FullLoad,Set CurrentTimeStamp,2,,Set Container,3,,Succeeded,2→3,Yes,0,1
pl_BOM_BomItem_FullLoad,Set Container,3,,Set Path,4,,Succeeded,3→4,Yes,1,2
pl_BOM_BomItem_FullLoad,Set Path,4,,Set ArchiveContainer,5,,Succeeded,4→5,Yes,2,3
pl_BOM_BomItem_FullLoad,CD_BOM_Item,1,,CD_Archive_BOM_Item,6,,Succeeded,1→6,Yes,5,6
pl_BOM_BomItem_FullLoad,Get_Last_Update,7,,Set_Last_Update,8,,Succeeded,7→8,Yes,0,1
pl_BOM_BomItem_FullLoad,Set_Last_Update,8,,Set FileName,9,,Succeeded,8→9,Yes,1,4
pl_BOM_BomItem_FullLoad,Set ArchiveContainer,5,,Set FileName,9,,Succeeded,5→9,Yes,3,4
pl_BOM_BomItem_FullLoad,CD_Archive_BOM_Item,6,,DF_BOM_Item,10,,Succeeded,6→10,Yes,6,7
pl_BOM_BomItem_FullLoad,DF_BOM_Item,10,,Done,11,,Succeeded,10→11,Yes,7,8
BOM_Master_FullLoad,pl_BOM_BomLink_FullLoad,3,,pl_BOM_BomItem_FullLoad,2,,Succeeded,3→2,Yes,1,2
BOM_Master_FullLoad,pl_BOM_BomHeader_FullLoad,1,,pl_BOM_BomLink_FullLoad,3,,Succeeded,1→3,Yes,0,1
BOM_Master_FullLoad,pl_BOM_BomItem_FullLoad,2,,pl_BOM_BomItemSelect_FullLoad,4,,Succeeded,2→4,Yes,2,3
pl_NHSC_V_OTR_Rolling18,Pull_OTROrderData_Rolling18,1,,Push_Synapse,2,,Succeeded,1→2,Yes,0,1
pl_BOM_BomItemSelect_FullLoad,Set FileName,9,,CD_BOM_Item_Select,1,,Succeeded,9→1,Yes,4,5
pl_BOM_BomItemSelect_FullLoad,Set CurrentTimeStamp,2,,Set Container,3,,Succeeded,2→3,Yes,0,1
pl_BOM_BomItemSelect_FullLoad,Set Container,3,,Set Path,4,,Succeeded,3→4,Yes,1,2
pl_BOM_BomItemSelect_FullLoad,Set Path,4,,Set ArchiveContainer,5,,Succeeded,4→5,Yes,2,3
pl_BOM_BomItemSelect_FullLoad,CD_BOM_Item_Select,1,,CD_Archive_BOM_Item,6,,Succeeded,1→6,Yes,5,6
pl_BOM_BomItemSelect_FullLoad,Get_Last_Update,7,,Set_Last_Update,8,,Succeeded,7→8,Yes,0,1
pl_BOM_BomItemSelect_FullLoad,Set_Last_Update,8,,Set FileName,9,,Succeeded,8→9,Yes,1,4
pl_BOM_BomItemSelect_FullLoad,Set ArchiveContainer,5,,Set FileName,9,,Succeeded,5→9,Yes,3,4
pl_BOM_BomItemSelect_FullLoad,CD_Archive_BOM_Item,6,,DF_BOM_Item,10,,Succeeded,6→10,Yes,6,7
pl_BOM_BomItemSelect_FullLoad,DF_BOM_Item,10,,Done,11,,Succeeded,10→11,Yes,7,8
pl_DeliveryData_NHS,Set CurrentTimeStamp,1,,Set Container,2,,Succeeded,1→2,Yes,0,1
pl_DeliveryData_NHS,Set Container,2,,Set Path,3,,Succeeded,2→3,Yes,1,2
pl_DeliveryData_NHS,Set Path,3,,Set ArchiveContainer,4,,Succeeded,3→4,Yes,2,3
pl_DeliveryData_NHS,get_max_delivery_timestamp,5,,Set MaxTime Delivery,6,,Succeeded,5→6,Yes,0,1
pl_DeliveryData_NHS,Set MaxTime Delivery,6,,CD_IncrementalDeliveryData,7,,Succeeded,6→7,Yes,1,4
pl_DeliveryData_NHS,Set ArchiveContainer,4,,CD_IncrementalDeliveryData,7,,Succeeded,4→7,Yes,3,4
pl_DeliveryData_NHS,CD_IncrementalDeliveryData,7,,df_OTRDeliveryData,8,,Succeeded,7→8,Yes,4,5
pl_DeliveryData_NHS,df_OTRDeliveryData,8,,Done,9,,Succeeded,8→9,Yes,5,6
PL_Amazon_AsinMaterialMatchRate,DeletePreviousFiles,3,,CD_FromAmazon,1,,Succeeded,3→1,Yes,1,2
PL_Amazon_AsinMaterialMatchRate,CD_FromAmazon,1,,CD_DataSynapse,2,,Succeeded,1→2,Yes,2,3
PL_Amazon_AsinMaterialMatchRate,Set Table,4,,DeletePreviousFiles,3,,Succeeded,4→3,Yes,0,1
PL_AS400_BulkPlan,Folder,14,,Get_Filename,1,,Succeeded,14→1,Yes,1,2
PL_AS400_BulkPlan,Filter1,16,,ForEach1,2,,Succeeded,16→2,Yes,3,4
PL_AS400_BulkPlan,FileName,3,ForEach1,Get Metadata1,4,ForEach1,Succeeded,3→4,Yes,0,1
PL_AS400_BulkPlan,Get Metadata1,4,ForEach1,If Condition1,5,ForEach1,Succeeded,4→5,Yes,1,2
PL_AS400_BulkPlan,LastDate,6,If Condition1→TRUE,LastFile,7,If Condition1→TRUE,Succeeded,6→7,Yes,0,1
PL_AS400_BulkPlan,LastFile,7,If Condition1→TRUE,CurrentFile,8,If Condition1→TRUE,Succeeded,7→8,Yes,1,2
PL_AS400_BulkPlan,CurrentFile,8,If Condition1→TRUE,Archive,9,If Condition1→TRUE,Succeeded,8→9,Yes,2,3
PL_AS400_BulkPlan,Archive,9,If Condition1→TRUE,df_OracleBulkPlan,10,If Condition1→TRUE,Succeeded,9→10,Yes,3,4
PL_AS400_BulkPlan,df_OracleBulkPlan,10,If Condition1→TRUE,MoveSoureFile,11,If Condition1→TRUE,Succeeded,10→11,Yes,4,5
PL_AS400_BulkPlan,MoveSoureFile,11,If Condition1→TRUE,DeleteSourceFile,12,If Condition1→TRUE,Succeeded,11→12,Yes,5,6
PL_AS400_BulkPlan,Directory,13,,Folder,14,,Succeeded,13→14,Yes,0,1
PL_AS400_BulkPlan,ForEach1,2,,Done,15,,Succeeded,2→15,Yes,4,5
PL_AS400_BulkPlan,Get_Filename,1,,Filter1,16,,Succeeded,1→16,Yes,2,3
pl_NHSC_NHSC_RPT_AMDR_V_MVKE,GET_LUD,3,,CD_Get_GSC_MVKE,1,,Succeeded,3→1,Yes,0,1
pl_NHSC_NHSC_RPT_AMDR_V_MVKE,Set Now,4,,CD_Get_GSC_MVKE,1,,Succeeded,4→1,Yes,0,1
pl_NHSC_NHSC_RPT_AMDR_V_MVKE,CD_Get_GSC_MVKE,1,,CD_MVKE_Synapse,2,,Succeeded,1→2,Yes,1,2
PL_Salesforce_Master,PL_Update_Salesforce_Tables,3,,Trigger PBI Refresh Only If running in Prod,1,,Succeeded,3→1,Yes,0,1
JW_MorningReport,Delete_Old_File,8,,Done Report,1,,Succeeded,8→1,Yes,16,17
JW_MorningReport,NewFileName,15,,GET_REPORT FROM SNOW,2,,Succeeded,15→2,Yes,10,11
JW_MorningReport,GetSecrete,4,,Send_Email,3,,Succeeded,4→3,Yes,13,14
JW_MorningReport,REMOVE HEADER,16,,GetSecrete,4,,Succeeded,16→4,Yes,12,13
JW_MorningReport,GetDate,7,,Container,5,,Succeeded,7→5,Yes,0,1
JW_MorningReport,Container,5,,Directory,6,,Succeeded,5→6,Yes,1,2
JW_MorningReport,SAVE OLD_REPORT,17,,Delete_Old_File,8,,Succeeded,17→8,Yes,15,16
JW_MorningReport,Directory,6,,EmailTo,9,,Succeeded,6→9,Yes,2,3
JW_MorningReport,EmailTo,9,,CC,10,,Succeeded,9→10,Yes,3,4
JW_MorningReport,FldPath,13,,Subject,11,,Succeeded,13→11,Yes,6,7
JW_MorningReport,Subject,11,,MessageContent,12,,Succeeded,11→12,Yes,7,8
JW_MorningReport,BCC,18,,FldPath,13,,Succeeded,18→13,Yes,5,6
JW_MorningReport,MessageContent,12,,StorageAccount,14,,Succeeded,12→14,Yes,8,9
JW_MorningReport,StorageAccount,14,,NewFileName,15,,Succeeded,14→15,Yes,9,10
JW_MorningReport,GET_REPORT FROM SNOW,2,,REMOVE HEADER,16,,Succeeded,2→16,Yes,11,12
JW_MorningReport,Send_Email,3,,SAVE OLD_REPORT,17,,Succeeded,3→17,Yes,14,15
JW_MorningReport,CC,10,,BCC,18,,Succeeded,10→18,Yes,4,5
PL_EDW_PRS_S6_MDH_KLAH,SEND_KLAH,3,,DONE_KLAH,1,,Succeeded,3→1,Yes,1,2
PL_EDW_PRS_S6_MDH_KLAH,GET_KLAH,2,,SEND_KLAH,3,,Succeeded,2→3,Yes,0,1
PL_EDW_PRS_S6_MDH_SWOR,SEND_SWOR,3,,DONE_SWOR,1,,Succeeded,3→1,Yes,1,2
PL_EDW_PRS_S6_MDH_SWOR,GET_SWOR,2,,SEND_SWOR,3,,Succeeded,2→3,Yes,0,1
PL_SF_EDW_PRS_MDH_AUSP,SEND_AUSP,3,,DONE_ASUP,1,,Succeeded,3→1,Yes,1,2
PL_SF_EDW_PRS_MDH_AUSP,GET_AUSP,2,,SEND_AUSP,3,,Succeeded,2→3,Yes,0,1
PL_SF_EDW_PRS_MDH_CAWNT,SEND_CAWNT,3,,DONE_CAWNT,1,,Succeeded,3→1,Yes,1,2
PL_SF_EDW_PRS_MDH_CAWNT,GET_CAWNT,2,,SEND_CAWNT,3,,Succeeded,2→3,Yes,0,1
PL_SF_EDW_PRS_MDH_MARM,SEND_MARM,3,,DONE_MARM,1,,Succeeded,3→1,Yes,1,2
PL_SF_EDW_PRS_MDH_MARM,GET_MARM,2,,SEND_MARM,3,,Succeeded,2→3,Yes,0,1
PL_SF_EDW_PRS_MDH_MARA,SEND_MARA,3,,DONE_MARA,1,,Succeeded,3→1,Yes,1,2
PL_SF_EDW_PRS_MDH_MARA,GET_MARA,2,,SEND_MARA,3,,Succeeded,2→3,Yes,0,1
PL_SF_EDW_PRS_MDH_CABN,SEND_CABN,3,,DONE_CABN,1,,Succeeded,3→1,Yes,1,2
PL_SF_EDW_PRS_MDH_CABN,GET_CABN,2,,SEND_CABN,3,,Succeeded,2→3,Yes,0,1
PL_SF_EDW_PRS_MDH_CAWN,SEND_CAWN,3,,DONE_CAWN,1,,Succeeded,3→1,Yes,1,2
PL_SF_EDW_PRS_MDH_CAWN,GET_CAWN,2,,SEND_CAWN,3,,Succeeded,2→3,Yes,0,1
PL_SF_EDW_PRS_MDH_MVKE,SEND_MVKE,3,,DONE_MVKE,1,,Succeeded,3→1,Yes,1,2
PL_SF_EDW_PRS_MDH_MVKE,GET_MVKE,2,,SEND_MVKE,3,,Succeeded,2→3,Yes,0,1
PL_SnowFlakeBom,PUSHBOMDATA,3,,DONE_BOM,1,,Succeeded,3→1,Yes,1,2
PL_SnowFlakeBom,GET_BOMDATA,2,,PUSHBOMDATA,3,,Succeeded,2→3,Yes,0,1
PL_SnowFlakeBom,PUSH_SPEND_CLASS,6,,DONE_SPEND,4,,Succeeded,6→4,Yes,1,2
PL_SnowFlakeBom,GET_SPEND_CLASS,5,,PUSH_SPEND_CLASS,6,,Succeeded,5→6,Yes,0,1
PL_SnowFlakeBom,PUSH_SPEC_DESC,9,,DONE_SPEC,7,,Succeeded,9→7,Yes,4,5
PL_SnowFlakeBom,DONE_SPEND,4,,GET_SPEC_DESC,8,,Succeeded,4→8,Yes,2,3
PL_SnowFlakeBom,GET_SPEC_DESC,8,,PUSH_SPEC_DESC,9,,Succeeded,8→9,Yes,3,4
PL_SnowFlakeBom,PUSH_ZPACK,12,,DONE_ZPACK,10,,Succeeded,12→10,Yes,7,8
PL_SnowFlakeBom,DONE_SPEC,7,,GET_ZPACK_COND,11,,Succeeded,7→11,Yes,5,6
PL_SnowFlakeBom,GET_ZPACK_COND,11,,PUSH_ZPACK,12,,Succeeded,11→12,Yes,6,7
PL_SnowFlakeBom,PUSH_MARA BRAND,15,,DONE_MARA,13,,Succeeded,15→13,Yes,1,2
PL_SnowFlakeBom,GET_MARA_Brand Hierarchy,14,,PUSH_MARA BRAND,15,,Succeeded,14→15,Yes,0,1
PL_SnowFlakeBom,PUSH_MARM_DIM,18,,DONE_MARM,16,,Succeeded,18→16,Yes,4,5
PL_SnowFlakeBom,DONE_MARA,13,,GET_MARM_DIM,17,,Succeeded,13→17,Yes,2,3
PL_SnowFlakeBom,GET_MARM_DIM,17,,PUSH_MARM_DIM,18,,Succeeded,17→18,Yes,3,4
PL_SnowFlakeBom,PUSH_OLD_NUMBER,21,,DONE_NUMBERS,19,,Succeeded,21→19,Yes,7,8
PL_SnowFlakeBom,DONE_MARM,16,,GET_OLD_NUMBERS,20,,Succeeded,16→20,Yes,5,6
PL_SnowFlakeBom,GET_OLD_NUMBERS,20,,PUSH_OLD_NUMBER,21,,Succeeded,20→21,Yes,6,7
SF_Master,PL_SF_EDW_PRS_MDH_CABN,2,,PL_SF_EDW_PRS_MDH_CAWN,3,,Succeeded,2→3,Yes,0,1
SF_Master,PL_SF_EDW_PRS_MDH_CAWN,3,,PL_SF_EDW_PRS_MDH_CAWNT,4,,Succeeded,3→4,Yes,1,2
SF_Master,PL_EDW_PRS_S6_MDH_KLAH,8,,PL_EDW_PRS_S6_MDH_SWOR,9,,Succeeded,8→9,Yes,0,1
PL_Larry,Get DWF_Approvers,1,,Send_Approvers,2,,Succeeded,1→2,Yes,0,1
PL_Larry,Send_Approvers,2,,Get DWF_Label Approvers,3,,Succeeded,2→3,Yes,1,2
PL_Larry,Get DWF_Label Approvers,3,,Send_Label_Approvers,4,,Succeeded,3→4,Yes,2,3
PL_Larry,Send_Label_Approvers,4,,Get DWF_Attachments,5,,Succeeded,4→5,Yes,3,4
PL_Larry,Get DWF_Attachments,5,,Send_Attchments,6,,Succeeded,5→6,Yes,4,5
PL_Larry,Send_Attchments,6,,Get DWF_Roles,7,,Succeeded,6→7,Yes,5,6
PL_Larry,Get DWF_Roles,7,,Send_Roles,8,,Succeeded,7→8,Yes,6,7
PL_Larry,Get DWF_WorkFlowMaster,9,,Send_WorkflowMaster,10,,Succeeded,9→10,Yes,0,1
PL_Larry,Send_Inventory_EXP,23,,Get_DestructionWorkFlow,11,,Succeeded,23→11,Yes,1,2
PL_Larry,Get_DestructionWorkFlow,11,,Send_DestructionWorkFlow,12,,Succeeded,11→12,Yes,2,3
PL_Larry,Send_WorkflowMaster,10,,Get_ActivityTracker,13,,Succeeded,10→13,Yes,1,2
PL_Larry,Get_ActivityTracker,13,,Send_ActivityTracker,14,,Succeeded,13→14,Yes,2,3
PL_Larry,Send_ActivityTracker,14,,Get_wf_User_DWF,15,,Succeeded,14→15,Yes,3,4
PL_Larry,Get_wf_User_DWF,15,,Send_DF_User_DWF,16,,Succeeded,15→16,Yes,4,5
PL_Larry,Send_DF_User_DWF,16,,Get_Users,17,,Succeeded,16→17,Yes,5,6
PL_Larry,Get_Users,17,,Send_Users,18,,Succeeded,17→18,Yes,6,7
PL_Larry,Send_Roles,8,,DoneSectionOne,19,,Succeeded,8→19,Yes,7,8
PL_Larry,Send_Users,18,,DoneSectionTwo,20,,Succeeded,18→20,Yes,7,8
PL_Larry,Send_DestructionWorkFlow,12,,DoneSectionThree,21,,Succeeded,12→21,Yes,3,4
PL_Larry,Get_Inventory_EXP,22,,Send_Inventory_EXP,23,,Succeeded,22→23,Yes,0,1
PL_GET_StateMapping,Time,13,,ForEachFile,2,,Succeeded,13→2,Yes,0,2
PL_GET_StateMapping,Year,15,,ForEachFile,2,,Succeeded,15→2,Yes,0,2
PL_GET_StateMapping,Month,14,,ForEachFile,2,,Succeeded,14→2,Yes,0,2
PL_GET_StateMapping,LookupFilesToCopy,1,,ForEachFile,2,,Succeeded,1→2,Yes,0,2
PL_GET_StateMapping,GetAuthToken,16,,ForEachFile,2,,Succeeded,16→2,Yes,1,2
PL_GET_StateMapping,Web_GetFileLUD,12,ForEachFile,Set LUD,3,ForEachFile,Succeeded,12→3,Yes,0,1
PL_GET_StateMapping,Set LUD,3,ForEachFile,If File has been Updated,5,ForEachFile,Succeeded,3→5,Yes,1,2
PL_GET_StateMapping,Set OLD LUD,11,ForEachFile,If File has been Updated,5,ForEachFile,Succeeded,11→5,Yes,1,2
PL_GET_StateMapping,CD_State_Synapse,9,If File has been Updated→TRUE,CD_Archive_Files,7,If File has been Updated→TRUE,Succeeded,9→7,Yes,1,2
PL_GET_StateMapping,CD_Archive_Files,7,If File has been Updated→TRUE,CD_Update_WaterMark,8,If File has been Updated→TRUE,Succeeded,7→8,Yes,2,3
PL_GET_StateMapping,CD_Files,6,If File has been Updated→TRUE,CD_State_Synapse,9,If File has been Updated→TRUE,Succeeded,6→9,Yes,0,1
PL_GET_StateMapping,CD_Files,6,If File has been Updated→TRUE,CD_Reporting_Year_Synapse,10,If File has been Updated→TRUE,Succeeded,6→10,Yes,0,1
PL_GET_StateMapping,Lookup_Old_LUD,4,ForEachFile,Set OLD LUD,11,ForEachFile,Succeeded,4→11,Yes,0,1
PL_GET_StateMapping,GetClientSecret,17,,GetAuthToken,16,,Succeeded,17→16,Yes,0,1
PL_Atrium_Amazon,Time,13,,ForEachFile,2,,Succeeded,13→2,Yes,0,2
PL_Atrium_Amazon,Year,15,,ForEachFile,2,,Succeeded,15→2,Yes,0,2
PL_Atrium_Amazon,Month,14,,ForEachFile,2,,Succeeded,14→2,Yes,0,2
PL_Atrium_Amazon,LookupFilesToCopy,1,,ForEachFile,2,,Succeeded,1→2,Yes,0,2
PL_Atrium_Amazon,GetAuthToken,16,,ForEachFile,2,,Succeeded,16→2,Yes,1,2
PL_Atrium_Amazon,Web_GetFileLUD,12,ForEachFile,Set LUD,3,ForEachFile,Succeeded,12→3,Yes,0,1
PL_Atrium_Amazon,Set LUD,3,ForEachFile,If File has been Updated,5,ForEachFile,Succeeded,3→5,Yes,1,2
PL_Atrium_Amazon,Set OLD LUD,11,ForEachFile,If File has been Updated,5,ForEachFile,Succeeded,11→5,Yes,1,2
PL_Atrium_Amazon,CD_State_Synapse,9,If File has been Updated→TRUE,CD_Archive_Files,7,If File has been Updated→TRUE,Succeeded,9→7,Yes,1,2
PL_Atrium_Amazon,CD_Archive_Files,7,If File has been Updated→TRUE,CD_Update_WaterMark,8,If File has been Updated→TRUE,Succeeded,7→8,Yes,2,3
PL_Atrium_Amazon,CD_Files,6,If File has been Updated→TRUE,CD_State_Synapse,9,If File has been Updated→TRUE,Succeeded,6→9,Yes,0,1
PL_Atrium_Amazon,CD_State_Synapse,9,If File has been Updated→TRUE,Populate POS Table with Atrium Amazon Data,10,If File has been Updated→TRUE,Succeeded,9→10,Yes,1,2
PL_Atrium_Amazon,Lookup_Old_LUD,4,ForEachFile,Set OLD LUD,11,ForEachFile,Succeeded,4→11,Yes,0,1
PL_Atrium_Amazon,GetClientSecret,17,,GetAuthToken,16,,Succeeded,17→16,Yes,0,1
pl_Costco-Orgain,GetClientSecret,6,,GetAuthToken,5,,Succeeded,6→5,Yes,0,1
pl_Costco-Orgain,GetAuthToken,5,,ForEachFile,7,,Succeeded,5→7,Yes,1,2
pl_Costco-Orgain,LookupFilesToCopy,1,,ForEachFile,7,,Succeeded,1→7,Yes,0,2
pl_Costco-Orgain,Time,2,,ForEachFile,7,,Succeeded,2→7,Yes,0,2
pl_Costco-Orgain,Month,3,,ForEachFile,7,,Succeeded,3→7,Yes,0,2
pl_Costco-Orgain,Year,4,,ForEachFile,7,,Succeeded,4→7,Yes,0,2
pl_Costco-Orgain,Web_GetFileLUD,17,ForEachFile,Set LUD,8,ForEachFile,Succeeded,17→8,Yes,0,1
pl_Costco-Orgain,Set LUD,8,ForEachFile,If File has been Updated,10,ForEachFile,Succeeded,8→10,Yes,1,2
pl_Costco-Orgain,Set OLD LUD,16,ForEachFile,If File has been Updated,10,ForEachFile,Succeeded,16→10,Yes,1,2
pl_Costco-Orgain,CD_Files,11,If File has been Updated→TRUE,CD_Archive_Files,12,If File has been Updated→TRUE,Succeeded,11→12,Yes,0,1
pl_Costco-Orgain,CD_COSTCO-Orgain_Synapse,14,If File has been Updated→TRUE,CD_Update_WaterMark,13,If File has been Updated→TRUE,Succeeded,14→13,Yes,1,2
pl_Costco-Orgain,CD_Files,11,If File has been Updated→TRUE,CD_COSTCO-Orgain_Synapse,14,If File has been Updated→TRUE,Succeeded,11→14,Yes,0,1
pl_Costco-Orgain,CD_COSTCO-Orgain_Synapse,14,If File has been Updated→TRUE,Populate POS Table with Costco Orgain,15,If File has been Updated→TRUE,Succeeded,14→15,Yes,1,2
pl_Costco-Orgain,Lookup_Old_LUD,9,ForEachFile,Set OLD LUD,16,ForEachFile,Succeeded,9→16,Yes,0,1
pl_PharmaPOS,GetClientSecret,6,,GetAuthToken,5,,Succeeded,6→5,Yes,0,1
pl_PharmaPOS,GetAuthToken,5,,ForEachFile,7,,Succeeded,5→7,Yes,1,2
pl_PharmaPOS,LookupFilesToCopy,1,,ForEachFile,7,,Succeeded,1→7,Yes,0,2
pl_PharmaPOS,Time,2,,ForEachFile,7,,Succeeded,2→7,Yes,0,2
pl_PharmaPOS,Month,3,,ForEachFile,7,,Succeeded,3→7,Yes,0,2
pl_PharmaPOS,Year,4,,ForEachFile,7,,Succeeded,4→7,Yes,0,2
pl_PharmaPOS,Web_GetFileLUD,17,ForEachFile,Set LUD,8,ForEachFile,Succeeded,17→8,Yes,0,1
pl_PharmaPOS,Set LUD,8,ForEachFile,If File has been Updated,10,ForEachFile,Succeeded,8→10,Yes,1,2
pl_PharmaPOS,Set OLD LUD,16,ForEachFile,If File has been Updated,10,ForEachFile,Succeeded,16→10,Yes,1,2
pl_PharmaPOS,CD_Files,11,If File has been Updated→TRUE,CD_Archive_Files,12,If File has been Updated→TRUE,Succeeded,11→12,Yes,0,1
pl_PharmaPOS,CD_PharmaPOS_Synapse,14,If File has been Updated→TRUE,CD_Update_WaterMark,13,If File has been Updated→TRUE,Succeeded,14→13,Yes,1,2
pl_PharmaPOS,CD_Files,11,If File has been Updated→TRUE,CD_PharmaPOS_Synapse,14,If File has been Updated→TRUE,Succeeded,11→14,Yes,0,1
pl_PharmaPOS,CD_PharmaPOS_Synapse,14,If File has been Updated→TRUE,Populate POS Table with Pharma Data,15,If File has been Updated→TRUE,Succeeded,14→15,Yes,1,2
pl_PharmaPOS,Lookup_Old_LUD,9,ForEachFile,Set OLD LUD,16,ForEachFile,Succeeded,9→16,Yes,0,1
pl_SC_Recovery_Master,Complete,4,,PL_OnDemand_PBI_Refresh,3,,Succeeded,4→3,Yes,1,2
pl_SC_Recovery_Master,pl_Planned_Master,1,,Complete,4,,Succeeded,1→4,Yes,0,1
pl_SC_Recovery_Master,pl_Process_Master,2,,Complete,4,,Succeeded,2→4,Yes,0,1
PL_Natural_Channel,Time,13,,ForEachFile,2,,Succeeded,13→2,Yes,0,2
PL_Natural_Channel,Year,15,,ForEachFile,2,,Succeeded,15→2,Yes,0,2
PL_Natural_Channel,Month,14,,ForEachFile,2,,Succeeded,14→2,Yes,0,2
PL_Natural_Channel,LookupFilesToCopy,1,,ForEachFile,2,,Succeeded,1→2,Yes,0,2
PL_Natural_Channel,GetAuthToken,16,,ForEachFile,2,,Succeeded,16→2,Yes,1,2
PL_Natural_Channel,Web_GetFileLUD,12,ForEachFile,Set LUD,3,ForEachFile,Succeeded,12→3,Yes,0,1
PL_Natural_Channel,Set LUD,3,ForEachFile,If File has been Updated,5,ForEachFile,Succeeded,3→5,Yes,1,2
PL_Natural_Channel,Set OLD LUD,11,ForEachFile,If File has been Updated,5,ForEachFile,Succeeded,11→5,Yes,1,2
PL_Natural_Channel,CD_Files,6,If File has been Updated→TRUE,CD_Archive_Files,7,If File has been Updated→TRUE,Succeeded,6→7,Yes,0,1
PL_Natural_Channel,CD_Archive_Files,7,If File has been Updated→TRUE,CD_Update_WaterMark,8,If File has been Updated→TRUE,Succeeded,7→8,Yes,1,2
PL_Natural_Channel,DF_Natural_Channel,9,If File has been Updated→TRUE,CD_Update_WaterMark,8,If File has been Updated→TRUE,Succeeded,9→8,Yes,1,2
PL_Natural_Channel,CD_Files,6,If File has been Updated→TRUE,DF_Natural_Channel,9,If File has been Updated→TRUE,Succeeded,6→9,Yes,0,1
PL_Natural_Channel,DF_Natural_Channel,9,If File has been Updated→TRUE,Populate POS Table with Natural Channel Data,10,If File has been Updated→TRUE,Succeeded,9→10,Yes,1,2
PL_Natural_Channel,Lookup_Old_LUD,4,ForEachFile,Set OLD LUD,11,ForEachFile,Succeeded,4→11,Yes,0,1
PL_Natural_Channel,GetClientSecret,17,,GetAuthToken,16,,Succeeded,17→16,Yes,0,1
PL_SKU_OPTIMIZATION_DATA,Copy ADLS To Azure Synapse,7,,Copy data from TBCO to NHS Azure Synapse,1,,Succeeded,7→1,Yes,1,2
PL_SKU_OPTIMIZATION_DATA,Copy data from TBCO to NHS Azure Synapse,1,,Execute Pipeline Sharepoint to ADLS,2,,Succeeded,1→2,Yes,2,3
PL_SKU_OPTIMIZATION_DATA,Execute Pipeline Sharepoint to ADLS,2,,Execute Data flow Material Country,3,,Succeeded,2→3,Yes,3,4
PL_SKU_OPTIMIZATION_DATA,Execute Data flow Material Country,3,,Execute Data flow SKU Discontinuation,4,,Succeeded,3→4,Yes,4,5
PL_SKU_OPTIMIZATION_DATA,Execute Data flow SKU Discontinuation,4,,Script1,5,,Succeeded,4→5,Yes,5,6
PL_SKU_OPTIMIZATION_DATA,Copy data from TBCO to NHS ADLS,6,,Copy ADLS To Azure Synapse,7,,Succeeded,6→7,Yes,0,1
pl_Amazon_Stackline_API,Until Request Completes,5,,CD_RequestDownload,1,,Succeeded,5→1,Yes,2,3
pl_Amazon_Stackline_API,CD_RequestDownload,1,,CD_UnZip_File,2,,Succeeded,1→2,Yes,3,4
pl_Amazon_Stackline_API,SubmitRequest,3,,SetReqID,4,,Succeeded,3→4,Yes,0,1
pl_Amazon_Stackline_API,SetReqID,4,,Until Request Completes,5,,Succeeded,4→5,Yes,1,2
pl_Amazon_Stackline_API,ChecktRequest,6,Until Request Completes→LOOP,Wait 10 Seconds,7,Until Request Completes→LOOP,Succeeded,6→7,Yes,0,1
pl_Amazon_Stackline_API,CD_UnZip_File,2,,DeleteZipFile,8,,Succeeded,2→8,Yes,4,5
pl_Amazon_Stackline_Master,LU_Range,8,,LU_Weeks_To_Load,1,,Succeeded,8→1,Yes,0,1
pl_Amazon_Stackline_Master,LU_Weeks_To_Load,1,,ForEachWeek,2,,Succeeded,1→2,Yes,1,2
pl_Amazon_Stackline_Master,DF_Amazon_API_Stackline,7,,LookupQuery,4,,Succeeded,7→4,Yes,3,4
pl_Amazon_Stackline_Master,LookupQuery,4,,Script,5,,Succeeded,4→5,Yes,4,5
pl_Amazon_Stackline_Master,LookupQuery,4,,DeleteQueryFile,6,,Succeeded,4→6,Yes,4,5
pl_Amazon_Stackline_Master,ForEachWeek,2,,DF_Amazon_API_Stackline,7,,Succeeded,2→7,Yes,2,3
pl_Copy_Sales_To_Dev,Lookup1,1,,ForEach1,2,,Succeeded,1→2,Yes,0,1
pl_Process_Atrium_File,Get Metadata1,1,,If File Exist,2,,Succeeded,1→2,Yes,0,1
pl_Process_Atrium_File,CD_Atrium_File,3,If File Exist→TRUE,Populate POS Table with Atrium Data,4,If File Exist→TRUE,Succeeded,3→4,Yes,0,1
pl_Process_Atrium_File,CD_Atrium_File,3,If File Exist→TRUE,DeleteFile,5,If File Exist→TRUE,Succeeded,3→5,Yes,0,1
pl_Process_Atrium_File,CD_Atrium_File,3,If File Exist→TRUE,Populate POS Table with Atrium POS,6,If File Exist→TRUE,Succeeded,3→6,Yes,0,1
pl_Process_Atrium_File,Populate POS Table with Atrium POS,6,If File Exist→TRUE,Populate POS Table with Atrium Direct Shipment,7,If File Exist→TRUE,Succeeded,6→7,Yes,1,2
PL_Atrium_Files,Time,11,,ForEachFile,2,,Succeeded,11→2,Yes,0,2
PL_Atrium_Files,Year,13,,ForEachFile,2,,Succeeded,13→2,Yes,0,2
PL_Atrium_Files,Month,12,,ForEachFile,2,,Succeeded,12→2,Yes,0,2
PL_Atrium_Files,LookupFilesToCopy,1,,ForEachFile,2,,Succeeded,1→2,Yes,0,2
PL_Atrium_Files,GetAuthToken,14,,ForEachFile,2,,Succeeded,14→2,Yes,1,2
PL_Atrium_Files,DeleteFile,16,,ForEachFile,2,,Succeeded,16→2,Yes,0,2
PL_Atrium_Files,Web_GetFileLUD,10,ForEachFile,Set LUD,3,ForEachFile,Succeeded,10→3,Yes,0,1
PL_Atrium_Files,Set LUD,3,ForEachFile,If File has been Updated,5,ForEachFile,Succeeded,3→5,Yes,1,2
PL_Atrium_Files,Set OLD LUD,9,ForEachFile,If File has been Updated,5,ForEachFile,Succeeded,9→5,Yes,1,2
PL_Atrium_Files,CD_Files,6,If File has been Updated→TRUE,CD_Archive_Files,7,If File has been Updated→TRUE,Succeeded,6→7,Yes,0,1
PL_Atrium_Files,CD_Archive_Files,7,If File has been Updated→TRUE,CD_Update_WaterMark,8,If File has been Updated→TRUE,Succeeded,7→8,Yes,1,2
PL_Atrium_Files,Lookup_Old_LUD,4,ForEachFile,Set OLD LUD,9,ForEachFile,Succeeded,4→9,Yes,0,1
PL_Atrium_Files,GetClientSecret,15,,GetAuthToken,14,,Succeeded,15→14,Yes,0,1
PL_Atrium_Files,ForEachFile,2,,pl_Process_Atrium_File,17,,Succeeded,2→17,Yes,2,3
pl_Temp,CD_dimCombinedMaterialHierarchy,1,,Generate ERP_UPC_Mapping,3,,Succeeded,1→3,Yes,0,1
pl_Temp,pl_Copy_Sales_To_Dev,2,,Populate POS Table with SAP Direct Shipment,4,,Succeeded,2→4,Yes,0,1
pl_Temp,pl_Copy_Sales_To_Dev,2,,OLD - Populate POS Table with SAP Direct Shipment_copy1,5,,Succeeded,2→5,Yes,0,1
pl_Temp,Populate POS Table with SAP Direct Shipment,4,,Delete Zero Records,6,,Succeeded,4→6,Yes,1,2
PL_METADATA_DRIVEN_PPWEB_SQL_TO_ADLS,LookupEntitiesToCopy,1,,ForEachEntity,2,,Succeeded,1→2,Yes,0,1
PL_PURITAN_WEB_DATA_TO_AZURE,Execute Pipeline Puritan Web Data,1,,Execute Pipeline ADLS to Azure Synapse,2,,Succeeded,1→2,Yes,0,1
PL_PURITAN_WEB_DATA_TO_AZURE,Execute Pipeline Puritan Web Data Item,3,,Execute Pipeline ADLS to Azure Synapse_copy1,4,,Succeeded,3→4,Yes,0,1
PL_PURITAN_WEB_DATA_TO_AZURE,Execute Pipeline ADLS to Azure Synapse,2,,PuritanAdminToolScript,5,,Succeeded,2→5,Yes,1,2
PL_PURITAN_WEB_DATA_TO_AZURE,Execute Pipeline ADLS to Azure Synapse_copy1,4,,PuritanAdminToolScript,5,,Succeeded,4→5,Yes,1,2
pl_Process_Amazon_Sales_Report,Get File Exist,1,,If File Exist,2,,Succeeded,1→2,Yes,0,1
pl_Process_Amazon_Sales_Report,df_Amazon_Sales_Report,3,If File Exist→TRUE,Delete,4,If File Exist→TRUE,Succeeded,3→4,Yes,0,1
pl_Process_Amazon_Sales_Report,Delete,4,If File Exist→TRUE,Populate POS Table with Amazon Data,5,If File Exist→TRUE,Succeeded,4→5,Yes,1,2
pl_Amazon_Sales_Report,Time,11,,ForEachFile,2,,Succeeded,11→2,Yes,0,2
pl_Amazon_Sales_Report,Year,13,,ForEachFile,2,,Succeeded,13→2,Yes,0,2
pl_Amazon_Sales_Report,Month,12,,ForEachFile,2,,Succeeded,12→2,Yes,0,2
pl_Amazon_Sales_Report,LookupFilesToCopy,1,,ForEachFile,2,,Succeeded,1→2,Yes,0,2
pl_Amazon_Sales_Report,GetAuthToken,14,,ForEachFile,2,,Succeeded,14→2,Yes,1,2
pl_Amazon_Sales_Report,DeleteFile,16,,ForEachFile,2,,Succeeded,16→2,Yes,0,2
pl_Amazon_Sales_Report,Web_GetFileLUD,10,ForEachFile,Set LUD,3,ForEachFile,Succeeded,10→3,Yes,0,1
pl_Amazon_Sales_Report,Set LUD,3,ForEachFile,If File has been Updated,5,ForEachFile,Succeeded,3→5,Yes,1,2
pl_Amazon_Sales_Report,Set OLD LUD,9,ForEachFile,If File has been Updated,5,ForEachFile,Succeeded,9→5,Yes,1,2
pl_Amazon_Sales_Report,CD_Files,6,If File has been Updated→TRUE,CD_Archive_Files,7,If File has been Updated→TRUE,Succeeded,6→7,Yes,0,1
pl_Amazon_Sales_Report,CD_Archive_Files,7,If File has been Updated→TRUE,CD_Update_WaterMark,8,If File has been Updated→TRUE,Succeeded,7→8,Yes,1,2
pl_Amazon_Sales_Report,Lookup_Old_LUD,4,ForEachFile,Set OLD LUD,9,ForEachFile,Succeeded,4→9,Yes,0,1
pl_Amazon_Sales_Report,GetClientSecret,15,,GetAuthToken,14,,Succeeded,15→14,Yes,0,1
pl_Amazon_Sales_Report,ForEachFile,2,,pl_Process_Amazon_Sales_Report,17,,Succeeded,2→17,Yes,2,3
pl_GA4_Process_PageViews,GET GoogleAnalytics Token,1,,UntilAllRecordsProcessed,3,,Succeeded,1→3,Yes,0,1
pl_GA4_Process_PageViews,LookupDates,2,,UntilAllRecordsProcessed,3,,Succeeded,2→3,Yes,0,1
pl_GA4_Process_PageViews,CD_GA4_Data,4,UntilAllRecordsProcessed→LOOP,IncOffSet,5,UntilAllRecordsProcessed→LOOP,Succeeded,4→5,Yes,0,1
pl_GA4_Process_PageViews,IncOffSet,5,UntilAllRecordsProcessed→LOOP,SetNewOffSet,6,UntilAllRecordsProcessed→LOOP,Succeeded,5→6,Yes,1,2
pl_GA4_Process_PageViews,CD_GA4_Data,4,UntilAllRecordsProcessed→LOOP,If First Loop,7,UntilAllRecordsProcessed→LOOP,Succeeded,4→7,Yes,0,1
pl_GA4_Process_PageViews,DF_GA4_Sessions_Limit,10,If First Loop→TRUE,LookupRowNumber,8,If First Loop→TRUE,Succeeded,10→8,Yes,0,1
pl_GA4_Process_PageViews,LookupRowNumber,8,If First Loop→TRUE,Set_RowNumber,9,If First Loop→TRUE,Succeeded,8→9,Yes,1,2
pl_GA4_Process_PageViews,UntilAllRecordsProcessed,3,,DF_GA4_PageViews,12,,Succeeded,3→12,Yes,1,2
pl_GA4_Process_PageViews,CD_Public_PageInfo,11,,DF_GA4_PageViews,12,,Succeeded,11→12,Yes,0,2
pl_GA4_Process_TotalUsers,GET GoogleAnalytics Token,1,,CD_GA4_Data,3,,Succeeded,1→3,Yes,0,1
pl_GA4_Process_TotalUsers,LookupDates,2,,CD_GA4_Data,3,,Succeeded,2→3,Yes,0,1
pl_GA4_Process_TotalUsers,CD_GA4_Data,3,,DF_GA4_totalUsers,4,,Succeeded,3→4,Yes,1,2
pl_GA4_Total_Users,Lookup_Property_id_List,1,,ForEachPropertyID,2,,Succeeded,1→2,Yes,0,2
pl_GA4_Total_Users,DeleteFolder,4,,ForEachPropertyID,2,,Succeeded,4→2,Yes,1,2
pl_GA4_Total_Users,DeleteLimitFolder,5,,ForEachPropertyID,2,,Succeeded,5→2,Yes,1,2
pl_GA4_Total_Users,Set Folder,6,,DeleteFolder,4,,Succeeded,6→4,Yes,0,1
pl_GA4_Total_Users,Set Folder,6,,DeleteLimitFolder,5,,Succeeded,6→5,Yes,0,1
pl_GetSampleDataFromNUSA,TableName,6,,Get_Sample,1,,Succeeded,6→1,Yes,3,4
pl_GetSampleDataFromNUSA,Get_Sample,1,,Push_Dev,2,,Succeeded,1→2,Yes,4,5
pl_GetSampleDataFromNUSA,Container,5,,FolderName,3,,Succeeded,5→3,Yes,0,1
pl_GetSampleDataFromNUSA,FolderName,3,,FileName,4,,Succeeded,3→4,Yes,1,2
pl_GetSampleDataFromNUSA,FileName,4,,TableName,6,,Succeeded,4→6,Yes,2,3
pl_GetSampleDataFromNUSA,Push_Dev,2,,Done,7,,Succeeded,2→7,Yes,5,6
PL_ColleagueData_FusionTasks,GetClientSecret,17,,GetAuthToken,1,,Succeeded,17→1,Yes,0,1
PL_ColleagueData_FusionTasks,FileName,19,,LookupFilesToCopy,5,,Succeeded,19→5,Yes,2,3
PL_ColleagueData_FusionTasks,LookupFilesToCopy,5,,ForEachFile,6,,Succeeded,5→6,Yes,3,4
PL_ColleagueData_FusionTasks,Month,4,,ForEachFile,6,,Succeeded,4→6,Yes,0,4
PL_ColleagueData_FusionTasks,Year,3,,ForEachFile,6,,Succeeded,3→6,Yes,0,4
PL_ColleagueData_FusionTasks,Time,2,,ForEachFile,6,,Succeeded,2→6,Yes,0,4
PL_ColleagueData_FusionTasks,GetAuthToken,1,,ForEachFile,6,,Succeeded,1→6,Yes,1,4
PL_ColleagueData_FusionTasks,Web_GetFileLUD,7,ForEachFile,Set LUD,8,ForEachFile,Succeeded,7→8,Yes,0,1
PL_ColleagueData_FusionTasks,Lookup_Old_LUD,10,ForEachFile,Set OLD_LUD,9,ForEachFile,Succeeded,10→9,Yes,0,1
PL_ColleagueData_FusionTasks,Set LUD,8,ForEachFile,If File Updated,11,ForEachFile,Succeeded,8→11,Yes,1,2
PL_ColleagueData_FusionTasks,Set OLD_LUD,9,ForEachFile,If File Updated,11,ForEachFile,Succeeded,9→11,Yes,1,2
PL_ColleagueData_FusionTasks,CD_Files,14,If File Updated→TRUE,CD_Update_WaterMark,12,If File Updated→TRUE,Succeeded,14→12,Yes,0,1
PL_ColleagueData_FusionTasks,CD_Update_WaterMark,12,If File Updated→TRUE,UpDate_Table,13,If File Updated→TRUE,Succeeded,12→13,Yes,1,2
PL_ColleagueData_FusionTasks,UpDate_Table,13,If File Updated→TRUE,Done,15,If File Updated→TRUE,Succeeded,13→15,Yes,2,3
PL_ColleagueData_FusionTasks,FolderPath,20,,FileName,19,,Succeeded,20→19,Yes,1,2
PL_ColleagueData_FusionTasks,RootFolder,18,,FolderPath,20,,Succeeded,18→20,Yes,0,1
PL_ColleagueData_FusionTasks,ForEachFile,6,,Completed,21,,Succeeded,6→21,Yes,4,5
pl_BadGoods,Pull_BadGoods_OLD_version,8,,Pull_BadGoods,1,,Succeeded,8→1,Yes,4,5
pl_BadGoods,Pull_BadGoods,1,,SaveFile,2,,Succeeded,1→2,Yes,5,6
pl_BadGoods,SaveFile,2,,Send_Sql,3,,Succeeded,2→3,Yes,6,7
pl_BadGoods,Container,4,,Directory,5,,Succeeded,4→5,Yes,0,1
pl_BadGoods,Directory,5,,FileName,6,,Succeeded,5→6,Yes,1,2
pl_BadGoods,FileName,6,,Get_Date,7,,Succeeded,6→7,Yes,2,3
pl_BadGoods,Get_Date,7,,Pull_BadGoods_OLD_version,8,,Succeeded,7→8,Yes,3,4
pl_BadGoods,Send_Sql,3,,Done,9,,Succeeded,3→9,Yes,7,8
PL_Costco_POS,Time,13,,ForEachFile,2,,Succeeded,13→2,Yes,0,2
PL_Costco_POS,Year,15,,ForEachFile,2,,Succeeded,15→2,Yes,0,2
PL_Costco_POS,Month,14,,ForEachFile,2,,Succeeded,14→2,Yes,0,2
PL_Costco_POS,LookupFilesToCopy,1,,ForEachFile,2,,Succeeded,1→2,Yes,0,2
PL_Costco_POS,GetAuthToken,16,,ForEachFile,2,,Succeeded,16→2,Yes,1,2
PL_Costco_POS,Web_GetFileLUD,12,ForEachFile,Set LUD,3,ForEachFile,Succeeded,12→3,Yes,0,1
PL_Costco_POS,Set LUD,3,ForEachFile,If File has been Updated,5,ForEachFile,Succeeded,3→5,Yes,1,2
PL_Costco_POS,Set OLD LUD,11,ForEachFile,If File has been Updated,5,ForEachFile,Succeeded,11→5,Yes,1,2
PL_Costco_POS,CD_Files,6,If File has been Updated→TRUE,CD_Archive_Files,7,If File has been Updated→TRUE,Succeeded,6→7,Yes,0,1
PL_Costco_POS,CD_Archive_Files,7,If File has been Updated→TRUE,CD_Update_WaterMark,8,If File has been Updated→TRUE,Succeeded,7→8,Yes,1,2
PL_Costco_POS,df_Costco_POS,9,If File has been Updated→TRUE,CD_Update_WaterMark,8,If File has been Updated→TRUE,Succeeded,9→8,Yes,1,2
PL_Costco_POS,CD_Files,6,If File has been Updated→TRUE,df_Costco_POS,9,If File has been Updated→TRUE,Succeeded,6→9,Yes,0,1
PL_Costco_POS,df_Costco_POS,9,If File has been Updated→TRUE,Populate POS Table with Costco Data,10,If File has been Updated→TRUE,Succeeded,9→10,Yes,1,2
PL_Costco_POS,Lookup_Old_LUD,4,ForEachFile,Set OLD LUD,11,ForEachFile,Succeeded,4→11,Yes,0,1
PL_Costco_POS,GetClientSecret,17,,GetAuthToken,16,,Succeeded,17→16,Yes,0,1
PL_Process_Mapping_Files,CD_Fees,2,Switch1→CASE[Fees By CAA Group],RemoveDups,3,Switch1→CASE[Fees By CAA Group],Succeeded,2→3,Yes,0,1
PL_Process_Mapping_Files,CD_EPR_NON-Separable,8,Switch1→CASE[NON-Separable],Only Keep NON-Separables,9,Switch1→CASE[NON-Separable],Succeeded,8→9,Yes,0,1
PL_Mapping_Files,Time,12,,ForEachFile,2,,Succeeded,12→2,Yes,0,2
PL_Mapping_Files,Year,14,,ForEachFile,2,,Succeeded,14→2,Yes,0,2
PL_Mapping_Files,Month,13,,ForEachFile,2,,Succeeded,13→2,Yes,0,2
PL_Mapping_Files,LookupFilesToCopy,1,,ForEachFile,2,,Succeeded,1→2,Yes,0,2
PL_Mapping_Files,GetAuthToken,15,,ForEachFile,2,,Succeeded,15→2,Yes,1,2
PL_Mapping_Files,Web_GetFileLUD,11,ForEachFile,Set LUD,3,ForEachFile,Succeeded,11→3,Yes,0,1
PL_Mapping_Files,Set LUD,3,ForEachFile,If File has been Updated,5,ForEachFile,Succeeded,3→5,Yes,1,2
PL_Mapping_Files,Set OLD LUD,10,ForEachFile,If File has been Updated,5,ForEachFile,Succeeded,10→5,Yes,1,2
PL_Mapping_Files,CD_Files,6,If File has been Updated→TRUE,CD_Archive_Files,7,If File has been Updated→TRUE,Succeeded,6→7,Yes,0,1
PL_Mapping_Files,CD_Archive_Files,7,If File has been Updated→TRUE,CD_Update_WaterMark,8,If File has been Updated→TRUE,Succeeded,7→8,Yes,1,2
PL_Mapping_Files,PL_Process_Mapping_Files,9,If File has been Updated→TRUE,CD_Update_WaterMark,8,If File has been Updated→TRUE,Succeeded,9→8,Yes,1,2
PL_Mapping_Files,CD_Files,6,If File has been Updated→TRUE,PL_Process_Mapping_Files,9,If File has been Updated→TRUE,Succeeded,6→9,Yes,0,1
PL_Mapping_Files,Lookup_Old_LUD,4,ForEachFile,Set OLD LUD,10,ForEachFile,Succeeded,4→10,Yes,0,1
PL_Mapping_Files,GetClientSecret,16,,GetAuthToken,15,,Succeeded,16→15,Yes,0,1
PL_ColleagueData_Example,GetClientSecret,16,,GetAuthToken,1,,Succeeded,16→1,Yes,0,1
PL_ColleagueData_Example,FileName,18,,LookupFilesToCopy,5,,Succeeded,18→5,Yes,2,3
PL_ColleagueData_Example,LookupFilesToCopy,5,,ForEachFile,6,,Succeeded,5→6,Yes,3,4
PL_ColleagueData_Example,Month,4,,ForEachFile,6,,Succeeded,4→6,Yes,0,4
PL_ColleagueData_Example,Year,3,,ForEachFile,6,,Succeeded,3→6,Yes,0,4
PL_ColleagueData_Example,Time,2,,ForEachFile,6,,Succeeded,2→6,Yes,0,4
PL_ColleagueData_Example,GetAuthToken,1,,ForEachFile,6,,Succeeded,1→6,Yes,1,4
PL_ColleagueData_Example,Web_GetFileLUD,7,ForEachFile,Set LUD,8,ForEachFile,Succeeded,7→8,Yes,0,1
PL_ColleagueData_Example,Lookup_Old_LUD,10,ForEachFile,Set OLD_LUD,9,ForEachFile,Succeeded,10→9,Yes,0,1
PL_ColleagueData_Example,Set LUD,8,ForEachFile,If File Updated,11,ForEachFile,Succeeded,8→11,Yes,1,2
PL_ColleagueData_Example,Set OLD_LUD,9,ForEachFile,If File Updated,11,ForEachFile,Succeeded,9→11,Yes,1,2
PL_ColleagueData_Example,CD_Files,14,If File Updated→TRUE,CD_Update_WaterMark,12,If File Updated→TRUE,Succeeded,14→12,Yes,0,1
PL_ColleagueData_Example,CD_Update_WaterMark,12,If File Updated→TRUE,df_PlannedOrdersFile,13,If File Updated→TRUE,Succeeded,12→13,Yes,1,2
PL_ColleagueData_Example,FolderPath,19,,FileName,18,,Succeeded,19→18,Yes,1,2
PL_ColleagueData_Example,RootFolder,17,,FolderPath,19,,Succeeded,17→19,Yes,0,1
PL_ColleagueData_Example,ForEachFile,6,,Done,20,,Succeeded,6→20,Yes,4,5
pl_NHSC_OSD_Report,Lookup_Tables,1,,ForEach_Table,2,,Succeeded,1→2,Yes,0,1
pl_NHSC_OSD_Report,Get_Schema,4,ForEach_Table,TableNames,3,ForEach_Table,Succeeded,4→3,Yes,2,3
pl_NHSC_OSD_Report,Push_Schema,6,ForEach_Table,Get_Schema,4,ForEach_Table,Succeeded,6→4,Yes,1,2
pl_NHSC_OSD_Report,GetConatainer,5,ForEach_Table,Push_Schema,6,ForEach_Table,Succeeded,5→6,Yes,0,1
pl_NHSC_OSD_Report,TableNames,3,ForEach_Table,Lookup1,7,ForEach_Table,Succeeded,3→7,Yes,3,4
pl_NHSC_OSD_Report,Lookup1,7,ForEach_Table,If Condition1,8,ForEach_Table,Succeeded,7→8,Yes,4,5
pl_NHSC_OSD_Report,HasRows,9,If Condition1→TRUE,SaveTableData,10,If Condition1→TRUE,Succeeded,9→10,Yes,0,1
pl_NHSC_OSD_Report,Archive,12,If Condition1→TRUE,SendTableData,11,If Condition1→TRUE,Succeeded,12→11,Yes,2,3
pl_NHSC_OSD_Report,SaveTableData,10,If Condition1→TRUE,Archive,12,If Condition1→TRUE,Succeeded,10→12,Yes,1,2
pl_NHSC_OSD_Report,ForEach_Table,2,,Done,14,,Succeeded,2→14,Yes,1,2
pl_NHSC_OSD_Tables,Get_NHSC_OSD_Tables,1,,Push_Table_Data,2,,Succeeded,1→2,Yes,0,1
pl_NHSC_OSD_Tables,Push_Table_Data,2,,Lookup_Tables,3,,Succeeded,2→3,Yes,1,2
pl_NHSC_OSD_Tables,Lookup_Tables,3,,ForEach_Table,4,,Succeeded,3→4,Yes,2,3
pl_NHSC_OSD_Tables,Get_Schema,6,ForEach_Table,TableNames,5,ForEach_Table,Succeeded,6→5,Yes,2,3
pl_NHSC_OSD_Tables,Push_Schema,8,ForEach_Table,Get_Schema,6,ForEach_Table,Succeeded,8→6,Yes,1,2
pl_NHSC_OSD_Tables,GetConatainer,7,ForEach_Table,Push_Schema,8,ForEach_Table,Succeeded,7→8,Yes,0,1
pl_NHSC_OSD_Tables,TableNames,5,ForEach_Table,Lookup1,9,ForEach_Table,Succeeded,5→9,Yes,3,4
pl_NHSC_OSD_Tables,Lookup1,9,ForEach_Table,If Condition1,10,ForEach_Table,Succeeded,9→10,Yes,4,5
pl_NHSC_OSD_Tables,HasRows,11,If Condition1→TRUE,SaveTableData,12,If Condition1→TRUE,Succeeded,11→12,Yes,0,1
pl_NHSC_OSD_Tables,Archive,14,If Condition1→TRUE,SendTableData,13,If Condition1→TRUE,Succeeded,14→13,Yes,2,3
pl_NHSC_OSD_Tables,SaveTableData,12,If Condition1→TRUE,Archive,14,If Condition1→TRUE,Succeeded,12→14,Yes,1,2
pl_NHSC_OSD_Tables,ForEach_Table,4,,Done,16,,Succeeded,4→16,Yes,3,4
pl_NUSA_OSD,FileName,4,,Get_Sample,1,,Succeeded,4→1,Yes,2,3
pl_NUSA_OSD,Get_Sample,1,,Push_Dev,2,,Succeeded,1→2,Yes,3,4
pl_NUSA_OSD,Container,5,,FolderName,3,,Succeeded,5→3,Yes,0,1
pl_NUSA_OSD,FolderName,3,,FileName,4,,Succeeded,3→4,Yes,1,2
pl_NUSA_OSD,Push_Dev,2,,Done,6,,Succeeded,2→6,Yes,4,5
PL_ColleagueData_Inventory,GetClientSecret,17,,GetAuthToken,1,,Succeeded,17→1,Yes,0,1
PL_ColleagueData_Inventory,FileName,19,,LookupFilesToCopy,5,,Succeeded,19→5,Yes,2,3
PL_ColleagueData_Inventory,LookupFilesToCopy,5,,ForEachFile,6,,Succeeded,5→6,Yes,3,4
PL_ColleagueData_Inventory,Month,4,,ForEachFile,6,,Succeeded,4→6,Yes,0,4
PL_ColleagueData_Inventory,Year,3,,ForEachFile,6,,Succeeded,3→6,Yes,0,4
PL_ColleagueData_Inventory,Time,2,,ForEachFile,6,,Succeeded,2→6,Yes,0,4
PL_ColleagueData_Inventory,GetAuthToken,1,,ForEachFile,6,,Succeeded,1→6,Yes,1,4
PL_ColleagueData_Inventory,Web_GetFileLUD,7,ForEachFile,Set LUD,8,ForEachFile,Succeeded,7→8,Yes,0,1
PL_ColleagueData_Inventory,Lookup_Old_LUD,10,ForEachFile,Set OLD_LUD,9,ForEachFile,Succeeded,10→9,Yes,0,1
PL_ColleagueData_Inventory,Set LUD,8,ForEachFile,If File Updated,11,ForEachFile,Succeeded,8→11,Yes,1,2
PL_ColleagueData_Inventory,Set OLD_LUD,9,ForEachFile,If File Updated,11,ForEachFile,Succeeded,9→11,Yes,1,2
PL_ColleagueData_Inventory,CD_Files,14,If File Updated→TRUE,CD_Update_WaterMark,12,If File Updated→TRUE,Succeeded,14→12,Yes,0,1
PL_ColleagueData_Inventory,CD_Update_WaterMark,12,If File Updated→TRUE,UpDate_Table,13,If File Updated→TRUE,Succeeded,12→13,Yes,1,2
PL_ColleagueData_Inventory,UpDate_Table,13,If File Updated→TRUE,Done,15,If File Updated→TRUE,Succeeded,13→15,Yes,2,3
PL_ColleagueData_Inventory,FolderPath,20,,FileName,19,,Succeeded,20→19,Yes,1,2
PL_ColleagueData_Inventory,RootFolder,18,,FolderPath,20,,Succeeded,18→20,Yes,0,1
PL_ColleagueData_Inventory,ForEachFile,6,,Completed,21,,Succeeded,6→21,Yes,4,5
pl_Dim_CarrierLookupManual,acty_copy_Source_to_staging,1,,acty_stg_to_F_load,2,,Succeeded,1→2,Yes,0,1
pl_Dim_MeansOfTransport,acty_copy_Source_to_staging,1,,acty_stg_to_F_load,2,,Succeeded,1→2,Yes,0,1
pl_F_SalesCredit,If Condition Full_incr,2,,acty_stg_to_F_load,1,,Succeeded,2→1,Yes,1,2
pl_F_SalesCredit,RwCount_Lookup,6,,If Condition Full_incr,2,,Succeeded,6→2,Yes,0,1
pl_F_SalesCredit,Set ExtractDate,5,If Condition Full_incr→FALSE,acty_copy_Source_to_staging_Incr_load,4,If Condition Full_incr→FALSE,Succeeded,5→4,Yes,0,1
pl_Dim_SalesDocumentType,acty_copy_Source_to_staging,1,,acty_stg_to_F_load,2,,Succeeded,1→2,Yes,0,1
pl_f_RateRegionsLookupManual,acty_copy_Source_to_staging,1,,acty_stg_to_F_load,2,,Succeeded,1→2,Yes,0,1
pl_Fct_CurrentMonthUnshippedOrders,pl_F_Nusa_MaterialSalesCv,2,,acty_stg_to_F_load,1,,Succeeded,2→1,Yes,0,1
pl_Fct_CurrentMonthUnshippedOrders,pl_Dim_SalesDocumentType,3,,acty_stg_to_F_load,1,,Succeeded,3→1,Yes,0,1
pl_Fct_CurrentMonthUnshippedOrders,pl_F_SalesCredit,4,,acty_stg_to_F_load,1,,Succeeded,4→1,Yes,0,1
pl_Fct_CurrentMonthUnshippedOrders,SP_F_RPTOrderTrackingReportIntegrated_Load,5,,acty_stg_to_F_load,1,,Succeeded,5→1,Yes,0,1
PL_GOL_Solgar,Time,16,,ForEachFile,2,,Succeeded,16→2,Yes,0,2
PL_GOL_Solgar,Year,18,,ForEachFile,2,,Succeeded,18→2,Yes,0,2
PL_GOL_Solgar,Month,17,,ForEachFile,2,,Succeeded,17→2,Yes,0,2
PL_GOL_Solgar,LookupFilesToCopy,1,,ForEachFile,2,,Succeeded,1→2,Yes,0,2
PL_GOL_Solgar,GetAuthToken,19,,ForEachFile,2,,Succeeded,19→2,Yes,1,2
PL_GOL_Solgar,Web_GetFileLUD,15,ForEachFile,Set LUD,3,ForEachFile,Succeeded,15→3,Yes,0,1
PL_GOL_Solgar,Set LUD,3,ForEachFile,If File has been Updated,5,ForEachFile,Succeeded,3→5,Yes,1,2
PL_GOL_Solgar,Set OLD LUD,14,ForEachFile,If File has been Updated,5,ForEachFile,Succeeded,14→5,Yes,1,2
PL_GOL_Solgar,CD_State_Synapse,9,If File has been Updated→TRUE,CD_Archive_Files,7,If File has been Updated→TRUE,Succeeded,9→7,Yes,1,2
PL_GOL_Solgar,CD_Archive_Files,7,If File has been Updated→TRUE,CD_Update_WaterMark,8,If File has been Updated→TRUE,Succeeded,7→8,Yes,2,3
PL_GOL_Solgar,CD_Files,6,If File has been Updated→TRUE,CD_State_Synapse,9,If File has been Updated→TRUE,Succeeded,6→9,Yes,0,1
PL_GOL_Solgar,Remove Blank Items,12,If File has been Updated→TRUE,Populate POS Table with GOL Solgar Direct Sales Data,10,If File has been Updated→TRUE,Succeeded,12→10,Yes,2,3
PL_GOL_Solgar,Populate Manual Display,13,If File has been Updated→TRUE,Populate POS Table with GOL Solgar POS Data,11,If File has been Updated→TRUE,Succeeded,13→11,Yes,4,5
PL_GOL_Solgar,CD_State_Synapse,9,If File has been Updated→TRUE,Remove Blank Items,12,If File has been Updated→TRUE,Succeeded,9→12,Yes,1,2
PL_GOL_Solgar,Populate POS Table with GOL Solgar Direct Sales Data,10,If File has been Updated→TRUE,Populate Manual Display,13,If File has been Updated→TRUE,Succeeded,10→13,Yes,3,4
PL_GOL_Solgar,Lookup_Old_LUD,4,ForEachFile,Set OLD LUD,14,ForEachFile,Succeeded,4→14,Yes,0,1
PL_GOL_Solgar,GetClientSecret,20,,GetAuthToken,19,,Succeeded,20→19,Yes,0,1
PL_Orgain_Direct_Shipment,Time,13,,ForEachFile,2,,Succeeded,13→2,Yes,0,2
PL_Orgain_Direct_Shipment,Year,15,,ForEachFile,2,,Succeeded,15→2,Yes,0,2
PL_Orgain_Direct_Shipment,Month,14,,ForEachFile,2,,Succeeded,14→2,Yes,0,2
PL_Orgain_Direct_Shipment,LookupFilesToCopy,1,,ForEachFile,2,,Succeeded,1→2,Yes,0,2
PL_Orgain_Direct_Shipment,GetAuthToken,16,,ForEachFile,2,,Succeeded,16→2,Yes,1,2
PL_Orgain_Direct_Shipment,Web_GetFileLUD,12,ForEachFile,Set LUD,3,ForEachFile,Succeeded,12→3,Yes,0,1
PL_Orgain_Direct_Shipment,Set LUD,3,ForEachFile,If File has been Updated,5,ForEachFile,Succeeded,3→5,Yes,1,2
PL_Orgain_Direct_Shipment,Set OLD LUD,11,ForEachFile,If File has been Updated,5,ForEachFile,Succeeded,11→5,Yes,1,2
PL_Orgain_Direct_Shipment,CD_State_Synapse,9,If File has been Updated→TRUE,CD_Archive_Files,7,If File has been Updated→TRUE,Succeeded,9→7,Yes,1,2
PL_Orgain_Direct_Shipment,CD_Archive_Files,7,If File has been Updated→TRUE,CD_Update_WaterMark,8,If File has been Updated→TRUE,Succeeded,7→8,Yes,2,3
PL_Orgain_Direct_Shipment,CD_Files,6,If File has been Updated→TRUE,CD_State_Synapse,9,If File has been Updated→TRUE,Succeeded,6→9,Yes,0,1
PL_Orgain_Direct_Shipment,CD_State_Synapse,9,If File has been Updated→TRUE,Populate POS Table with Orgain Direct Sales Data,10,If File has been Updated→TRUE,Succeeded,9→10,Yes,1,2
PL_Orgain_Direct_Shipment,Lookup_Old_LUD,4,ForEachFile,Set OLD LUD,11,ForEachFile,Succeeded,4→11,Yes,0,1
PL_Orgain_Direct_Shipment,GetClientSecret,17,,GetAuthToken,16,,Succeeded,17→16,Yes,0,1
pl_Pharma_Direct_Sales,GetClientSecret,6,,GetAuthToken,5,,Succeeded,6→5,Yes,0,1
pl_Pharma_Direct_Sales,GetAuthToken,5,,ForEachFile,7,,Succeeded,5→7,Yes,1,2
pl_Pharma_Direct_Sales,LookupFilesToCopy,1,,ForEachFile,7,,Succeeded,1→7,Yes,0,2
pl_Pharma_Direct_Sales,Time,2,,ForEachFile,7,,Succeeded,2→7,Yes,0,2
pl_Pharma_Direct_Sales,Month,3,,ForEachFile,7,,Succeeded,3→7,Yes,0,2
pl_Pharma_Direct_Sales,Year,4,,ForEachFile,7,,Succeeded,4→7,Yes,0,2
pl_Pharma_Direct_Sales,Web_GetFileLUD,17,ForEachFile,Set LUD,8,ForEachFile,Succeeded,17→8,Yes,0,1
pl_Pharma_Direct_Sales,Set LUD,8,ForEachFile,If File has been Updated,10,ForEachFile,Succeeded,8→10,Yes,1,2
pl_Pharma_Direct_Sales,Set OLD LUD,16,ForEachFile,If File has been Updated,10,ForEachFile,Succeeded,16→10,Yes,1,2
pl_Pharma_Direct_Sales,CD_Files,11,If File has been Updated→TRUE,CD_Archive_Files,12,If File has been Updated→TRUE,Succeeded,11→12,Yes,0,1
pl_Pharma_Direct_Sales,CD_Pharma Direct Sales_Files,14,If File has been Updated→TRUE,CD_Update_WaterMark,13,If File has been Updated→TRUE,Succeeded,14→13,Yes,1,2
pl_Pharma_Direct_Sales,CD_Files,11,If File has been Updated→TRUE,CD_Pharma Direct Sales_Files,14,If File has been Updated→TRUE,Succeeded,11→14,Yes,0,1
pl_Pharma_Direct_Sales,CD_Pharma Direct Sales_Files,14,If File has been Updated→TRUE,Populate POS Table with Pharma Direct Sales Data,15,If File has been Updated→TRUE,Succeeded,14→15,Yes,1,2
pl_Pharma_Direct_Sales,Lookup_Old_LUD,9,ForEachFile,Set OLD LUD,16,ForEachFile,Succeeded,9→16,Yes,0,1
PL_FINANCE_SAP_POSTINGS_COND_TO_ADLS,Set variable FromDate,1,,Set variable ToDate,2,,Succeeded,1→2,Yes,0,1
PL_FINANCE_SAP_POSTINGS_COND_TO_ADLS,Set variable ToDate,2,,CD_CONDITION_TYPE1_TO_ADLS,3,,Succeeded,2→3,Yes,1,2
PL_FINANCE_SAP_POSTINGS_COND_TO_ADLS,CD_CONDITION_TYPE1_TO_ADLS,3,,CD_CONDITION_TYPE2_TO_ADLS,4,,Succeeded,3→4,Yes,2,3
PL_FINANCE_SAP_POSTINGS_COND_TO_ADLS,CD_CONDITION_TYPE2_TO_ADLS,4,,CD_CONDITION_TYPE3_TO_ADLS,5,,Succeeded,4→5,Yes,3,4
PL_FINANCE_SAP_POSTINGS_COND_TO_ADLS,CD_CONDITION_TYPE3_TO_ADLS,5,,CD_CONDITION_TYPE4_TO_ADLS,6,,Succeeded,5→6,Yes,4,5
PL_FINANCE_SAP_POSTINGS_COND_TO_ADLS,CD_CONDITION_TYPE4_TO_ADLS,6,,CD_CONDITION_TYPE5_TO_ADLS,7,,Succeeded,6→7,Yes,5,6
PL_FINANCE_SAP_POSTINGS_COND_TO_ADLS,CD_CONDITION_TYPE5_TO_ADLS,7,,CD_CONDITION_TYPE6_TO_ADLS,8,,Succeeded,7→8,Yes,6,7
PL_FINANCE_SAP_POSTINGS_COND_TO_ADLS,CD_CONDITION_TYPE6_TO_ADLS,8,,CD_CONDITION_TYPE7_TO_ADLS,9,,Succeeded,8→9,Yes,7,8
PL_FINANCE_SAP_POSTINGS_COND_TO_ADLS,CD_CONDITION_TYPE7_TO_ADLS,9,,CD_CONDITION_TYPE8_TO_ADLS,10,,Succeeded,9→10,Yes,8,9
PL_FINANCE_SAP_POSTINGS_COND_TO_ADLS,CD_CONDITION_TYPE8_TO_ADLS,10,,CD_CONDITION_TYPE9_TO_ADLS,11,,Succeeded,10→11,Yes,9,10
PL_FINANCE_SAP_POSTINGS_COND_TO_ADLS,CD_CONDITION_TYPE9_TO_ADLS,11,,CD_CONDITION_TYPE10_TO_ADLS,12,,Succeeded,11→12,Yes,10,11
PL_FINANCE_SAP_POSTINGS_COND_TO_ADLS,CD_CONDITION_TYPE10_TO_ADLS,12,,CD_CONDITION_TYPE11_TO_ADLS,13,,Succeeded,12→13,Yes,11,12
PL_FINANCE_SAP_POSTINGS_COND_TO_ADLS,CD_CONDITION_TYPE11_TO_ADLS,13,,CD_CONDITION_TYPE12_TO_ADLS,14,,Succeeded,13→14,Yes,12,13
PL_FINANCE_SAP_POSTINGS_ADLS_TO_AZURE,CD_CONDITION_TYPETO_AZURE,11,,CD_SALES_CREDITS_ADLS_TO_AZURE,1,,Succeeded,11→1,Yes,2,3
PL_FINANCE_SAP_POSTINGS_ADLS_TO_AZURE,CD_SALES_CREDITS_ADLS_TO_AZURE,1,,CD_BILLING_DOC_ADLS_TO_AZURE,2,,Succeeded,1→2,Yes,3,4
PL_FINANCE_SAP_POSTINGS_ADLS_TO_AZURE,Set variable FromDate,3,,Set variable ToDate,4,,Succeeded,3→4,Yes,0,1
PL_FINANCE_SAP_POSTINGS_ADLS_TO_AZURE,CD_BILLING_DOC_ADLS_TO_AZURE,2,,CD_SALES_CREDITS_TO_ADLS_ARCHIVE,5,,Succeeded,2→5,Yes,4,5
PL_FINANCE_SAP_POSTINGS_ADLS_TO_AZURE,CD_SALES_CREDITS_TO_ADLS_ARCHIVE,5,,CD_BILLING_DOCS_TO_ADLS_ARCHIVE,6,,Succeeded,5→6,Yes,5,6
PL_FINANCE_SAP_POSTINGS_ADLS_TO_AZURE,CD_BILLING_DOCS_TO_ADLS_ARCHIVE,6,,CD_CONDITION_TYPE_TO_ADLS_ARCHIVE,7,,Succeeded,6→7,Yes,6,7
PL_FINANCE_SAP_POSTINGS_ADLS_TO_AZURE,CD_CONDITION_TYPE_TO_ADLS_ARCHIVE,7,,Delete SAP Sales Credits,8,,Succeeded,7→8,Yes,7,8
PL_FINANCE_SAP_POSTINGS_ADLS_TO_AZURE,Delete SAP Sales Credits,8,,Delete SAP Billing Docs,9,,Succeeded,8→9,Yes,8,9
PL_FINANCE_SAP_POSTINGS_ADLS_TO_AZURE,Delete SAP Billing Docs,9,,Delete SAP Condition Type,10,,Succeeded,9→10,Yes,9,10
PL_FINANCE_SAP_POSTINGS_ADLS_TO_AZURE,Set variable ToDate,4,,CD_CONDITION_TYPETO_AZURE,11,,Succeeded,4→11,Yes,1,2
PL_FINANCE_SAP_POSTINGS_COND_US8X_TO_ADLS,Set variable FromDate,1,,Set variable ToDate,2,,Succeeded,1→2,Yes,0,1
PL_FINANCE_SAP_POSTINGS_COND_US8X_TO_ADLS,Set variable ToDate,2,,CD_XTEL_POSTINGS_CONDTYP1,3,,Succeeded,2→3,Yes,1,2
PL_FINANCE_SAP_POSTINGS_COND_US8X_TO_ADLS,CD_XTEL_POSTINGS_CONDTYP1,3,,CD_XTEL_POSTINGS_CONDTYP2,4,,Succeeded,3→4,Yes,2,3
PL_FINANCE_SAP_POSTINGS_COND_US8X_TO_ADLS,CD_XTEL_POSTINGS_CONDTYP2,4,,CD_XTEL_POSTINGS_CONDTYP3,5,,Succeeded,4→5,Yes,3,4
PL_FINANCE_SAP_POSTINGS_COND_US8X_TO_ADLS,CD_XTEL_POSTINGS_CONDTYP3,5,,CD_XTEL_POSTINGS_CONDTYP4,6,,Succeeded,5→6,Yes,4,5
PL_FINANCE_SAP_POSTINGS_COND_US8X_TO_ADLS,CD_XTEL_POSTINGS_CONDTYP4,6,,CD_XTEL_POSTINGS_CONDTYP5,7,,Succeeded,6→7,Yes,5,6
PL_FINANCE_SAP_POSTINGS_COND_US8X_TO_ADLS,CD_XTEL_POSTINGS_CONDTYP5,7,,CD_XTEL_POSTINGS_CONDTYP6,8,,Succeeded,7→8,Yes,6,7
PL_FINANCE_SAP_POSTINGS_COND_US8X_TO_ADLS,CD_XTEL_POSTINGS_CONDTYP6,8,,CD_XTEL_POSTINGS_CONDTYP7,9,,Succeeded,8→9,Yes,7,8
PL_FINANCE_SAP_POSTINGS_COND_US8X_TO_ADLS,CD_XTEL_POSTINGS_CONDTYP7,9,,CD_XTEL_POSTINGS_CONDTYP8,10,,Succeeded,9→10,Yes,8,9
PL_FINANCE_SAP_POSTINGS_COND_US8X_TO_ADLS,CD_XTEL_POSTINGS_CONDTYP8,10,,CD_XTEL_POSTINGS_CONDTYP9,11,,Succeeded,10→11,Yes,9,10
PL_FINANCE_SAP_POSTINGS_COND_US8X_TO_ADLS,CD_XTEL_POSTINGS_CONDTYP9,11,,CD_XTEL_POSTINGS_CONDTYP10,12,,Succeeded,11→12,Yes,10,11
PL_FINANCE_SAP_POSTINGS_COND_US8X_TO_ADLS,CD_XTEL_POSTINGS_CONDTYP10,12,,CD_XTEL_POSTINGS_CONDTYP11,13,,Succeeded,12→13,Yes,11,12
PL_FINANCE_SAP_POSTINGS_COND_US8X_TO_ADLS,CD_XTEL_POSTINGS_CONDTYP11,13,,CD_XTEL_POSTINGS_CONDTYP12,14,,Succeeded,13→14,Yes,12,13
PL_FINANCE_SAP_POSTINGS_SAPBW_TO_ADLS,Set variable FromDate,1,,Set variable ToDate,2,,Succeeded,1→2,Yes,0,1
PL_FINANCE_SAP_POSTINGS_SAPBW_TO_ADLS,Set variable ToDate,2,,CD_SALES_CREDITS_TO_ADLS,3,,Succeeded,2→3,Yes,1,2
PL_FINANCE_SAP_POSTINGS_SAPBW_TO_ADLS,CD_SALES_CREDITS_TO_ADLS,3,,CD_BILLING_DOCS_TO_ADLS,4,,Succeeded,3→4,Yes,2,3
PL_FINANCE_SAP_POSTINGS_SAPBW_TO_ADLS,CD_BILLING_DOCS_TO_ADLS,4,,Execute Pipeline Condition Type,5,,Succeeded,4→5,Yes,3,4
PL_FINANCE_SAP_POSTINGS_SAPBW_TO_ADLS,Execute Pipeline Condition Type,5,,Execute Pipeline Condition Type US8X,6,,Succeeded,5→6,Yes,4,5
PL_FINANCE_SAP_POSTINGS_SAPBW_TO_ADLS,Execute Pipeline Condition Type US8X,6,,CD_CONDITION_TYPE_TO_ALS_PROCESS,7,,Succeeded,6→7,Yes,5,6
PL_FINANCE_SAP_POSTINGS_SAPBW_TO_ADLS,Get Metadata2,11,,ForEach file,8,,Succeeded,11→8,Yes,7,8
PL_FINANCE_SAP_POSTINGS_SAPBW_TO_ADLS,CD_CONDITION_TYPE_TO_ALS_PROCESS,7,,Get Metadata2,11,,Succeeded,7→11,Yes,6,7
PL_FINANCE_SAP_MASTER_POSTINGS_TO_AZURE,Execute Pipeline SAP BW to ADLS,1,,Execute Pipeline ADLS to Azure,2,,Succeeded,1→2,Yes,0,1
PL_FINANCE_SAP_MASTER_POSTINGS_TO_AZURE,Execute Pipeline ADLS to Azure,2,,Script Execute,3,,Succeeded,2→3,Yes,1,2
PL_Repopulate_EPR,Populate POS Table with Atrium Direct Shipment,1,,Populate POS Table with GOL Solgar Direct Sales Data,2,,Succeeded,1→2,Yes,0,1
PL_Repopulate_EPR,Populate Manual Display,9,,Populate POS Table with Orgain Direct Sales Data,3,,Succeeded,9→3,Yes,2,3
PL_Repopulate_EPR,Populate POS Table with Orgain Direct Sales Data,3,,Populate POS Table with Personar Direct Sales Data,4,,Succeeded,3→4,Yes,3,4
PL_Repopulate_EPR,Populate POS Table with Personar Direct Sales Data,4,,Populate POS Table with Pharma Direct Sales Data,5,,Succeeded,4→5,Yes,4,5
PL_Repopulate_EPR,Populate POS Table with Pharma Direct Sales Data,5,,Populate POS Table with VitaFlo Direct Sales Data,6,,Succeeded,5→6,Yes,5,6
PL_Repopulate_EPR,Populate POS Table with VitaFlo Direct Sales Data,6,,Populate POS Table with SAP Direct Shipment,7,,Succeeded,6→7,Yes,6,7
PL_Repopulate_EPR,Populate POS Table with SAP Direct Shipment,7,,Delete Zero Records,8,,Succeeded,7→8,Yes,7,8
PL_Repopulate_EPR,Populate POS Table with GOL Solgar Direct Sales Data,2,,Populate Manual Display,9,,Succeeded,2→9,Yes,1,2
PL_Persona,Time,13,,ForEachFile,2,,Succeeded,13→2,Yes,0,2
PL_Persona,Year,15,,ForEachFile,2,,Succeeded,15→2,Yes,0,2
PL_Persona,Month,14,,ForEachFile,2,,Succeeded,14→2,Yes,0,2
PL_Persona,LookupFilesToCopy,1,,ForEachFile,2,,Succeeded,1→2,Yes,0,2
PL_Persona,GetAuthToken,16,,ForEachFile,2,,Succeeded,16→2,Yes,1,2
PL_Persona,Web_GetFileLUD,12,ForEachFile,Set LUD,3,ForEachFile,Succeeded,12→3,Yes,0,1
PL_Persona,Set LUD,3,ForEachFile,If File has been Updated,5,ForEachFile,Succeeded,3→5,Yes,1,2
PL_Persona,Set OLD LUD,11,ForEachFile,If File has been Updated,5,ForEachFile,Succeeded,11→5,Yes,1,2
PL_Persona,CD_Persona_Synapse,9,If File has been Updated→TRUE,CD_Archive_Files,7,If File has been Updated→TRUE,Succeeded,9→7,Yes,1,2
PL_Persona,CD_Archive_Files,7,If File has been Updated→TRUE,CD_Update_WaterMark,8,If File has been Updated→TRUE,Succeeded,7→8,Yes,2,3
PL_Persona,CD_Files,6,If File has been Updated→TRUE,CD_Persona_Synapse,9,If File has been Updated→TRUE,Succeeded,6→9,Yes,0,1
PL_Persona,CD_Persona_Synapse,9,If File has been Updated→TRUE,Populate POS Table with Personar Direct Sales Data,10,If File has been Updated→TRUE,Succeeded,9→10,Yes,1,2
PL_Persona,Lookup_Old_LUD,4,ForEachFile,Set OLD LUD,11,ForEachFile,Succeeded,4→11,Yes,0,1
PL_Persona,GetClientSecret,17,,GetAuthToken,16,,Succeeded,17→16,Yes,0,1
PL_Process_BOM_Templates,CD_Multi_Brand_BOM_Template,8,Switch1→CASE[Multi_Brand],delete from Template if Exists in SAP BOM,9,Switch1→CASE[Multi_Brand],Succeeded,8→9,Yes,0,1
PL_Process_BOM_Templates,CD_ABOM_Template,11,Switch1→CASE[ABOM Packaging Assumptions],delete from ABOM Template if Exists in SAP BOM,12,Switch1→CASE[ABOM Packaging Assumptions],Succeeded,11→12,Yes,0,1
PL_VitaFlo,Time,14,,ForEachFile,2,,Succeeded,14→2,Yes,0,2
PL_VitaFlo,Year,16,,ForEachFile,2,,Succeeded,16→2,Yes,0,2
PL_VitaFlo,Month,15,,ForEachFile,2,,Succeeded,15→2,Yes,0,2
PL_VitaFlo,LookupFilesToCopy,1,,ForEachFile,2,,Succeeded,1→2,Yes,0,2
PL_VitaFlo,GetAuthToken,17,,ForEachFile,2,,Succeeded,17→2,Yes,1,2
PL_VitaFlo,Web_GetFileLUD,13,ForEachFile,Set LUD,3,ForEachFile,Succeeded,13→3,Yes,0,1
PL_VitaFlo,Set LUD,3,ForEachFile,If File has been Updated,5,ForEachFile,Succeeded,3→5,Yes,1,2
PL_VitaFlo,Set OLD LUD,12,ForEachFile,If File has been Updated,5,ForEachFile,Succeeded,12→5,Yes,1,2
PL_VitaFlo,CD_VitaFlo_Synapse,9,If File has been Updated→TRUE,CD_Archive_Files,7,If File has been Updated→TRUE,Succeeded,9→7,Yes,1,2
PL_VitaFlo,CD_Archive_Files,7,If File has been Updated→TRUE,CD_Update_WaterMark,8,If File has been Updated→TRUE,Succeeded,7→8,Yes,2,3
PL_VitaFlo,CD_Files,6,If File has been Updated→TRUE,CD_VitaFlo_Synapse,9,If File has been Updated→TRUE,Succeeded,6→9,Yes,0,1
PL_VitaFlo,CD_VitaFlo_Synapse,9,If File has been Updated→TRUE,Populate POS Table with VitaFlo Direct Sales Data,10,If File has been Updated→TRUE,Succeeded,9→10,Yes,1,2
PL_VitaFlo,Populate POS Table with VitaFlo Direct Sales Data,10,If File has been Updated→TRUE,Populate POS Table with Vital Flo POS Data,11,If File has been Updated→TRUE,Succeeded,10→11,Yes,2,3
PL_VitaFlo,Lookup_Old_LUD,4,ForEachFile,Set OLD LUD,12,ForEachFile,Succeeded,4→12,Yes,0,1
PL_VitaFlo,GetClientSecret,18,,GetAuthToken,17,,Succeeded,18→17,Yes,0,1
pl_BOM_Template,GetClientSecret,6,,GetAuthToken,5,,Succeeded,6→5,Yes,0,1
pl_BOM_Template,GetAuthToken,5,,ForEachFile,7,,Succeeded,5→7,Yes,1,2
pl_BOM_Template,LookupFilesToCopy,1,,ForEachFile,7,,Succeeded,1→7,Yes,0,2
pl_BOM_Template,Time,2,,ForEachFile,7,,Succeeded,2→7,Yes,0,2
pl_BOM_Template,Month,3,,ForEachFile,7,,Succeeded,3→7,Yes,0,2
pl_BOM_Template,Year,4,,ForEachFile,7,,Succeeded,4→7,Yes,0,2
pl_BOM_Template,Web_GetFileLUD,16,ForEachFile,Set LUD,8,ForEachFile,Succeeded,16→8,Yes,0,1
pl_BOM_Template,Set LUD,8,ForEachFile,If File has been Updated,10,ForEachFile,Succeeded,8→10,Yes,1,2
pl_BOM_Template,Set OLD LUD,15,ForEachFile,If File has been Updated,10,ForEachFile,Succeeded,15→10,Yes,1,2
pl_BOM_Template,CD_Files,11,If File has been Updated→TRUE,CD_Archive_Files,12,If File has been Updated→TRUE,Succeeded,11→12,Yes,0,1
pl_BOM_Template,PL_Process_BOM_Templates,14,If File has been Updated→TRUE,CD_Update_WaterMark,13,If File has been Updated→TRUE,Succeeded,14→13,Yes,1,2
pl_BOM_Template,CD_Files,11,If File has been Updated→TRUE,PL_Process_BOM_Templates,14,If File has been Updated→TRUE,Succeeded,11→14,Yes,0,1
pl_BOM_Template,Lookup_Old_LUD,9,ForEachFile,Set OLD LUD,15,ForEachFile,Succeeded,9→15,Yes,0,1
pl_SegmentData,cd_sample_request_completed,1,,df_segmentdata,2,,Succeeded,1→2,Yes,0,1
pl_SegmentData,cd_sample_request_Rejected,4,,df_segmentdata,2,,Succeeded,4→2,Yes,0,1
pl_SegmentData,cd_sample_request_Shipped,5,,df_segmentdata,2,,Succeeded,5→2,Yes,0,1
pl_SegmentData,cd_sample_request_Approved,6,,df_segmentdata,2,,Succeeded,6→2,Yes,0,1
PL_AS400_CWOPR1,Folder,9,,Get Metadata1,1,,Succeeded,9→1,Yes,2,3
PL_AS400_CWOPR1,ForEach1,12,,GetCount,2,,Succeeded,12→2,Yes,4,5
PL_AS400_CWOPR1,GetCount,2,,If Condition1,3,,Succeeded,2→3,Yes,5,6
PL_AS400_CWOPR1,FileFound,4,If Condition1→TRUE,CWOPR1,5,If Condition1→TRUE,Succeeded,4→5,Yes,0,1
PL_AS400_CWOPR1,CWOPR1,5,If Condition1→TRUE,SaveFile,6,If Condition1→TRUE,Succeeded,5→6,Yes,1,2
PL_AS400_CWOPR1,Delete_File,14,,Done,8,,Succeeded,14→8,Yes,7,8
PL_AS400_CWOPR1,Set NewFileName,11,,Folder,9,,Succeeded,11→9,Yes,1,2
PL_AS400_CWOPR1,Set CurrentTimeStamp,10,,Set NewFileName,11,,Succeeded,10→11,Yes,0,1
PL_AS400_CWOPR1,Get Metadata1,1,,ForEach1,12,,Succeeded,1→12,Yes,3,4
PL_AS400_CWOPR1,If Condition1,3,,Delete_File,14,,Succeeded,3→14,Yes,6,7
PL_AS400_BTC160ALL,Folder,9,,Get Metadata1,1,,Succeeded,9→1,Yes,2,3
PL_AS400_BTC160ALL,ForEach1,12,,GetCount,2,,Succeeded,12→2,Yes,4,5
PL_AS400_BTC160ALL,GetCount,2,,If Condition1,3,,Succeeded,2→3,Yes,5,6
PL_AS400_BTC160ALL,FileFound,4,If Condition1→TRUE,BTC160ALL,5,If Condition1→TRUE,Succeeded,4→5,Yes,0,1
PL_AS400_BTC160ALL,BTC160ALL,5,If Condition1→TRUE,SaveFile,6,If Condition1→TRUE,Succeeded,5→6,Yes,1,2
PL_AS400_BTC160ALL,Delete_File,14,,Done,8,,Succeeded,14→8,Yes,7,8
PL_AS400_BTC160ALL,Set NewFileName,11,,Folder,9,,Succeeded,11→9,Yes,1,2
PL_AS400_BTC160ALL,Set CurrentTimeStamp,10,,Set NewFileName,11,,Succeeded,10→11,Yes,0,1
PL_AS400_BTC160ALL,Get Metadata1,1,,ForEach1,12,,Succeeded,1→12,Yes,3,4
PL_AS400_BTC160ALL,If Condition1,3,,Delete_File,14,,Succeeded,3→14,Yes,6,7
PL_SUPPLY_PLANNING_DATA,Execute Pipeline Snowflake to ADLS,1,,Execute Pipeline ADLS to Azure Synapse,2,,Succeeded,1→2,Yes,0,1
PL_SUPPLY_PLANNING_DATA,Execute Pipeline ADLS to Azure Synapse_copy1,5,,Script1,3,,Succeeded,5→3,Yes,3,4
PL_SUPPLY_PLANNING_DATA,Execute Pipeline ADLS to Azure Synapse,2,,Execute Pipeline Snowflake to ADLS_copy1,4,,Succeeded,2→4,Yes,1,2
PL_SUPPLY_PLANNING_DATA,Execute Pipeline Snowflake to ADLS_copy1,4,,Execute Pipeline ADLS to Azure Synapse_copy1,5,,Succeeded,4→5,Yes,2,3
pl_Dim_MaterialMasterGeneralData,Source_to_STG_MaterialMara,1,,acty_stg_to_F_load,2,,Succeeded,1→2,Yes,0,1
pl_Dim_MaterialMasterGeneralData,Source_to_Stg_MLAN,3,,acty_stg_to_F_load,2,,Succeeded,3→2,Yes,0,1
pl_Dim_MateiralMaster_One_time_loads,STG_MD_MaterialType,1,,STG_MD_UoMUnitsMapping,2,,Succeeded,1→2,Yes,0,1
pl_F_OspreyTotalSales,acty_copy_Source_to_staging,1,,acty_stg_to_F_load,2,,Succeeded,1→2,Yes,0,1
pl_Dim_MaterialMasterValuationData,Source_to_MaterialMvke,2,,acty_stg_to_Dim_load,1,,Succeeded,2→1,Yes,0,1
pl_Dim_MaterialMasterValuationData,Source_to_MaterialMbew,3,,acty_stg_to_Dim_load,1,,Succeeded,3→1,Yes,0,1
pl_Dim_MaterialMasterUnitOfMeasureData,Source_to_Staging_Unit,2,,acty_stg_to_F_load,1,,Succeeded,2→1,Yes,0,1
pl_Dim_MaterialMasterPlantData,Source_to_Staging,1,,acty_stg_to_Dim_load,2,,Succeeded,1→2,Yes,0,1
pl_F_UOMSAPToBusinessMapping,Source_to_staging_MaterialMarm,1,,stg_to_F_UOMSAPToBusinessMapping,2,,Succeeded,1→2,Yes,0,1
pl_TRR_One_time_Loads,COPADerivationRuleLookup_acty_copy_Source_to_staging,1,,STG_Date_RunRate_acty_copy_Source_to_staging,2,,Succeeded,1→2,Yes,0,1
pl_TRR_One_time_Loads,STG_Date_RunRate_acty_copy_Source_to_staging,2,,Fct_BillingLine_acty_copy_Source_to_staging,3,,Succeeded,2→3,Yes,1,2
pl_TRR_One_time_Loads,Fct_BillingLine_acty_copy_Source_to_staging,3,,Stg_OspreyForecastAdjustment_Source_to_staging,4,,Succeeded,3→4,Yes,2,3
pl_TRR_One_time_Loads,Stg_OspreyForecastAdjustment_Source_to_staging,4,,Dim_TradeRateReport_Source_to_staging,5,,Succeeded,4→5,Yes,3,4
pl_TRR_One_time_Loads,Dim_TradeRateReport_Source_to_staging,5,,STG_TRR_rptNPCL3s_Source_to_staging,6,,Succeeded,5→6,Yes,4,5
pl_TRR_One_time_Loads,STG_TRR_rptNPCL3s_Source_to_staging,6,,STG_TRR_rptNonNSOCL3s_Source_to_staging,7,,Succeeded,6→7,Yes,5,6
pl_TRR_One_time_Loads,STG_TRR_rptNonNSOCL3s_Source_to_staging,7,,STG_TRR_AMSBWSalesbyMonthCM_Source_to_staging_copy,8,,Succeeded,7→8,Yes,6,7
pl_Rpt_TradeRateReport,F_EventPayment_load,2,,acty_stg_to_TradeRateReportMain_load,1,,Succeeded,2→1,Yes,0,1
pl_Rpt_TradeRateReport,F_PromoDetails_load,3,,acty_stg_to_TradeRateReportMain_load,1,,Succeeded,3→1,Yes,0,1
pl_Rpt_TradeRateReport,F_Promos_Load,4,,acty_stg_to_TradeRateReportMain_load,1,,Succeeded,4→1,Yes,0,1
pl_Rpt_TradeRateReport,F_OspreyTotalSales_load,5,,acty_stg_to_TradeRateReportMain_load,1,,Succeeded,5→1,Yes,0,1
pl_Rpt_TradeRateReport,Fct_Invoices_Load,6,,acty_stg_to_TradeRateReportMain_load,1,,Succeeded,6→1,Yes,0,1
pl_MaterialMasterJoinOsprey,MaterialMasterJoinOspreySub,6,,MaterialMasterUnitOfMeasureData,4,,Succeeded,6→4,Yes,1,2
pl_MaterialMasterJoinOsprey,MaterialMasterUnitOfMeasureData,4,,MaterialMarm,5,,Succeeded,4→5,Yes,2,3
pl_MaterialMasterJoinOsprey,UOMSAPToBusinessMapping,1,,MaterialMasterJoinOspreySub,6,,Succeeded,1→6,Yes,0,1
pl_MaterialMasterJoinOsprey,MaterialMarm,5,,MainMaterialMasterSP,7,,Succeeded,5→7,Yes,3,4
pl_MaterialMasterJoinOsprey,MaterialMasterValuationData,2,,MainMaterialMasterSP,7,,Succeeded,2→7,Yes,0,4
pl_MaterialMasterJoinOsprey,MaterialMasterPlantData,3,,MainMaterialMasterSP,7,,Succeeded,3→7,Yes,0,4
pl_MaterialMasterJoinOsprey,MaterialMarm,5,,F_Material_Master_data_load,8,,Succeeded,5→8,Yes,3,4
pl_MaterialMasterJoinOsprey,MaterialMasterValuationData,2,,F_Material_Master_data_load,8,,Succeeded,2→8,Yes,0,4
pl_MaterialMasterJoinOsprey,MaterialMasterPlantData,3,,F_Material_Master_data_load,8,,Succeeded,3→8,Yes,0,4
pl_Blocked_Parked_Invoices,Get_Date,7,,Pull_Parked_Blocked,1,,Succeeded,7→1,Yes,3,4
pl_Blocked_Parked_Invoices,Pull_Parked_Blocked,1,,SaveFile,2,,Succeeded,1→2,Yes,4,5
pl_Blocked_Parked_Invoices,SaveFile,2,,Send_Sql,3,,Succeeded,2→3,Yes,5,6
pl_Blocked_Parked_Invoices,Container,4,,Directory,5,,Succeeded,4→5,Yes,0,1
pl_Blocked_Parked_Invoices,Directory,5,,FileName,6,,Succeeded,5→6,Yes,1,2
pl_Blocked_Parked_Invoices,FileName,6,,Get_Date,7,,Succeeded,6→7,Yes,2,3
pl_Oracle_ASCP,NewFileName,6,,Get_ASCP_Data,1,,Succeeded,6→1,Yes,3,4
pl_Oracle_ASCP,Archive_Data,7,,Send_ASAP_Data,2,,Succeeded,7→2,Yes,5,6
pl_Oracle_ASCP,FilePath,3,,FileName,4,,Succeeded,3→4,Yes,0,1
pl_Oracle_ASCP,FileName,4,,TimeStamp,5,,Succeeded,4→5,Yes,1,2
pl_Oracle_ASCP,TimeStamp,5,,NewFileName,6,,Succeeded,5→6,Yes,2,3
pl_Oracle_ASCP,Get_ASCP_Data,1,,Archive_Data,7,,Succeeded,1→7,Yes,4,5
pl_F_location,acty_copy_Source_to_staging,2,,acty_stg_to_F_load,1,,Succeeded,2→1,Yes,0,1
pl_F_location,acty_stg_to_F_load,1,,acty_stg_to_F_load2,3,,Succeeded,1→3,Yes,1,2
pl_F_PlantMaster,acty_copy_Source_to_staging,2,,acty_stg_to_F_load,1,,Succeeded,2→1,Yes,0,1
PL_Process_GOL,CD_golrevnhsdata,2,GOL_FILES→CASE[golrevnhsdata],Delete Original golrevnhsdata,4,GOL_FILES→CASE[golrevnhsdata],Succeeded,2→4,Yes,0,1
PL_Process_GOL,CD_Archive_golrevnhsdata,3,GOL_FILES→CASE[golrevnhsdata],Delete Original golrevnhsdata,4,GOL_FILES→CASE[golrevnhsdata],Succeeded,3→4,Yes,0,1
PL_Process_GOL,CD_golrevnhsdata,2,GOL_FILES→CASE[golrevnhsdata],CD_golrevnhsdata_Synapse,5,GOL_FILES→CASE[golrevnhsdata],Succeeded,2→5,Yes,0,1
PL_Process_GOL,CD_golrevnhsdata_Synapse,5,GOL_FILES→CASE[golrevnhsdata],Delete Old Recrods,6,GOL_FILES→CASE[golrevnhsdata],Succeeded,5→6,Yes,1,2
PL_Process_GOL,CD_golrevnhsdata_Synapse,5,GOL_FILES→CASE[golrevnhsdata],Deletegolrevnhsdata,7,GOL_FILES→CASE[golrevnhsdata],Succeeded,5→7,Yes,1,2
PL_Process_GOL,CD_golordernhsdata,10,GOL_FILES→CASE[golordernhsdata],CD_golordernhsdata_Synapse,8,GOL_FILES→CASE[golordernhsdata],Succeeded,10→8,Yes,0,1
PL_Process_GOL,CD_golordernhsdata_Synapse,8,GOL_FILES→CASE[golordernhsdata],Delete Old SKU Recrods,9,GOL_FILES→CASE[golordernhsdata],Succeeded,8→9,Yes,1,2
PL_Process_GOL,CD_golordernhsdata,10,GOL_FILES→CASE[golordernhsdata],Delete Original golordernhsdata,12,GOL_FILES→CASE[golordernhsdata],Succeeded,10→12,Yes,0,1
PL_Process_GOL,CD_Archive_golordernhsdata,11,GOL_FILES→CASE[golordernhsdata],Delete Original golordernhsdata,12,GOL_FILES→CASE[golordernhsdata],Succeeded,11→12,Yes,0,1
PL_Process_GOL,CD_golordernhsdata_Synapse,8,GOL_FILES→CASE[golordernhsdata],Delete golordernhsdata,13,GOL_FILES→CASE[golordernhsdata],Succeeded,8→13,Yes,1,2
PL_Process_GOL,CD_account_budget,14,GOL_FILES→CASE[account_budget],Delete Original account_budget,16,GOL_FILES→CASE[account_budget],Succeeded,14→16,Yes,0,1
PL_Process_GOL,CD_Archive_account_budget,15,GOL_FILES→CASE[account_budget],Delete Original account_budget,16,GOL_FILES→CASE[account_budget],Succeeded,15→16,Yes,0,1
PL_Process_GOL,CD_Synapse_Account_Budget,18,GOL_FILES→CASE[account_budget],Delete account_budget,17,GOL_FILES→CASE[account_budget],Succeeded,18→17,Yes,1,2
PL_Process_GOL,CD_account_budget,14,GOL_FILES→CASE[account_budget],CD_Synapse_Account_Budget,18,GOL_FILES→CASE[account_budget],Succeeded,14→18,Yes,0,1
PL_Process_GOL,CD_Synapse_Account_Budget,18,GOL_FILES→CASE[account_budget],Delete Old Account Budget Records,19,GOL_FILES→CASE[account_budget],Succeeded,18→19,Yes,1,2
PL_Process_GOL,CD_brand_budget,20,GOL_FILES→CASE[brand_budget],Delete Original brand_budget,22,GOL_FILES→CASE[brand_budget],Succeeded,20→22,Yes,0,1
PL_Process_GOL,CD_Archive_brand_budget,21,GOL_FILES→CASE[brand_budget],Delete Original brand_budget,22,GOL_FILES→CASE[brand_budget],Succeeded,21→22,Yes,0,1
PL_Process_GOL,CD_Synapse_brand_budget,24,GOL_FILES→CASE[brand_budget],Delete brand_budget,23,GOL_FILES→CASE[brand_budget],Succeeded,24→23,Yes,1,2
PL_Process_GOL,CD_brand_budget,20,GOL_FILES→CASE[brand_budget],CD_Synapse_brand_budget,24,GOL_FILES→CASE[brand_budget],Succeeded,20→24,Yes,0,1
PL_Process_GOL,CD_Synapse_brand_budget,24,GOL_FILES→CASE[brand_budget],Delete OLD Brand Budget Records,25,GOL_FILES→CASE[brand_budget],Succeeded,24→25,Yes,1,2
PL_Process_GOL,CD_arinvoicebypartybyitem,26,GOL_FILES→CASE[arinvoicebypartybyitem],Delete Original arinvoicebypartybyitem,28,GOL_FILES→CASE[arinvoicebypartybyitem],Succeeded,26→28,Yes,0,1
PL_Process_GOL,CD_Archive_arinvoicebypartybyitem,27,GOL_FILES→CASE[arinvoicebypartybyitem],Delete Original arinvoicebypartybyitem,28,GOL_FILES→CASE[arinvoicebypartybyitem],Succeeded,27→28,Yes,0,1
PL_Process_GOL,CD_arinvoicebypartybyitem,26,GOL_FILES→CASE[arinvoicebypartybyitem],df_GOL_AR,29,GOL_FILES→CASE[arinvoicebypartybyitem],Succeeded,26→29,Yes,0,1
PL_Process_GOL,CD_Archive_arinvoicebypartybyitem,27,GOL_FILES→CASE[arinvoicebypartybyitem],df_GOL_AR,29,GOL_FILES→CASE[arinvoicebypartybyitem],Succeeded,27→29,Yes,0,1
PL_Process_GOL,df_GOL_AR,29,GOL_FILES→CASE[arinvoicebypartybyitem],Delete_arinvoicebypartybyitem,30,GOL_FILES→CASE[arinvoicebypartybyitem],Succeeded,29→30,Yes,1,2
PL_Process_GOL,CD_Archive_pandlacctbalsactandbud,32,GOL_FILES→CASE[pandlacctbalsactandbud],Delete_Original pandlacctbalsactandbud,33,GOL_FILES→CASE[pandlacctbalsactandbud],Succeeded,32→33,Yes,0,1
PL_Process_GOL,df_GOL_P_and_L,35,GOL_FILES→CASE[pandlacctbalsactandbud],Delete_pandlacctbalsactandbud,34,GOL_FILES→CASE[pandlacctbalsactandbud],Succeeded,35→34,Yes,1,2
PL_Process_GOL,CD_pandlacctbalsactandbud,31,GOL_FILES→CASE[pandlacctbalsactandbud],df_GOL_P_and_L,35,GOL_FILES→CASE[pandlacctbalsactandbud],Succeeded,31→35,Yes,0,1
PL_Process_GOL,CD_Archive_pandlacctbalsactandbud,32,GOL_FILES→CASE[pandlacctbalsactandbud],df_GOL_P_and_L,35,GOL_FILES→CASE[pandlacctbalsactandbud],Succeeded,32→35,Yes,0,1
pl_F_bld_employees,acty_copy_Source_to_staging,1,,acty_stg_to_F_load,2,,Succeeded,1→2,Yes,0,1
pl_Dim_MaterialSubstitution,acty_copy_Source_to_staging,1,,acty_stg_to_F_load,2,,Succeeded,1→2,Yes,0,1
pl_F_Plant_Inventory_Actual,Source_to_Staging,1,,acty_stg_to_F_load,2,,Succeeded,1→2,Yes,0,1
PL_OSPREY_EVENT_TO_AZURE_SYNAPSE,Execute Pipeline Osprey To ADLS,1,,Execute Pipeline Osprey ADLS To Azure Synapse,2,,Succeeded,1→2,Yes,0,1
PL_TBCO_ORACLE_EBS_PO_AZURE,Copy data from TBCO EBS to ADLS,1,,Copy ADLS To Azure Synapse,2,,Succeeded,1→2,Yes,0,1
pl_FCT_ProductAllocationCharacteristics,Source_to_Stg_ProductAllocation,2,,acty_stg_to_Final_load,1,,Succeeded,2→1,Yes,0,1
pl_Fct_RPT_OrderTrackingDetail,Load_AzSql_Delivery_Table,2,,Sp_load_Fact_Rpt_OrderTracking,1,,Succeeded,2→1,Yes,2,3
pl_Fct_RPT_OrderTrackingDetail,Set MaxTimeStamp variable,4,,Load_AzSql_Delivery_Table,2,,Succeeded,4→2,Yes,1,2
pl_Fct_RPT_OrderTrackingDetail,Lkp_get_MaxTimeStamp_FromTarget,3,,Set MaxTimeStamp variable,4,,Succeeded,3→4,Yes,0,1
pl_Dim_freightordercarrierarrivalreasoncode,carrierarrivalreasoncode,1,,sp_Load_FreightOrderDestinationAppointmentChange,2,,Succeeded,1→2,Yes,0,1
pl_FreightorderTimeDetails,act_load_SAP_to_NHS,2,,sp_to_load_Fct_FrieghtOrderOnTimeDetails,1,,Succeeded,2→1,Yes,0,1
pl_FreightorderTimeDetails,Exec_pl_Dim_freightordercarrierarrivalreasoncode,3,,sp_to_load_Fct_FrieghtOrderOnTimeDetails,1,,Succeeded,3→1,Yes,0,1
pl_F_TCTRouteGuidanceComplianceVolume,copy data from SAP to ADLS,1,,Copy data from ADLS to Staging,2,,Succeeded,1→2,Yes,0,1
pl_F_TCTRouteGuidanceComplianceVolume,Copy data from ADLS to Staging,2,,acty_stg_to_F_load,3,,Succeeded,2→3,Yes,1,2
pl_SRM_Ontime_Onetime_Loads,Dim_StandardCarrierAlphaCode_acty_copy_Source_to_stg,1,,Dim_SAPToEDITransportation_acty_copy_Source_to_stg,2,,Succeeded,1→2,Yes,0,1
PL_Snow_3PL_VM,Get_3PL_VM,1,,Push_3PL_VM,2,,Succeeded,1→2,Yes,0,1
PL_Snow_3PL_VM,Push_3PL_VM,2,,Done,3,,Succeeded,2→3,Yes,1,2
pl_ASCP_SupplyCategory,Archive_Data,6,,Send_ASAP_Data,1,,Succeeded,6→1,Yes,5,6
pl_ASCP_SupplyCategory,FilePath,2,,FileName,3,,Succeeded,2→3,Yes,0,1
pl_ASCP_SupplyCategory,FileName,3,,TimeStamp,4,,Succeeded,3→4,Yes,1,2
pl_ASCP_SupplyCategory,TimeStamp,4,,NewFileName,5,,Succeeded,4→5,Yes,2,3
pl_ASCP_SupplyCategory,GetFile,7,,Archive_Data,6,,Succeeded,7→6,Yes,4,5
pl_ASCP_SupplyCategory,NewFileName,5,,GetFile,7,,Succeeded,5→7,Yes,3,4
pl_ASCP_SupplyCategory,Send_ASAP_Data,1,,Delete Source File,8,,Succeeded,1→8,Yes,6,7
pl_SF_InvoiceData_DM,check_cnt_from_fact,8,,FULL_Or_INCR,1,,Succeeded,8→1,Yes,0,1
pl_SF_InvoiceData_DM,Set ExtractDate,4,FULL_Or_INCR→FALSE,acty_copy_Source_to_staging_Incr_load,3,FULL_Or_INCR→FALSE,Succeeded,4→3,Yes,2,3
pl_SF_InvoiceData_DM,Lkp_get_MaxTimeStamp_FromTarget,5,FULL_Or_INCR→FALSE,Set ExtractDate,4,FULL_Or_INCR→FALSE,Succeeded,5→4,Yes,1,2
pl_SF_InvoiceData_DM,Set CurrentTimeStamp,7,FULL_Or_INCR→FALSE,Lkp_get_MaxTimeStamp_FromTarget,5,FULL_Or_INCR→FALSE,Succeeded,7→5,Yes,0,1
pl_SF_InvoiceData_DM,acty_copy_Source_to_staging_Incr_load,3,FULL_Or_INCR→FALSE,acty_stg_to_F_load,6,FULL_Or_INCR→FALSE,Succeeded,3→6,Yes,3,4
pl_SF_OrderExcepData_DM,lkp_check_if_table_empty,1,,If Condition1,2,,Succeeded,1→2,Yes,0,1
pl_SF_OrderExcepData_DM,SetVar_MaxTimeStamp,6,If Condition1→FALSE,load_stg_inc_SF_S6_SC_OTR_AMS_ORDERDATA,4,If Condition1→FALSE,Succeeded,6→4,Yes,1,2
pl_SF_OrderExcepData_DM,lkp_final_getMaxLoadDate,5,If Condition1→FALSE,SetVar_MaxTimeStamp,6,If Condition1→FALSE,Succeeded,5→6,Yes,0,1
pl_SF_OrderExcepData_DM,load_stg_inc_SF_S6_SC_OTR_AMS_ORDERDATA,4,If Condition1→FALSE,sp_load_SF_S6_SC_OTR_AMS_ORDEROTHERDATA_DM,7,If Condition1→FALSE,Succeeded,4→7,Yes,2,3
pl_SF_EnhancedChangeLogFortor_DM,lkp_check_if_table_empty,1,,If Condition1,2,,Succeeded,1→2,Yes,0,1
pl_SF_EnhancedChangeLogFortor_DM,Set MaxTimeStamp variable,6,If Condition1→FALSE,Load_Snowflake_Src_Stg,4,If Condition1→FALSE,Succeeded,6→4,Yes,1,2
pl_SF_EnhancedChangeLogFortor_DM,Lkp_get_MaxTimeStamp_FromTarget,5,If Condition1→FALSE,Set MaxTimeStamp variable,6,If Condition1→FALSE,Succeeded,5→6,Yes,0,1
pl_SF_EnhancedChangeLogFortor_DM,Load_Snowflake_Src_Stg,4,If Condition1→FALSE,SP_Load_S6_SC_TM_ENHANCEDCHANGELOGFORTOR_DM,7,If Condition1→FALSE,Succeeded,4→7,Yes,2,3
pl_SF_OrderData_DM,lkp_check_if_table_empty,1,,If Condition1,2,,Succeeded,1→2,Yes,0,1
pl_SF_OrderData_DM,SetVar_MaxTimeStamp,6,If Condition1→FALSE,load_stg_inc_SF_S6_SC_OTR_AMS_ORDERDATA,4,If Condition1→FALSE,Succeeded,6→4,Yes,1,2
pl_SF_OrderData_DM,lkp_final_getMaxLoadDate,5,If Condition1→FALSE,SetVar_MaxTimeStamp,6,If Condition1→FALSE,Succeeded,5→6,Yes,0,1
pl_SF_OrderData_DM,load_stg_inc_SF_S6_SC_OTR_AMS_ORDERDATA,4,If Condition1→FALSE,sp_load_SF_S6_SC_OTR_AMS_ORDERDATA_DM,7,If Condition1→FALSE,Succeeded,4→7,Yes,2,3
pl_SF_MessageStatus_DM,Lkp_checkIfTableEmpty,1,,If Condition1,2,,Succeeded,1→2,Yes,0,1
pl_SF_MessageStatus_DM,Lkp_get_MaxTimeStamp_FromTarget,4,If Condition1→FALSE,Set MaxTimeStamp variable,5,If Condition1→FALSE,Succeeded,4→5,Yes,0,1
pl_SF_MessageStatus_DM,Set MaxTimeStamp variable,5,If Condition1→FALSE,Load_Snowflake_Src_Stg,6,If Condition1→FALSE,Succeeded,5→6,Yes,1,2
pl_SF_MessageStatus_DM,Load_Snowflake_Src_Stg,6,If Condition1→FALSE,SP_Load_SF_S6_SC_CS_ERPAMS_MESSAGESTATUS_DM,7,If Condition1→FALSE,Succeeded,6→7,Yes,2,3
pl_SF_DeliveryData_DM,RwCount_Lookup,7,,If Condition Full_incr,1,,Succeeded,7→1,Yes,0,1
pl_SF_DeliveryData_DM,Set ExtractDate,4,If Condition Full_incr→FALSE,acty_copy_Source_to_staging_Incr_load,3,If Condition Full_incr→FALSE,Succeeded,4→3,Yes,1,2
pl_SF_DeliveryData_DM,Lkp_get_MaxTimeStamp_FromTarget,5,If Condition Full_incr→FALSE,Set ExtractDate,4,If Condition Full_incr→FALSE,Succeeded,5→4,Yes,0,1
pl_SF_DeliveryData_DM,acty_copy_Source_to_staging_Incr_load,3,If Condition Full_incr→FALSE,acty_stg_to_F_load,6,If Condition Full_incr→FALSE,Succeeded,3→6,Yes,2,3
pl_SF_Event_Message_Header_DM,check_cnt_from_fact,7,,FULL_Or_INCR,1,,Succeeded,7→1,Yes,0,1
pl_SF_Event_Message_Header_DM,Set ExtractDate,4,FULL_Or_INCR→FALSE,acty_copy_Source_to_staging_Incr_load,3,FULL_Or_INCR→FALSE,Succeeded,4→3,Yes,1,2
pl_SF_Event_Message_Header_DM,Lkp_get_MaxTimeStamp_FromTarget,5,FULL_Or_INCR→FALSE,Set ExtractDate,4,FULL_Or_INCR→FALSE,Succeeded,5→4,Yes,0,1
pl_SF_Event_Message_Header_DM,acty_copy_Source_to_staging_Incr_load,3,FULL_Or_INCR→FALSE,acty_stg_to_F_load,6,FULL_Or_INCR→FALSE,Succeeded,3→6,Yes,2,3
pl_SF_RootNode_DM,Lkp_checkIfTableEmpty,1,,check_if_history_or_inc,2,,Succeeded,1→2,Yes,0,1
pl_SF_RootNode_DM,Lkp_get_MaxTimeStamp_FromTarget,4,check_if_history_or_inc→FALSE,Set MaxTimeStamp variable,5,check_if_history_or_inc→FALSE,Succeeded,4→5,Yes,0,1
pl_SF_RootNode_DM,Set MaxTimeStamp variable,5,check_if_history_or_inc→FALSE,Load_Snowflake_Src_Stg,6,check_if_history_or_inc→FALSE,Succeeded,5→6,Yes,1,2
pl_SF_RootNode_DM,Load_Snowflake_Src_Stg,6,check_if_history_or_inc→FALSE,SP_Load_S6_SC_TM_ROOTNODE_DM,7,check_if_history_or_inc→FALSE,Succeeded,6→7,Yes,2,3
pl_SF_Sales_Document_Partner_DM,LastUpdate,4,,Copy_Snowflake_to_NHS,1,,Succeeded,4→1,Yes,1,2
pl_SF_Sales_Document_Partner_DM,Current_TimeStamp,2,,Copy_Snowflake_to_NHS,1,,Succeeded,2→1,Yes,0,2
pl_SF_Sales_Document_Partner_DM,LKP_get_timestamp_from_Target,3,,LastUpdate,4,,Succeeded,3→4,Yes,0,1
pl_SF_Sales_Document_Partner_DM,Copy_Snowflake_to_NHS,1,,SP_SF_Sales_Document_Partner_DM,5,,Succeeded,1→5,Yes,2,3
pl_SF_Transportation_Load_Header_DM,Set MaxTimeStamp variable,3,,Load_Snowflake_Src_Stg,1,,Succeeded,3→1,Yes,1,2
pl_SF_Transportation_Load_Header_DM,Lkp_get_MaxTimeStamp_FromTarget,2,,Set MaxTimeStamp variable,3,,Succeeded,2→3,Yes,0,1
pl_SF_Transportation_Load_Header_DM,Load_Snowflake_Src_Stg,1,,SP_Load_TRANSPORTATION_LOAD_HEADER,4,,Succeeded,1→4,Yes,2,3
pl_SF_OrderStatusData_DM,If Condition Full_incr,2,,acty_stg_to_F_load,1,,Succeeded,2→1,Yes,1,2
pl_SF_OrderStatusData_DM,RwCount_Lookup,7,,If Condition Full_incr,2,,Succeeded,7→2,Yes,0,1
pl_SF_OrderStatusData_DM,Set ExtractDate,5,If Condition Full_incr→FALSE,acty_copy_Source_to_staging_Incr_load,4,If Condition Full_incr→FALSE,Succeeded,5→4,Yes,1,2
pl_SF_OrderStatusData_DM,Lkp_get_MaxTimeStamp_FromTarget,6,If Condition Full_incr→FALSE,Set ExtractDate,5,If Condition Full_incr→FALSE,Succeeded,6→5,Yes,0,1
pl_SF_OrderOtherData_DM,lkp_check_if_table_empty,1,,If Condition1,2,,Succeeded,1→2,Yes,0,1
pl_SF_OrderOtherData_DM,SetVar_MaxTimeStamp,6,If Condition1→FALSE,load_stg_inc_SF_S6_SC_OTR_AMS_ORDERDATA,4,If Condition1→FALSE,Succeeded,6→4,Yes,1,2
pl_SF_OrderOtherData_DM,lkp_final_getMaxLoadDate,5,If Condition1→FALSE,SetVar_MaxTimeStamp,6,If Condition1→FALSE,Succeeded,5→6,Yes,0,1
pl_SF_OrderOtherData_DM,load_stg_inc_SF_S6_SC_OTR_AMS_ORDERDATA,4,If Condition1→FALSE,sp_load_SF_S6_SC_OTR_AMS_ORDEROTHERDATA_DM,7,If Condition1→FALSE,Succeeded,4→7,Yes,2,3
pl_OTR_Order_status_Tables,Script_OrderStatusTracking_DeltaLog,7,,Copy the data for OTR Order status Inbound,1,,Succeeded,7→1,Yes,0,1
pl_OTR_Order_status_Tables,Copy the data for OTR Order status Inbound,1,,Data flow for loading data into OST stage,4,,Succeeded,1→4,Yes,1,2
pl_OTR_Order_status_Tables,Copy the data for OTR Event Message Header,2,,Data flow for loading data into OST stage,4,,Succeeded,2→4,Yes,0,2
pl_OTR_Order_status_Tables,Copy the data for OTR Sales Document Header,3,,Data flow for loading data into OST stage,4,,Succeeded,3→4,Yes,0,2
pl_OTR_Order_status_Tables,Copy the data for Transport change log,5,,Data flow for loading data into OST stage,4,,Succeeded,5→4,Yes,0,2
pl_OTR_Order_status_Tables,Data flow for loading data into OST stage,4,,Data flow to final table,6,,Succeeded,4→6,Yes,2,3
pl_Order_Status_Tracking_Final,Execute Pipeline for Message status,13,If Condition On EST Weekdays→TRUE,Execute Pipeline for OTR Tables,14,If Condition On EST Weekdays→TRUE,Succeeded,13→14,Yes,0,1
pl_Order_Status_Tracking_Final,Execute Pipeline for Order ex,12,If Condition On EST Weekdays→TRUE,Execute Pipeline for OTR Tables,14,If Condition On EST Weekdays→TRUE,Succeeded,12→14,Yes,0,1
pl_Order_Status_Tracking_Final,Execute Pipeline for Root node,11,If Condition On EST Weekdays→TRUE,Execute Pipeline for OTR Tables,14,If Condition On EST Weekdays→TRUE,Succeeded,11→14,Yes,0,1
pl_Order_Status_Tracking_Final,Execute Pipeline for Enhanced Log,10,If Condition On EST Weekdays→TRUE,Execute Pipeline for OTR Tables,14,If Condition On EST Weekdays→TRUE,Succeeded,10→14,Yes,0,1
pl_Order_Status_Tracking_Final,Execute Pipeline for trans load,9,If Condition On EST Weekdays→TRUE,Execute Pipeline for OTR Tables,14,If Condition On EST Weekdays→TRUE,Succeeded,9→14,Yes,0,1
pl_Order_Status_Tracking_Final,Execute Pipeline for Event Message,8,If Condition On EST Weekdays→TRUE,Execute Pipeline for OTR Tables,14,If Condition On EST Weekdays→TRUE,Succeeded,8→14,Yes,0,1
pl_Order_Status_Tracking_Final,Execute Pipeline for sales document,7,If Condition On EST Weekdays→TRUE,Execute Pipeline for OTR Tables,14,If Condition On EST Weekdays→TRUE,Succeeded,7→14,Yes,0,1
pl_Order_Status_Tracking_Final,Execute Pipeline for Order delivery,6,If Condition On EST Weekdays→TRUE,Execute Pipeline for OTR Tables,14,If Condition On EST Weekdays→TRUE,Succeeded,6→14,Yes,0,1
pl_Order_Status_Tracking_Final,Execute Pipeline for Order Invoice,5,If Condition On EST Weekdays→TRUE,Execute Pipeline for OTR Tables,14,If Condition On EST Weekdays→TRUE,Succeeded,5→14,Yes,0,1
pl_Order_Status_Tracking_Final,Execute Pipeline for Orderstatus,4,If Condition On EST Weekdays→TRUE,Execute Pipeline for OTR Tables,14,If Condition On EST Weekdays→TRUE,Succeeded,4→14,Yes,0,1
pl_Order_Status_Tracking_Final,Execute Pipeline for Orderother,3,If Condition On EST Weekdays→TRUE,Execute Pipeline for OTR Tables,14,If Condition On EST Weekdays→TRUE,Succeeded,3→14,Yes,0,1
pl_Order_Status_Tracking_Final,Execute Pipeline for Order Data,2,If Condition On EST Weekdays→TRUE,Execute Pipeline for OTR Tables,14,If Condition On EST Weekdays→TRUE,Succeeded,2→14,Yes,0,1
pl_Order_Status_Tracking_Final,Execute Pipeline for OTR Tables,14,If Condition On EST Weekdays→TRUE,Execute Pipeline for PBI Refresh,15,If Condition On EST Weekdays→TRUE,Succeeded,14→15,Yes,1,2
PL_ASASQL_SCALE,Wait for no Running Queries,3,,Scale,1,,Succeeded,3→1,Yes,1,2
PL_ASASQL_SCALE,Set v_database,2,,Wait for no Running Queries,3,,Succeeded,2→3,Yes,0,1
pl_F_MaterialCv,Source_to_Staging_Cv,1,,stg_to_F_MaterialCv,2,,Succeeded,1→2,Yes,0,1
pl_F_MaterialSalesCv,acty_copy_Source_to_staging,1,,acty_stg_to_F_load,2,,Succeeded,1→2,Yes,0,1
pl_Four_Kites_Tracking_Consistency,acty_set_terminated_date,14,,acty_get_access_token,1,,Succeeded,14→1,Yes,1,2
pl_Four_Kites_Tracking_Consistency,acty_get_access_token,1,,acty_call_api,2,,Succeeded,1→2,Yes,2,3
pl_Four_Kites_Tracking_Consistency,acty_truncate_stg_data,13,,acty_iterate_untill_all_rows_copied,3,,Succeeded,13→3,Yes,4,5
pl_Four_Kites_Tracking_Consistency,acty_copy_files_to_archive,11,acty_iterate_untill_all_rows_copied→LOOP,acty_set_rowcopiedtemp,4,acty_iterate_untill_all_rows_copied→LOOP,Succeeded,11→4,Yes,2,3
pl_Four_Kites_Tracking_Consistency,acty_set_rowcopiedtemp,4,acty_iterate_untill_all_rows_copied→LOOP,acty_set_rowscopied,5,acty_iterate_untill_all_rows_copied→LOOP,Succeeded,4→5,Yes,3,4
pl_Four_Kites_Tracking_Consistency,acty_set_rowscopied,5,acty_iterate_untill_all_rows_copied→LOOP,acty_set_new_offset,7,acty_iterate_untill_all_rows_copied→LOOP,Succeeded,5→7,Yes,4,5
pl_Four_Kites_Tracking_Consistency,acty_copy_data_api_to_ADLS,6,acty_iterate_untill_all_rows_copied→LOOP,acty_copy_data_ADLS_to_STG,8,acty_iterate_untill_all_rows_copied→LOOP,Succeeded,6→8,Yes,0,1
pl_Four_Kites_Tracking_Consistency,acty_set_new_offset,7,acty_iterate_untill_all_rows_copied→LOOP,acty_set_status,9,acty_iterate_untill_all_rows_copied→LOOP,"Failed, Skipped",7→9,Yes,5,6
pl_Four_Kites_Tracking_Consistency,acty_set_status,9,acty_iterate_untill_all_rows_copied→LOOP,acty_fail_pipeline,10,acty_iterate_untill_all_rows_copied→LOOP,Succeeded,9→10,Yes,6,7
pl_Four_Kites_Tracking_Consistency,acty_copy_data_ADLS_to_STG,8,acty_iterate_untill_all_rows_copied→LOOP,acty_copy_files_to_archive,11,acty_iterate_untill_all_rows_copied→LOOP,Succeeded,8→11,Yes,1,2
pl_Four_Kites_Tracking_Consistency,acty_delete_input_files_after_archiving,15,,acty_copy_data_stg_final,12,,Succeeded,15→12,Yes,6,7
pl_Four_Kites_Tracking_Consistency,acty_call_api,2,,acty_truncate_stg_data,13,,Succeeded,2→13,Yes,3,4
pl_Four_Kites_Tracking_Consistency,acty_get_clientid,16,,acty_set_terminated_date,14,,Succeeded,16→14,Yes,0,1
pl_Four_Kites_Tracking_Consistency,acty_get_clientsecret,17,,acty_set_terminated_date,14,,Succeeded,17→14,Yes,0,1
pl_Four_Kites_Tracking_Consistency,acty_get_BaseURL,18,,acty_set_terminated_date,14,,Succeeded,18→14,Yes,0,1
pl_Four_Kites_Tracking_Consistency,acty_iterate_untill_all_rows_copied,3,,acty_delete_input_files_after_archiving,15,,Succeeded,3→15,Yes,5,6
PL_ColleagueData_ASCP_RM,GetClientSecret,18,,GetAuthToken,1,,Succeeded,18→1,Yes,0,1
PL_ColleagueData_ASCP_RM,Script1,24,,LookupFilesToCopy,5,,Succeeded,24→5,Yes,5,6
PL_ColleagueData_ASCP_RM,Month,4,,ForEachFile,6,,Succeeded,4→6,Yes,0,7
PL_ColleagueData_ASCP_RM,Year,3,,ForEachFile,6,,Succeeded,3→6,Yes,0,7
PL_ColleagueData_ASCP_RM,Time,2,,ForEachFile,6,,Succeeded,2→6,Yes,0,7
PL_ColleagueData_ASCP_RM,LookupFilesToCopy,5,,ForEachFile,6,,Succeeded,5→6,Yes,6,7
PL_ColleagueData_ASCP_RM,GetAuthToken,1,,ForEachFile,6,,Succeeded,1→6,Yes,1,7
PL_ColleagueData_ASCP_RM,Web_GetFileLUD,7,ForEachFile,Set LUD,8,ForEachFile,Succeeded,7→8,Yes,0,1
PL_ColleagueData_ASCP_RM,Lookup_Old_LUD,10,ForEachFile,Set OLD_LUD,9,ForEachFile,Succeeded,10→9,Yes,0,1
PL_ColleagueData_ASCP_RM,Set LUD,8,ForEachFile,If File Updated,11,ForEachFile,Succeeded,8→11,Yes,1,2
PL_ColleagueData_ASCP_RM,Set OLD_LUD,9,ForEachFile,If File Updated,11,ForEachFile,Succeeded,9→11,Yes,1,2
PL_ColleagueData_ASCP_RM,CD_Files,13,If File Updated→TRUE,CD_Update_WaterMark,12,If File Updated→TRUE,Succeeded,13→12,Yes,1,2
PL_ColleagueData_ASCP_RM,Yes_Updated,14,If File Updated→TRUE,CD_Files,13,If File Updated→TRUE,Succeeded,14→13,Yes,0,1
PL_ColleagueData_ASCP_RM,CD_ArchiveFile,16,If File Updated→TRUE,ASCP_RM,15,If File Updated→TRUE,Succeeded,16→15,Yes,3,4
PL_ColleagueData_ASCP_RM,CD_Update_WaterMark,12,If File Updated→TRUE,CD_ArchiveFile,16,If File Updated→TRUE,Succeeded,12→16,Yes,2,3
PL_ColleagueData_ASCP_RM,RootFolder,19,,FolderPath,20,,Succeeded,19→20,Yes,0,1
PL_ColleagueData_ASCP_RM,ForEachFile,6,,Done,21,,Succeeded,6→21,Yes,7,8
PL_ColleagueData_ASCP_RM,GetFileName,25,,NewFilename,22,,Succeeded,25→22,Yes,2,3
PL_ColleagueData_ASCP_RM,NewFilename,22,,SendLookup,23,,Succeeded,22→23,Yes,3,4
PL_ColleagueData_ASCP_RM,SendLookup,23,,Script1,24,,Succeeded,23→24,Yes,4,5
PL_ColleagueData_ASCP_RM,FolderPath,20,,GetFileName,25,,Succeeded,20→25,Yes,1,2
pl_NHS_PBI_Refresh,GetSecret,1,,TriggerPBIRefresh,2,,Succeeded,1→2,Yes,0,1
PL_SF_PRODH,df_SF_PRODH_US8X,3,,Done,2,,Succeeded,3→2,Yes,1,2
PL_SF_PRODH,df_SF_PRODH_US16,5,,Done,2,,Succeeded,5→2,Yes,1,2
PL_SF_PRODH,Get_PRODH,1,,df_SF_PRODH_US8X,3,,Succeeded,1→3,Yes,0,1
PL_SF_PRODH,Get_PRODH_US16,4,,df_SF_PRODH_US16,5,,Succeeded,4→5,Yes,0,1
PL_EBS_Recipe,Get_EBS_Recipe,1,,Push_EBS_Recipe,2,,Succeeded,1→2,Yes,0,1
PL_SF_EDW_LIKP,SEND_LIKP,3,,DONE_ASUP,1,,Succeeded,3→1,Yes,1,2
PL_SF_EDW_LIKP,GET_LIKP,2,,SEND_LIKP,3,,Succeeded,2→3,Yes,0,1
PL_SF_EDW_PRSCS_S6_CS_ERPAMS_LIKP_V-LIPS_V,SEND_LIKP_LIPS,3,,DONE_LIKP_LIPS,1,,Succeeded,3→1,Yes,1,2
PL_SF_EDW_PRSCS_S6_CS_ERPAMS_LIKP_V-LIPS_V,GET_LIKP_LIPS,2,,SEND_LIKP_LIPS,3,,Succeeded,2→3,Yes,0,1
PL_Load_GOL_Product_Mapping,GetClientSecret,1,,GetAuthToken,2,,Succeeded,1→2,Yes,0,1
PL_Load_GOL_Product_Mapping,GetAuthToken,2,,Web_GetFileLUD,3,,Succeeded,2→3,Yes,1,2
PL_Load_GOL_Product_Mapping,Web_GetFileLUD,3,,Set LUD,4,,Succeeded,3→4,Yes,2,3
PL_Load_GOL_Product_Mapping,Web_GetFileLUD,3,,Lookup_Old_LUD,5,,Succeeded,3→5,Yes,2,3
PL_Load_GOL_Product_Mapping,Lookup_Old_LUD,5,,Set OLD LUD,6,,Succeeded,5→6,Yes,3,4
PL_Load_GOL_Product_Mapping,Set LUD,4,,If File has been Updated,7,,Succeeded,4→7,Yes,3,5
PL_Load_GOL_Product_Mapping,Set OLD LUD,6,,If File has been Updated,7,,Succeeded,6→7,Yes,4,5
PL_Load_GOL_Product_Mapping,CD_SP_ADLS,8,If File has been Updated→TRUE,CD_ADLS_Syanpse,9,If File has been Updated→TRUE,Succeeded,8→9,Yes,0,1
PL_Load_GOL_Product_Mapping,Stage_To_Main,13,If File has been Updated→TRUE,CD_Update_WaterMark,10,If File has been Updated→TRUE,Succeeded,13→10,Yes,2,3
PL_Load_GOL_Product_Mapping,CD_Arch_FIles,12,If File has been Updated→TRUE,DeleteFiles,11,If File has been Updated→TRUE,Succeeded,12→11,Yes,4,5
PL_Load_GOL_Product_Mapping,CD_Update_WaterMark,10,If File has been Updated→TRUE,CD_Arch_FIles,12,If File has been Updated→TRUE,Succeeded,10→12,Yes,3,4
PL_Load_GOL_Product_Mapping,CD_ADLS_Syanpse,9,If File has been Updated→TRUE,Stage_To_Main,13,If File has been Updated→TRUE,Succeeded,9→13,Yes,1,2
PL_Load_Orgain_Product_Mapping,GetClientSecret,1,,GetAuthToken,2,,Succeeded,1→2,Yes,0,1
PL_Load_Orgain_Product_Mapping,GetAuthToken,2,,Web_GetFileLUD,3,,Succeeded,2→3,Yes,1,2
PL_Load_Orgain_Product_Mapping,Web_GetFileLUD,3,,Set LUD,4,,Succeeded,3→4,Yes,2,3
PL_Load_Orgain_Product_Mapping,Web_GetFileLUD,3,,Lookup_Old_LUD,5,,Succeeded,3→5,Yes,2,3
PL_Load_Orgain_Product_Mapping,Lookup_Old_LUD,5,,Set OLD LUD,6,,Succeeded,5→6,Yes,3,4
PL_Load_Orgain_Product_Mapping,Set LUD,4,,If File has been Updated,7,,Succeeded,4→7,Yes,3,5
PL_Load_Orgain_Product_Mapping,Set OLD LUD,6,,If File has been Updated,7,,Succeeded,6→7,Yes,4,5
PL_Load_Orgain_Product_Mapping,CD_SP_ADLS,8,If File has been Updated→TRUE,CD_ADLS_Syanpse,9,If File has been Updated→TRUE,Succeeded,8→9,Yes,0,1
PL_Load_Orgain_Product_Mapping,Stage_To_Main,13,If File has been Updated→TRUE,CD_Update_WaterMark,10,If File has been Updated→TRUE,Succeeded,13→10,Yes,2,3
PL_Load_Orgain_Product_Mapping,CD_Arch_FIles,12,If File has been Updated→TRUE,DeleteFiles,11,If File has been Updated→TRUE,Succeeded,12→11,Yes,4,5
PL_Load_Orgain_Product_Mapping,CD_Update_WaterMark,10,If File has been Updated→TRUE,CD_Arch_FIles,12,If File has been Updated→TRUE,Succeeded,10→12,Yes,3,4
PL_Load_Orgain_Product_Mapping,CD_ADLS_Syanpse,9,If File has been Updated→TRUE,Stage_To_Main,13,If File has been Updated→TRUE,Succeeded,9→13,Yes,1,2
PL_Load_Orgain_Customer_Mapping,GetClientSecret,1,,GetAuthToken,2,,Succeeded,1→2,Yes,0,1
PL_Load_Orgain_Customer_Mapping,GetAuthToken,2,,Web_GetFileLUD,3,,Succeeded,2→3,Yes,1,2
PL_Load_Orgain_Customer_Mapping,Web_GetFileLUD,3,,Set LUD,4,,Succeeded,3→4,Yes,2,3
PL_Load_Orgain_Customer_Mapping,Web_GetFileLUD,3,,Lookup_Old_LUD,5,,Succeeded,3→5,Yes,2,3
PL_Load_Orgain_Customer_Mapping,Lookup_Old_LUD,5,,Set OLD LUD,6,,Succeeded,5→6,Yes,3,4
PL_Load_Orgain_Customer_Mapping,Set LUD,4,,If File has been Updated,7,,Succeeded,4→7,Yes,3,5
PL_Load_Orgain_Customer_Mapping,Set OLD LUD,6,,If File has been Updated,7,,Succeeded,6→7,Yes,4,5
PL_Load_Orgain_Customer_Mapping,CD_SP_ADLS,8,If File has been Updated→TRUE,CD_ADLS_Syanpse,9,If File has been Updated→TRUE,Succeeded,8→9,Yes,0,1
PL_Load_Orgain_Customer_Mapping,Stage_To_Main,13,If File has been Updated→TRUE,CD_Update_WaterMark,10,If File has been Updated→TRUE,Succeeded,13→10,Yes,2,3
PL_Load_Orgain_Customer_Mapping,CD_Arch_FIles,12,If File has been Updated→TRUE,DeleteFiles,11,If File has been Updated→TRUE,Succeeded,12→11,Yes,4,5
PL_Load_Orgain_Customer_Mapping,CD_Update_WaterMark,10,If File has been Updated→TRUE,CD_Arch_FIles,12,If File has been Updated→TRUE,Succeeded,10→12,Yes,3,4
PL_Load_Orgain_Customer_Mapping,CD_ADLS_Syanpse,9,If File has been Updated→TRUE,Stage_To_Main,13,If File has been Updated→TRUE,Succeeded,9→13,Yes,1,2
PL_Load_GOL_Customer_Mapping,GetClientSecret,1,,GetAuthToken,2,,Succeeded,1→2,Yes,0,1
PL_Load_GOL_Customer_Mapping,GetAuthToken,2,,Web_GetFileLUD,3,,Succeeded,2→3,Yes,1,2
PL_Load_GOL_Customer_Mapping,Web_GetFileLUD,3,,Set LUD,4,,Succeeded,3→4,Yes,2,3
PL_Load_GOL_Customer_Mapping,Web_GetFileLUD,3,,Lookup_Old_LUD,5,,Succeeded,3→5,Yes,2,3
PL_Load_GOL_Customer_Mapping,Lookup_Old_LUD,5,,Set OLD LUD,6,,Succeeded,5→6,Yes,3,4
PL_Load_GOL_Customer_Mapping,Set LUD,4,,If File has been Updated,7,,Succeeded,4→7,Yes,3,5
PL_Load_GOL_Customer_Mapping,Set OLD LUD,6,,If File has been Updated,7,,Succeeded,6→7,Yes,4,5
PL_Load_GOL_Customer_Mapping,CD_SP_ADLS,8,If File has been Updated→TRUE,CD_ADLS_Syanpse,9,If File has been Updated→TRUE,Succeeded,8→9,Yes,0,1
PL_Load_GOL_Customer_Mapping,Stage_To_Main,13,If File has been Updated→TRUE,CD_Update_WaterMark,10,If File has been Updated→TRUE,Succeeded,13→10,Yes,2,3
PL_Load_GOL_Customer_Mapping,CD_Arch_FIles,12,If File has been Updated→TRUE,DeleteFiles,11,If File has been Updated→TRUE,Succeeded,12→11,Yes,4,5
PL_Load_GOL_Customer_Mapping,CD_Update_WaterMark,10,If File has been Updated→TRUE,CD_Arch_FIles,12,If File has been Updated→TRUE,Succeeded,10→12,Yes,3,4
PL_Load_GOL_Customer_Mapping,CD_ADLS_Syanpse,9,If File has been Updated→TRUE,Stage_To_Main,13,If File has been Updated→TRUE,Succeeded,9→13,Yes,1,2
PL_OTROrderData_WithGPS_EXT,Set MaxTime,3,,CD_IncrementalOrderData,2,,Succeeded,3→2,Yes,1,4
PL_OTROrderData_WithGPS_EXT,Set ArchiveContainer,8,,CD_IncrementalOrderData,2,,Succeeded,8→2,Yes,3,4
PL_OTROrderData_WithGPS_EXT,get_max_order_timestamp,1,,Set MaxTime,3,,Succeeded,1→3,Yes,0,1
PL_OTROrderData_WithGPS_EXT,CD_Update_WaterMark,10,,CD_ArchiveOrderData,4,,Succeeded,10→4,Yes,7,8
PL_OTROrderData_WithGPS_EXT,Set CurrentTimeStamp,5,,Set Container,6,,Succeeded,5→6,Yes,0,1
PL_OTROrderData_WithGPS_EXT,Set Container,6,,Set Path,7,,Succeeded,6→7,Yes,1,2
PL_OTROrderData_WithGPS_EXT,Set Path,7,,Set ArchiveContainer,8,,Succeeded,7→8,Yes,2,3
PL_OTROrderData_WithGPS_EXT,CD_IncrementalOrderData,2,,CD_ADLS_Synapse_Stage,9,,Succeeded,2→9,Yes,4,5
PL_OTROrderData_WithGPS_EXT,Stage_TO_Main,12,,CD_Update_WaterMark,10,,Succeeded,12→10,Yes,6,7
PL_OTROrderData_WithGPS_EXT,CD_ArchiveOrderData,4,,DeleteFiles,11,,Succeeded,4→11,Yes,8,9
PL_OTROrderData_WithGPS_EXT,CD_ADLS_Synapse_Stage,9,,Stage_TO_Main,12,,Succeeded,9→12,Yes,5,6
PL_OTROrderData_WithGPS_FullLoad,Date Range,1,,ForEach1,2,,Completed,1→2,Yes,0,1
PL_OTROrderData_WithGPS_FullLoad,Set MaxTime,4,ForEach1,CD_IncrementalOrderData,3,ForEach1,Succeeded,4→3,Yes,0,4
PL_OTROrderData_WithGPS_FullLoad,Set ArchiveContainer,9,ForEach1,CD_IncrementalOrderData,3,ForEach1,Succeeded,9→3,Yes,3,4
PL_OTROrderData_WithGPS_FullLoad,CD_Update_WaterMark,11,ForEach1,CD_ArchiveOrderData,5,ForEach1,Succeeded,11→5,Yes,7,8
PL_OTROrderData_WithGPS_FullLoad,Set CurrentTimeStamp,6,ForEach1,Set Container,7,ForEach1,Succeeded,6→7,Yes,0,1
PL_OTROrderData_WithGPS_FullLoad,Set Container,7,ForEach1,Set Path,8,ForEach1,Succeeded,7→8,Yes,1,2
PL_OTROrderData_WithGPS_FullLoad,Set Path,8,ForEach1,Set ArchiveContainer,9,ForEach1,Succeeded,8→9,Yes,2,3
PL_OTROrderData_WithGPS_FullLoad,CD_IncrementalOrderData,3,ForEach1,CD_ADLS_Synapse_Stage,10,ForEach1,Succeeded,3→10,Yes,4,5
PL_OTROrderData_WithGPS_FullLoad,Stage_TO_Main,13,ForEach1,CD_Update_WaterMark,11,ForEach1,Succeeded,13→11,Yes,6,7
PL_OTROrderData_WithGPS_FullLoad,CD_ArchiveOrderData,5,ForEach1,DeleteFiles,12,ForEach1,Succeeded,5→12,Yes,8,9
PL_OTROrderData_WithGPS_FullLoad,CD_ADLS_Synapse_Stage,10,ForEach1,Stage_TO_Main,13,ForEach1,Succeeded,10→13,Yes,5,6
PL_OTROrderData_WithGPS_FullLoad,Set ArchiveContainer,9,ForEach1,CD_IncrementalOrderData_EXT,14,ForEach1,Succeeded,9→14,Yes,3,4
PL_OTROrderData_WithGPS_FullLoad,CD_Update_WaterMark_EXT,17,ForEach1,CD_ArchiveOrderData_EXT,15,ForEach1,Succeeded,17→15,Yes,7,8
PL_OTROrderData_WithGPS_FullLoad,CD_IncrementalOrderData_EXT,14,ForEach1,CD_ADLS_Synapse_Stage_EXT,16,ForEach1,Succeeded,14→16,Yes,4,5
PL_OTROrderData_WithGPS_FullLoad,Stage_TO_Main_EXT,19,ForEach1,CD_Update_WaterMark_EXT,17,ForEach1,Succeeded,19→17,Yes,6,7
PL_OTROrderData_WithGPS_FullLoad,CD_ArchiveOrderData_EXT,15,ForEach1,DeleteFiles_EXT,18,ForEach1,Succeeded,15→18,Yes,8,9
PL_OTROrderData_WithGPS_FullLoad,CD_ADLS_Synapse_Stage_EXT,16,ForEach1,Stage_TO_Main_EXT,19,ForEach1,Succeeded,16→19,Yes,5,6
PL_OTROrderData_WithGPS,Set MaxTime,3,,CD_IncrementalOrderData,2,,Succeeded,3→2,Yes,1,4
PL_OTROrderData_WithGPS,Set ArchiveContainer,8,,CD_IncrementalOrderData,2,,Succeeded,8→2,Yes,3,4
PL_OTROrderData_WithGPS,get_max_order_timestamp,1,,Set MaxTime,3,,Succeeded,1→3,Yes,0,1
PL_OTROrderData_WithGPS,CD_Update_WaterMark,10,,CD_ArchiveOrderData,4,,Succeeded,10→4,Yes,7,8
PL_OTROrderData_WithGPS,Set CurrentTimeStamp,5,,Set Container,6,,Succeeded,5→6,Yes,0,1
PL_OTROrderData_WithGPS,Set Container,6,,Set Path,7,,Succeeded,6→7,Yes,1,2
PL_OTROrderData_WithGPS,Set Path,7,,Set ArchiveContainer,8,,Succeeded,7→8,Yes,2,3
PL_OTROrderData_WithGPS,CD_IncrementalOrderData,2,,CD_ADLS_Synapse_Stage,9,,Succeeded,2→9,Yes,4,5
PL_OTROrderData_WithGPS,Stage_TO_Main,12,,CD_Update_WaterMark,10,,Succeeded,12→10,Yes,6,7
PL_OTROrderData_WithGPS,CD_ArchiveOrderData,4,,DeleteFiles,11,,Succeeded,4→11,Yes,8,9
PL_OTROrderData_WithGPS,CD_ADLS_Synapse_Stage,9,,Stage_TO_Main,12,,Succeeded,9→12,Yes,5,6
PL_DAYFIVE_SALE_FORECAST_DATA,Execute Pipeline Sharepoint to ADLS,1,,GetMetadata,2,,Succeeded,1→2,Yes,0,1
PL_DAYFIVE_SALE_FORECAST_DATA,GetMetadata,2,,IfFileExistsOrModifiedADLS,3,,Succeeded,2→3,Yes,1,2
PL_DAYFIVE_SALE_FORECAST_DATA,Execute data flow Day Five sale Forecast,4,IfFileExistsOrModifiedADLS→TRUE,CP_archive,5,IfFileExistsOrModifiedADLS→TRUE,Succeeded,4→5,Yes,0,1
PL_Process_GOL_SOLGAR_MC_Files,df_MC_Data,2,Switch1→CASE[GOL_Solgar_MC_DATA],UpdatePartyTable,3,Switch1→CASE[GOL_Solgar_MC_DATA],Succeeded,2→3,Yes,0,1
pl_OTR_WithGPS_Master,PL_OTROrderData_WithGPS,1,,PL_OTROrderData_WithGPS_EXT,2,,Succeeded,1→2,Yes,0,1
PL_GOL_SOLGAR_MC_Files,Time,12,,ForEachFile,2,,Succeeded,12→2,Yes,0,2
PL_GOL_SOLGAR_MC_Files,Year,14,,ForEachFile,2,,Succeeded,14→2,Yes,0,2
PL_GOL_SOLGAR_MC_Files,Month,13,,ForEachFile,2,,Succeeded,13→2,Yes,0,2
PL_GOL_SOLGAR_MC_Files,LookupFilesToCopy,1,,ForEachFile,2,,Succeeded,1→2,Yes,0,2
PL_GOL_SOLGAR_MC_Files,GetAuthToken,15,,ForEachFile,2,,Succeeded,15→2,Yes,1,2
PL_GOL_SOLGAR_MC_Files,Web_GetFileLUD,11,ForEachFile,Set LUD,3,ForEachFile,Succeeded,11→3,Yes,0,1
PL_GOL_SOLGAR_MC_Files,Set LUD,3,ForEachFile,If File has been Updated,5,ForEachFile,Succeeded,3→5,Yes,1,2
PL_GOL_SOLGAR_MC_Files,Set OLD LUD,10,ForEachFile,If File has been Updated,5,ForEachFile,Succeeded,10→5,Yes,1,2
PL_GOL_SOLGAR_MC_Files,CD_Files,6,If File has been Updated→TRUE,CD_Archive_Files,7,If File has been Updated→TRUE,Succeeded,6→7,Yes,0,1
PL_GOL_SOLGAR_MC_Files,CD_Archive_Files,7,If File has been Updated→TRUE,CD_Update_WaterMark,8,If File has been Updated→TRUE,Succeeded,7→8,Yes,1,2
PL_GOL_SOLGAR_MC_Files,PL_Process_GOL_SOLGAR_MC_Files,9,If File has been Updated→TRUE,CD_Update_WaterMark,8,If File has been Updated→TRUE,Succeeded,9→8,Yes,1,2
PL_GOL_SOLGAR_MC_Files,CD_Files,6,If File has been Updated→TRUE,PL_Process_GOL_SOLGAR_MC_Files,9,If File has been Updated→TRUE,Succeeded,6→9,Yes,0,1
PL_GOL_SOLGAR_MC_Files,Lookup_Old_LUD,4,ForEachFile,Set OLD LUD,10,ForEachFile,Succeeded,4→10,Yes,0,1
PL_GOL_SOLGAR_MC_Files,GetClientSecret,16,,GetAuthToken,15,,Succeeded,16→15,Yes,0,1
